update_id,segment,window_start,window_effective,window_end,id,ticker,pool_version,transaction_hash,log_index,block_number,timestamp,date,direction,amount0_raw,amount1_raw,stock_delta,stablecoin_delta,stock_bought,stablecoin_bought
4663:0x6d72ca599d812b9eb483fa82ba204e6d079e981b675669c9b659b7fac8adff35:97,pre_effective,2026-08-14T15:03:06+00:00,2026-08-14T15:12:46+00:00,2026-08-14T15:22:26+00:00,4663:0x3543e32b945140dec7ac17ae94796b57c144a8681efb83406a2840b7bc891e97:20,AAPL,v4,0x3543e32b945140dec7ac17ae94796b57c144a8681efb83406a2840b7bc891e97,20,36345983,2026-08-14T15:04:11+00:00,2026-08-14,buy_stablecoin,124589589,-408657729696328035,0.408657729696328035,-124.589589,0,124.589589
4663:0x6d72ca599d812b9eb483fa82ba204e6d079e981b675669c9b659b7fac8adff35:97,pre_effective,2026-08-14T15:03:06+00:00,2026-08-14T15:12:46+00:00,2026-08-14T15:22:26+00:00,4663:0xd67e255d5c7d43e44cb0f178297d4061bd51996db55531d194fd3b069c249989:99,AAPL,v4,0xd67e255d5c7d43e44cb0f178297d4061bd51996db55531d194fd3b069c249989,99,36348476,2026-08-14T15:08:20+00:00,2026-08-14,buy_stablecoin,570846938,-1872753840485682572,1.872753840485682572,-570.846938,0,570.846938
4663:0x6d72ca599d812b9eb483fa82ba204e6d079e981b675669c9b659b7fac8adff35:97,pre_effective,2026-08-14T15:03:06+00:00,2026-08-14T15:12:46+00:00,2026-08-14T15:22:26+00:00,4663:0x39c7abe712619a9a3d14856d6979242d5de9561c47df10cb8b95d048a568f4cd:49,AAPL,v4,0x39c7abe712619a9a3d14856d6979242d5de9561c47df10cb8b95d048a568f4cd,49,36348548,2026-08-14T15:08:27+00:00,2026-08-14,buy_stablecoin,1089492,-3574815092875464,0.003574815092875464,-1.089492,0,1.089492
4663:0x6d72ca599d812b9eb483fa82ba204e6d079e981b675669c9b659b7fac8adff35:97,pre_effective,2026-08-14T15:03:06+00:00,2026-08-14T15:12:46+00:00,2026-08-14T15:22:26+00:00,4663:0x41929cf518e75fe8579b1d010bf7a8bc176f76f78cb3fb7475f8ebdbcd2469eb:1,AAPL,v4,0x41929cf518e75fe8579b1d010bf7a8bc176f76f78cb3fb7475f8ebdbcd2469eb,1,36348852,2026-08-14T15:08:58+00:00,2026-08-14,buy_stablecoin,416177693,-1365708358259675136,1.365708358259675136,-416.177693,0,416.177693
4663:0x6d72ca599d812b9eb483fa82ba204e6d079e981b675669c9b659b7fac8adff35:97,pre_effective,2026-08-14T15:03:06+00:00,2026-08-14T15:12:46+00:00,2026-08-14T15:22:26+00:00,4663:0x60bd90969138aff1715f9384717b7472be707c61d9676fe3aac01a4f93bc89d3:12,AAPL,v4,0x60bd90969138aff1715f9384717b7472be707c61d9676fe3aac01a4f93bc89d3,12,36348855,2026-08-14T15:08:58+00:00,2026-08-14,buy_stablecoin,464570686,-1524881802835013819,1.524881802835013819,-464.570686,0,464.570686
4663:0x6d72ca599d812b9eb483fa82ba204e6d079e981b675669c9b659b7fac8adff35:97,pre_effective,2026-08-14T15:03:06+00:00,2026-08-14T15:12:46+00:00,2026-08-14T15:22:26+00:00,4663:0x1e03f8daa85b2ba23e0673bef27b66accf467a858f6b7cc7817972e0ce18e5e7:4,AAPL,v4,0x1e03f8daa85b2ba23e0673bef27b66accf467a858f6b7cc7817972e0ce18e5e7,4,36349170,2026-08-14T15:09:30+00:00,2026-08-14,buy_stablecoin,382322985,-1255208768932336088,1.255208768932336088,-382.322985,0,382.322985
4663:0x6d72ca599d812b9eb483fa82ba204e6d079e981b675669c9b659b7fac8adff35:97,pre_effective,2026-08-14T15:03:06+00:00,2026-08-14T15:12:46+00:00,2026-08-14T15:22:26+00:00,4663:0x52dee93465f1873b7d9259b848a4091413b11a1dbe88f18fd798ff6e66fdaa2c:1,AAPL,v4,0x52dee93465f1873b7d9259b848a4091413b11a1dbe88f18fd798ff6e66fdaa2c,1,36350013,2026-08-14T15:10:55+00:00,2026-08-14,buy_stablecoin,352858784,-1158708867129198298,1.158708867129198298,-352.858784,0,352.858784
4663:0x6d72ca599d812b9eb483fa82ba204e6d079e981b675669c9b659b7fac8adff35:97,pre_effective,2026-08-14T15:03:06+00:00,2026-08-14T15:12:46+00:00,2026-08-14T15:22:26+00:00,4663:0x542d350fdeba1afa01c32551791e267ccff1815b996a88c70a9384744c0da4f1:10,AAPL,v4,0x542d350fdeba1afa01c32551791e267ccff1815b996a88c70a9384744c0da4f1,10,36350815,2026-08-14T15:12:15+00:00,2026-08-14,buy_stablecoin,151789799,-498512766561709794,0.498512766561709794,-151.789799,0,151.789799
4663:0x6d72ca599d812b9eb483fa82ba204e6d079e981b675669c9b659b7fac8adff35:97,post_effective,2026-08-14T15:03:06+00:00,2026-08-14T15:12:46+00:00,2026-08-14T15:22:26+00:00,4663:0x8bb000e9e1ee24a2eac16134935ef16c0dc6d02e128647197b253b6656ad1275:25,AAPL,v4,0x8bb000e9e1ee24a2eac16134935ef16c0dc6d02e128647197b253b6656ad1275,25,36351364,2026-08-14T15:13:09+00:00,2026-08-14,buy_stablecoin,55793044,-183247711478657583,0.183247711478657583,-55.793044,0,55.793044
4663:0x6d72ca599d812b9eb483fa82ba204e6d079e981b675669c9b659b7fac8adff35:97,post_effective,2026-08-14T15:03:06+00:00,2026-08-14T15:12:46+00:00,2026-08-14T15:22:26+00:00,4663:0x2b066b005c564c37beeed1a774bd0f75ceb440a5db05080ef295e5d365b64703:10,AAPL,v4,0x2b066b005c564c37beeed1a774bd0f75ceb440a5db05080ef295e5d365b64703,10,36351710,2026-08-14T15:13:44+00:00,2026-08-14,buy_stock,-5000000,16307600228256621,-0.016307600228256621,5,0.016307600228256621,0
4663:0x6d72ca599d812b9eb483fa82ba204e6d079e981b675669c9b659b7fac8adff35:97,post_effective,2026-08-14T15:03:06+00:00,2026-08-14T15:12:46+00:00,2026-08-14T15:22:26+00:00,4663:0x36f1468f43601bdf3570ececa95bcc80c87d1100f55643dde1633752c7828b95:30,AAPL,v4,0x36f1468f43601bdf3570ececa95bcc80c87d1100f55643dde1633752c7828b95,30,36352252,2026-08-14T15:14:38+00:00,2026-08-14,buy_stablecoin,88153339,-289543142970802429,0.289543142970802429,-88.153339,0,88.153339
4663:0x4ac23f2e58e2c4962dcd701c2beff581e87f3995152a29d527c07a3afd67d956:0,pre_effective,2026-09-09T23:50:42+00:00,2026-09-10T00:00:30+00:00,2026-09-10T00:10:18+00:00,4663:0x12cfa826654f7036c4fc028227280f39c58724fbb5c5da29f6f15383b9ff436b:8,NVDA,v3,0x12cfa826654f7036c4fc028227280f39c58724fbb5c5da29f6f15383b9ff436b,8,58952732,2026-09-09T23:50:49+00:00,2026-09-09,buy_stock,2441987,-10913682301608689,-0.010913682301608689,2.441987,0.010913682301608689,0
4663:0x4ac23f2e58e2c4962dcd701c2beff581e87f3995152a29d527c07a3afd67d956:0,pre_effective,2026-09-09T23:50:42+00:00,2026-09-10T00:00:30+00:00,2026-09-10T00:10:18+00:00,4663:0x2011a026a22913839d87df762ada5d501dcf5e4fd22c8701e510eba131948e4e:63,NVDA,v3,0x2011a026a22913839d87df762ada5d501dcf5e4fd22c8701e510eba131948e4e,63,58952734,2026-09-09T23:50:49+00:00,2026-09-09,buy_stablecoin,-1638141,7328478347870399,0.007328478347870399,-1.638141,0,1.638141
4663:0x4ac23f2e58e2c4962dcd701c2beff581e87f3995152a29d527c07a3afd67d956:0,pre_effective,2026-09-09T23:50:42+00:00,2026-09-10T00:00:30+00:00,2026-09-10T00:10:18+00:00,4663:0xd3dd17980b4a03a6f1ce66b3ed61e7a4c18af5f3dd23408d7e38a2123891de9f:94,NVDA,v3,0xd3dd17980b4a03a6f1ce66b3ed61e7a4c18af5f3dd23408d7e38a2123891de9f,94,58952748,2026-09-09T23:50:51+00:00,2026-09-09,buy_stablecoin,-78543067,351374537737779844,0.351374537737779844,-78.543067,0,78.543067
4663:0x4ac23f2e58e2c4962dcd701c2beff581e87f3995152a29d527c07a3afd67d956:0,pre_effective,2026-09-09T23:50:42+00:00,2026-09-10T00:00:30+00:00,2026-09-10T00:10:18+00:00,4663:0x0b36853aa345f8d701af7b4a19bca029ee3b7c8a70d4aaaae8aa588511ae051a:7,NVDA,v3,0x0b36853aa345f8d701af7b4a19bca029ee3b7c8a70d4aaaae8aa588511ae051a,7,58952811,2026-09-09T23:50:57+00:00,2026-09-09,buy_stock,9551574,-42687725738913465,-0.042687725738913465,9.551574,0.042687725738913465,0
4663:0x4ac23f2e58e2c4962dcd701c2beff581e87f3995152a29d527c07a3afd67d956:0,pre_effective,2026-09-09T23:50:42+00:00,2026-09-10T00:00:30+00:00,2026-09-10T00:10:18+00:00,4663:0xfb79f20f2f8b3558a848b33bc6d0c6b98be979df875394bc2ab8836f6a4f3fbf:16,NVDA,v3,0xfb79f20f2f8b3558a848b33bc6d0c6b98be979df875394bc2ab8836f6a4f3fbf,16,58952825,2026-09-09T23:50:59+00:00,2026-09-09,buy_stablecoin,-2862208,12804534692541783,0.012804534692541783,-2.862208,0,2.862208
4663:0x4ac23f2e58e2c4962dcd701c2beff581e87f3995152a29d527c07a3afd67d956:0,pre_effective,2026-09-09T23:50:42+00:00,2026-09-10T00:00:30+00:00,2026-09-10T00:10:18+00:00,4663:0xa2a431428fa9da2b0850935ae0c6355676527406f256ce1c1c8a87e1d06ff612:21,NVDA,v3,0xa2a431428fa9da2b0850935ae0c6355676527406f256ce1c1c8a87e1d06ff612,21,58952887,2026-09-09T23:51:05+00:00,2026-09-09,buy_stablecoin,-15430776,69031970108346433,0.069031970108346433,-15.430776,0,15.430776
4663:0x4ac23f2e58e2c4962dcd701c2beff581e87f3995152a29d527c07a3afd67d956:0,pre_effective,2026-09-09T23:50:42+00:00,2026-09-10T00:00:30+00:00,2026-09-10T00:10:18+00:00,4663:0x34bed5fa267bfda1fc81f2906057f7a377cd7391dc66e69649c0eeb483dfb682:31,NVDA,v3,0x34bed5fa267bfda1fc81f2906057f7a377cd7391dc66e69649c0eeb483dfb682,31,58952984,2026-09-09T23:51:13+00:00,2026-09-09,buy_stock,146517781,-654814544067871917,-0.654814544067871917,146.517781,0.654814544067871917,0
4663:0x4ac23f2e58e2c4962dcd701c2beff581e87f3995152a29d527c07a3afd67d956:0,pre_effective,2026-09-09T23:50:42+00:00,2026-09-10T00:00:30+00:00,2026-09-10T00:10:18+00:00,4663:0xc7e70aa0c9876540d801c73c998f33cd5bc207f399e61dfd8d4b7ecfc25a4b8d:78,NVDA,v3,0xc7e70aa0c9876540d801c73c998f33cd5bc207f399e61dfd8d4b7ecfc25a4b8d,78,58952984,2026-09-09T23:51:13+00:00,2026-09-09,buy_stablecoin,-484880796,2169190280794533590,2.16919028079453359,-484.880796,0,484.880796
4663:0x4ac23f2e58e2c4962dcd701c2beff581e87f3995152a29d527c07a3afd67d956:0,pre_effective,2026-09-09T23:50:42+00:00,2026-09-10T00:00:30+00:00,2026-09-10T00:10:18+00:00,4663:0xeaa567f3af06df3656fd8cb26aaeef8d0fab9287916ea2e804a328dbeb90f871:10,NVDA,v3,0xeaa567f3af06df3656fd8cb26aaeef8d0fab9287916ea2e804a328dbeb90f871,10,58953198,2026-09-09T23:51:35+00:00,2026-09-09,buy_stablecoin,-31379537,140381417401798019,0.140381417401798019,-31.379537,0,31.379537
4663:0x4ac23f2e58e2c4962dcd701c2beff581e87f3995152a29d527c07a3afd67d956:0,pre_effective,2026-09-09T23:50:42+00:00,2026-09-10T00:00:30+00:00,2026-09-10T00:10:18+00:00,4663:0xfc7d31a4eb356f6e42c805f8bc8fa905e49f830c1a8135524badf30941c1e36f:9,NVDA,v3,0xfc7d31a4eb356f6e42c805f8bc8fa905e49f830c1a8135524badf30941c1e36f,9,58953257,2026-09-09T23:51:41+00:00,2026-09-09,buy_stock,42746784,-191043434750293137,-0.191043434750293137,42.746784,0.191043434750293137,0
4663:0x4ac23f2e58e2c4962dcd701c2beff581e87f3995152a29d527c07a3afd67d956:0,pre_effective,2026-09-09T23:50:42+00:00,2026-09-10T00:00:30+00:00,2026-09-10T00:10:18+00:00,4663:0xe2412fce0b9a3968e9bd42793d7c47e5cacc37eedb48a0940195e6aa638bba29:13,NVDA,v3,0xe2412fce0b9a3968e9bd42793d7c47e5cacc37eedb48a0940195e6aa638bba29,13,58953333,2026-09-09T23:51:49+00:00,2026-09-09,buy_stock,12203262,-54538671451195348,-0.054538671451195348,12.203262,0.054538671451195348,0
4663:0x4ac23f2e58e2c4962dcd701c2beff581e87f3995152a29d527c07a3afd67d956:0,pre_effective,2026-09-09T23:50:42+00:00,2026-09-10T00:00:30+00:00,2026-09-10T00:10:18+00:00,4663:0x5276ef59a8003fdf704153903b7db720dacb70b651b220e04e65e7dcb6b2c61f:53,NVDA,v3,0x5276ef59a8003fdf704153903b7db720dacb70b651b220e04e65e7dcb6b2c61f,53,58953333,2026-09-09T23:51:49+00:00,2026-09-09,buy_stock,12203258,-54538651049845320,-0.05453865104984532,12.203258,0.05453865104984532,0
4663:0x4ac23f2e58e2c4962dcd701c2beff581e87f3995152a29d527c07a3afd67d956:0,pre_effective,2026-09-09T23:50:42+00:00,2026-09-10T00:00:30+00:00,2026-09-10T00:10:18+00:00,4663:0xeddc16f25f92d1fd3f246d408c8ef0a2de29751f7c2faa5aa21ae75d2fbbaa4a:23,NVDA,v3,0xeddc16f25f92d1fd3f246d408c8ef0a2de29751f7c2faa5aa21ae75d2fbbaa4a,23,58953362,2026-09-09T23:51:52+00:00,2026-09-09,buy_stock,244260610,-1091646024724228461,-1.091646024724228461,244.26061,1.091646024724228461,0
4663:0x4ac23f2e58e2c4962dcd701c2beff581e87f3995152a29d527c07a3afd67d956:0,pre_effective,2026-09-09T23:50:42+00:00,2026-09-10T00:00:30+00:00,2026-09-10T00:10:18+00:00,4663:0xeb1d4ee6ad454f315a7f2d10f9a44cdc4330120a3e43be4fb082a16b73366325:14,NVDA,v3,0xeb1d4ee6ad454f315a7f2d10f9a44cdc4330120a3e43be4fb082a16b73366325,14,58953375,2026-09-09T23:51:53+00:00,2026-09-09,buy_stablecoin,-32531210,145533461928657538,0.145533461928657538,-32.53121,0,32.53121
4663:0x4ac23f2e58e2c4962dcd701c2beff581e87f3995152a29d527c07a3afd67d956:0,pre_effective,2026-09-09T23:50:42+00:00,2026-09-10T00:00:30+00:00,2026-09-10T00:10:18+00:00,4663:0xb9cc4ce9ee7cc04c4c8903f71aceb374b05c422835f83618559401889c7c9ce4:55,NVDA,v3,0xb9cc4ce9ee7cc04c4c8903f71aceb374b05c422835f83618559401889c7c9ce4,55,58953451,2026-09-09T23:52:01+00:00,2026-09-09,buy_stablecoin,-280435706,1254573750914239601,1.254573750914239601,-280.435706,0,280.435706
4663:0x4ac23f2e58e2c4962dcd701c2beff581e87f3995152a29d527c07a3afd67d956:0,pre_effective,2026-09-09T23:50:42+00:00,2026-09-10T00:00:30+00:00,2026-09-10T00:10:18+00:00,4663:0x4c64c75050fce580ce53e2ed95d0d9ae98284ee3e82007b64335281eccb95310:31,NVDA,v3,0x4c64c75050fce580ce53e2ed95d0d9ae98284ee3e82007b64335281eccb95310,31,58953465,2026-09-09T23:52:02+00:00,2026-09-09,buy_stock,23666197,-105768697047249397,-0.105768697047249397,23.666197,0.105768697047249397,0
4663:0x4ac23f2e58e2c4962dcd701c2beff581e87f3995152a29d527c07a3afd67d956:0,pre_effective,2026-09-09T23:50:42+00:00,2026-09-10T00:00:30+00:00,2026-09-10T00:10:18+00:00,4663:0x2828be42d088008d29104b17d5dabc63b5ae7a56cc6270b11089fc04ec646e9c:24,NVDA,v3,0x2828be42d088008d29104b17d5dabc63b5ae7a56cc6270b11089fc04ec646e9c,24,58953588,2026-09-09T23:52:15+00:00,2026-09-09,buy_stock,9388527,-41959093210306492,-0.041959093210306492,9.388527,0.041959093210306492,0
4663:0x4ac23f2e58e2c4962dcd701c2beff581e87f3995152a29d527c07a3afd67d956:0,pre_effective,2026-09-09T23:50:42+00:00,2026-09-10T00:00:30+00:00,2026-09-10T00:10:18+00:00,4663:0xc322b7c47551845bf69e999d9c07e9c6d6cc403ee5f916132d4ab59b70aa9266:23,NVDA,v3,0xc322b7c47551845bf69e999d9c07e9c6d6cc403ee5f916132d4ab59b70aa9266,23,58953605,2026-09-09T23:52:16+00:00,2026-09-09,buy_stock,3419709,-15283322971057740,-0.01528332297105774,3.419709,0.01528332297105774,0
4663:0x4ac23f2e58e2c4962dcd701c2beff581e87f3995152a29d527c07a3afd67d956:0,pre_effective,2026-09-09T23:50:42+00:00,2026-09-10T00:00:30+00:00,2026-09-10T00:10:18+00:00,4663:0xe633b05fb566497008bc06b5f0b45c74c8bac1e86679b68672b57b1e0210420d:20,NVDA,v3,0xe633b05fb566497008bc06b5f0b45c74c8bac1e86679b68672b57b1e0210420d,20,58953963,2026-09-09T23:52:53+00:00,2026-09-09,buy_stock,73282872,-327514907765204656,-0.327514907765204656,73.282872,0.327514907765204656,0
4663:0x4ac23f2e58e2c4962dcd701c2beff581e87f3995152a29d527c07a3afd67d956:0,pre_effective,2026-09-09T23:50:42+00:00,2026-09-10T00:00:30+00:00,2026-09-10T00:10:18+00:00,4663:0x272759a41f74de2868eecd71d96f5bcaeaf238f140fb61851e0eff8575799f47:13,NVDA,v3,0x272759a41f74de2868eecd71d96f5bcaeaf238f140fb61851e0eff8575799f47,13,58954036,2026-09-09T23:53:00+00:00,2026-09-09,buy_stablecoin,-102754128,459687085158618918,0.459687085158618918,-102.754128,0,102.754128
4663:0x4ac23f2e58e2c4962dcd701c2beff581e87f3995152a29d527c07a3afd67d956:0,pre_effective,2026-09-09T23:50:42+00:00,2026-09-10T00:00:30+00:00,2026-09-10T00:10:18+00:00,4663:0x058c382fd160431cb4b94de555dde1d880defe77f24df98ba9c5a33eaa453d78:30,NVDA,v3,0x058c382fd160431cb4b94de555dde1d880defe77f24df98ba9c5a33eaa453d78,30,58954036,2026-09-09T23:53:00+00:00,2026-09-09,buy_stablecoin,-99905273,446942448615386334,0.446942448615386334,-99.905273,0,99.905273
4663:0x4ac23f2e58e2c4962dcd701c2beff581e87f3995152a29d527c07a3afd67d956:0,pre_effective,2026-09-09T23:50:42+00:00,2026-09-10T00:00:30+00:00,2026-09-10T00:10:18+00:00,4663:0xff53dab9c3e6ef6aefb931e54619fc3a2bd10e2589802688b6af5631f961ec85:43,NVDA,v3,0xff53dab9c3e6ef6aefb931e54619fc3a2bd10e2589802688b6af5631f961ec85,43,58954042,2026-09-09T23:53:01+00:00,2026-09-09,buy_stock,195429254,-873410242686484744,-0.873410242686484744,195.429254,0.873410242686484744,0
4663:0x4ac23f2e58e2c4962dcd701c2beff581e87f3995152a29d527c07a3afd67d956:0,pre_effective,2026-09-09T23:50:42+00:00,2026-09-10T00:00:30+00:00,2026-09-10T00:10:18+00:00,4663:0x1a49b0668a791e9f81e4182473d8196ed8231c60adfaa728454e5a8475358a82:8,NVDA,v3,0x1a49b0668a791e9f81e4182473d8196ed8231c60adfaa728454e5a8475358a82,8,58954123,2026-09-09T23:53:09+00:00,2026-09-09,buy_stock,153295603,-685106548377811429,-0.685106548377811429,153.295603,0.685106548377811429,0
4663:0x4ac23f2e58e2c4962dcd701c2beff581e87f3995152a29d527c07a3afd67d956:0,pre_effective,2026-09-09T23:50:42+00:00,2026-09-10T00:00:30+00:00,2026-09-10T00:10:18+00:00,4663:0xabc9e460d5993c43fe3390b87d532726fe1aa5c232a8fe33dde5fcdc88b45b80:13,NVDA,v3,0xabc9e460d5993c43fe3390b87d532726fe1aa5c232a8fe33dde5fcdc88b45b80,13,58954126,2026-09-09T23:53:09+00:00,2026-09-09,buy_stablecoin,-14264321,63813685663975110,0.06381368566397511,-14.264321,0,14.264321
4663:0x4ac23f2e58e2c4962dcd701c2beff581e87f3995152a29d527c07a3afd67d956:0,pre_effective,2026-09-09T23:50:42+00:00,2026-09-10T00:00:30+00:00,2026-09-10T00:10:18+00:00,4663:0x096013c8b0a528b9ad4c1ef0ce86de556710a2bec113089ebfe0d3d67b702c7a:15,NVDA,v3,0x096013c8b0a528b9ad4c1ef0ce86de556710a2bec113089ebfe0d3d67b702c7a,15,58954176,2026-09-09T23:53:14+00:00,2026-09-09,buy_stablecoin,-43737007,195664403499455261,0.195664403499455261,-43.737007,0,43.737007
4663:0x4ac23f2e58e2c4962dcd701c2beff581e87f3995152a29d527c07a3afd67d956:0,pre_effective,2026-09-09T23:50:42+00:00,2026-09-10T00:00:30+00:00,2026-09-10T00:10:18+00:00,4663:0x901eded950d725314148cde3d6f5b395a584287f13e94c5534f284f767c23f24:8,NVDA,v3,0x901eded950d725314148cde3d6f5b395a584287f13e94c5534f284f767c23f24,8,58954239,2026-09-09T23:53:21+00:00,2026-09-09,buy_stock,9900000,-44244936585250794,-0.044244936585250794,9.9,0.044244936585250794,0
4663:0x4ac23f2e58e2c4962dcd701c2beff581e87f3995152a29d527c07a3afd67d956:0,pre_effective,2026-09-09T23:50:42+00:00,2026-09-10T00:00:30+00:00,2026-09-10T00:10:18+00:00,4663:0x6cb7303c8fe9c0f08bb5693734e60bf14b66fff9843358c360ebe0abb51741c3:8,NVDA,v3,0x6cb7303c8fe9c0f08bb5693734e60bf14b66fff9843358c360ebe0abb51741c3,8,58954285,2026-09-09T23:53:25+00:00,2026-09-09,buy_stock,317571769,-1419286270661983202,-1.419286270661983202,317.571769,1.419286270661983202,0
4663:0x4ac23f2e58e2c4962dcd701c2beff581e87f3995152a29d527c07a3afd67d956:0,pre_effective,2026-09-09T23:50:42+00:00,2026-09-10T00:00:30+00:00,2026-09-10T00:10:18+00:00,4663:0xc3a254dbd18c59c86509b7380fe7e24bc729723145d5d9699065b861b764fa83:18,NVDA,v3,0xc3a254dbd18c59c86509b7380fe7e24bc729723145d5d9699065b861b764fa83,18,58954597,2026-09-09T23:53:57+00:00,2026-09-09,buy_stock,90309516,-403609418654657818,-0.403609418654657818,90.309516,0.403609418654657818,0
4663:0x4ac23f2e58e2c4962dcd701c2beff581e87f3995152a29d527c07a3afd67d956:0,pre_effective,2026-09-09T23:50:42+00:00,2026-09-10T00:00:30+00:00,2026-09-10T00:10:18+00:00,4663:0x704370ea644d2cf3120d506eaf1ff39ac9fa1241f13e3ea0da706c715cfda9e4:35,NVDA,v3,0x704370ea644d2cf3120d506eaf1ff39ac9fa1241f13e3ea0da706c715cfda9e4,35,58954662,2026-09-09T23:54:03+00:00,2026-09-09,buy_stablecoin,-6365652,28477707645473903,0.028477707645473903,-6.365652,0,6.365652
4663:0x4ac23f2e58e2c4962dcd701c2beff581e87f3995152a29d527c07a3afd67d956:0,pre_effective,2026-09-09T23:50:42+00:00,2026-09-10T00:00:30+00:00,2026-09-10T00:10:18+00:00,4663:0x2f05e5a4af01ce66b7dd35cf2daa29d49fe05282c1c37718f63a94a1be520956:14,NVDA,v3,0x2f05e5a4af01ce66b7dd35cf2daa29d49fe05282c1c37718f63a94a1be520956,14,58954830,2026-09-09T23:54:20+00:00,2026-09-09,buy_stablecoin,-24386150,109095134812390643,0.109095134812390643,-24.38615,0,24.38615
4663:0x4ac23f2e58e2c4962dcd701c2beff581e87f3995152a29d527c07a3afd67d956:0,pre_effective,2026-09-09T23:50:42+00:00,2026-09-10T00:00:30+00:00,2026-09-10T00:10:18+00:00,4663:0x5132903542253824d9e8d52528dd5d76f60470be6af8fbd788b65ef2b8b1b980:27,NVDA,v3,0x5132903542253824d9e8d52528dd5d76f60470be6af8fbd788b65ef2b8b1b980,27,58954927,2026-09-09T23:54:30+00:00,2026-09-09,buy_stock,49708043,-222154119622802955,-0.222154119622802955,49.708043,0.222154119622802955,0
4663:0x4ac23f2e58e2c4962dcd701c2beff581e87f3995152a29d527c07a3afd67d956:0,pre_effective,2026-09-09T23:50:42+00:00,2026-09-10T00:00:30+00:00,2026-09-10T00:10:18+00:00,4663:0x6d72b56b099600df6bbaeec6fd8bc6ccf3079fec285401ee62ffe378747f4baf:17,NVDA,v3,0x6d72b56b099600df6bbaeec6fd8bc6ccf3079fec285401ee62ffe378747f4baf,17,58955007,2026-09-09T23:54:38+00:00,2026-09-09,buy_stablecoin,-53568876,239648469302751560,0.23964846930275156,-53.568876,0,53.568876
4663:0x4ac23f2e58e2c4962dcd701c2beff581e87f3995152a29d527c07a3afd67d956:0,pre_effective,2026-09-09T23:50:42+00:00,2026-09-10T00:00:30+00:00,2026-09-10T00:10:18+00:00,4663:0x26d1d4191743e04ee4dec02857c85946cce35cb6bc65aea7acf992e659a3c87d:7,NVDA,v3,0x26d1d4191743e04ee4dec02857c85946cce35cb6bc65aea7acf992e659a3c87d,7,58955072,2026-09-09T23:54:45+00:00,2026-09-09,buy_stock,49352107,-220563381587023281,-0.220563381587023281,49.352107,0.220563381587023281,0
4663:0x4ac23f2e58e2c4962dcd701c2beff581e87f3995152a29d527c07a3afd67d956:0,pre_effective,2026-09-09T23:50:42+00:00,2026-09-10T00:00:30+00:00,2026-09-10T00:10:18+00:00,4663:0xd03a38dd9152713cedda6a69e658b5e1bc14bb788d604b66e313ff3bfb77fd65:39,NVDA,v3,0xd03a38dd9152713cedda6a69e658b5e1bc14bb788d604b66e313ff3bfb77fd65,39,58955209,2026-09-09T23:54:59+00:00,2026-09-09,buy_stablecoin,-7696540,34431634564085889,0.034431634564085889,-7.69654,0,7.69654
4663:0x4ac23f2e58e2c4962dcd701c2beff581e87f3995152a29d527c07a3afd67d956:0,pre_effective,2026-09-09T23:50:42+00:00,2026-09-10T00:00:30+00:00,2026-09-10T00:10:18+00:00,4663:0x305baabec8287588377235fcd1cd683116bf8689bc3151bc9bb158dde0f7e667:3,NVDA,v3,0x305baabec8287588377235fcd1cd683116bf8689bc3151bc9bb158dde0f7e667,3,58955222,2026-09-09T23:55:00+00:00,2026-09-09,buy_stock,2604932681,-11641851607246064456,-11.641851607246064456,2604.932681,11.641851607246064456,0
4663:0x4ac23f2e58e2c4962dcd701c2beff581e87f3995152a29d527c07a3afd67d956:0,pre_effective,2026-09-09T23:50:42+00:00,2026-09-10T00:00:30+00:00,2026-09-10T00:10:18+00:00,4663:0xd9587200e26896cbdc64e6b518c423af97e8bff47c463e693ba463f1a67d8b86:10,NVDA,v3,0xd9587200e26896cbdc64e6b518c423af97e8bff47c463e693ba463f1a67d8b86,10,58955307,2026-09-09T23:55:09+00:00,2026-09-09,buy_stock,29309448,-130987854331494020,-0.13098785433149402,29.309448,0.13098785433149402,0
4663:0x4ac23f2e58e2c4962dcd701c2beff581e87f3995152a29d527c07a3afd67d956:0,pre_effective,2026-09-09T23:50:42+00:00,2026-09-10T00:00:30+00:00,2026-09-10T00:10:18+00:00,4663:0xfffe4e35eb3769d3d4308b6cbac5ae08b9df158db059aba5bb8789558c2125ba:19,NVDA,v3,0xfffe4e35eb3769d3d4308b6cbac5ae08b9df158db059aba5bb8789558c2125ba,19,58955364,2026-09-09T23:55:15+00:00,2026-09-09,buy_stablecoin,-10229925,45764662253516633,0.045764662253516633,-10.229925,0,10.229925
4663:0x4ac23f2e58e2c4962dcd701c2beff581e87f3995152a29d527c07a3afd67d956:0,pre_effective,2026-09-09T23:50:42+00:00,2026-09-10T00:00:30+00:00,2026-09-10T00:10:18+00:00,4663:0xdc5c66d5c3ffa7b0cc4adeb0c0feb2d4bef8a16d72c8e2385c0bc95f251b7c34:98,NVDA,v3,0xdc5c66d5c3ffa7b0cc4adeb0c0feb2d4bef8a16d72c8e2385c0bc95f251b7c34,98,58955453,2026-09-09T23:55:24+00:00,2026-09-09,buy_stablecoin,-156359943,699493077313794065,0.699493077313794065,-156.359943,0,156.359943
4663:0x4ac23f2e58e2c4962dcd701c2beff581e87f3995152a29d527c07a3afd67d956:0,pre_effective,2026-09-09T23:50:42+00:00,2026-09-10T00:00:30+00:00,2026-09-10T00:10:18+00:00,4663:0x5ca3d434888c4ceacb545942ddf4b7aa035c5b9b85e66a2c60e30dc55006e7b0:11,NVDA,v3,0x5ca3d434888c4ceacb545942ddf4b7aa035c5b9b85e66a2c60e30dc55006e7b0,11,58955482,2026-09-09T23:55:27+00:00,2026-09-09,buy_stablecoin,-106681354,477250789404493214,0.477250789404493214,-106.681354,0,106.681354
4663:0x4ac23f2e58e2c4962dcd701c2beff581e87f3995152a29d527c07a3afd67d956:0,pre_effective,2026-09-09T23:50:42+00:00,2026-09-10T00:00:30+00:00,2026-09-10T00:10:18+00:00,4663:0x0e582d321453471899afb8272284c7acd8ebd7ffee90e10a040d26b6c81ae5f9:41,NVDA,v3,0x0e582d321453471899afb8272284c7acd8ebd7ffee90e10a040d26b6c81ae5f9,41,58955559,2026-09-09T23:55:35+00:00,2026-09-09,buy_stablecoin,-156620694,700660272681280447,0.700660272681280447,-156.620694,0,156.620694
4663:0x4ac23f2e58e2c4962dcd701c2beff581e87f3995152a29d527c07a3afd67d956:0,pre_effective,2026-09-09T23:50:42+00:00,2026-09-10T00:00:30+00:00,2026-09-10T00:10:18+00:00,4663:0x9ce76997ff47892beddc9b3ce8023de1b16f322a9c39e7d90ba047832db7ddd4:37,NVDA,v3,0x9ce76997ff47892beddc9b3ce8023de1b16f322a9c39e7d90ba047832db7ddd4,37,58955802,2026-09-09T23:55:59+00:00,2026-09-09,buy_stablecoin,-38186957,170833706343747132,0.170833706343747132,-38.186957,0,38.186957
4663:0x4ac23f2e58e2c4962dcd701c2beff581e87f3995152a29d527c07a3afd67d956:0,pre_effective,2026-09-09T23:50:42+00:00,2026-09-10T00:00:30+00:00,2026-09-10T00:10:18+00:00,4663:0x6a2e4cda10b459094e5dcdb5b551fbc2532b9c5784beb206399272938d1e1906:55,NVDA,v3,0x6a2e4cda10b459094e5dcdb5b551fbc2532b9c5784beb206399272938d1e1906,55,58955802,2026-09-09T23:55:59+00:00,2026-09-09,buy_stock,2440984271,-10909054590926737376,-10.909054590926737376,2440.984271,10.909054590926737376,0
4663:0x4ac23f2e58e2c4962dcd701c2beff581e87f3995152a29d527c07a3afd67d956:0,pre_effective,2026-09-09T23:50:42+00:00,2026-09-10T00:00:30+00:00,2026-09-10T00:10:18+00:00,4663:0x3880df3a7d3fc7e4eabdb58dcd2f666890571d149949669188e5c1bed373655c:34,NVDA,v3,0x3880df3a7d3fc7e4eabdb58dcd2f666890571d149949669188e5c1bed373655c,34,58955855,2026-09-09T23:56:05+00:00,2026-09-09,buy_stablecoin,-163282840,730457939658169651,0.730457939658169651,-163.28284,0,163.28284
4663:0x4ac23f2e58e2c4962dcd701c2beff581e87f3995152a29d527c07a3afd67d956:0,pre_effective,2026-09-09T23:50:42+00:00,2026-09-10T00:00:30+00:00,2026-09-10T00:10:18+00:00,4663:0x757739fb991828ec8943ea716ec50e20159ef814dd7ad63253d8d58ad00b3777:9,NVDA,v3,0x757739fb991828ec8943ea716ec50e20159ef814dd7ad63253d8d58ad00b3777,9,58955885,2026-09-09T23:56:08+00:00,2026-09-09,buy_stock,2441447,-10911077702403081,-0.010911077702403081,2.441447,0.010911077702403081,0
4663:0x4ac23f2e58e2c4962dcd701c2beff581e87f3995152a29d527c07a3afd67d956:0,pre_effective,2026-09-09T23:50:42+00:00,2026-09-10T00:00:30+00:00,2026-09-10T00:10:18+00:00,4663:0xab4f32f579366d962dfbdd7d107d234d8c610dd0f39b71bc7c8a2b9ff6be6a79:8,NVDA,v3,0xab4f32f579366d962dfbdd7d107d234d8c610dd0f39b71bc7c8a2b9ff6be6a79,8,58955934,2026-09-09T23:56:13+00:00,2026-09-09,buy_stablecoin,-7917795,35420857691097805,0.035420857691097805,-7.917795,0,7.917795
4663:0x4ac23f2e58e2c4962dcd701c2beff581e87f3995152a29d527c07a3afd67d956:0,pre_effective,2026-09-09T23:50:42+00:00,2026-09-10T00:00:30+00:00,2026-09-10T00:10:18+00:00,4663:0xf79988d470561f818ddbc388675caa29c7c30af3650f315afb8094e5fa229326:16,NVDA,v3,0xf79988d470561f818ddbc388675caa29c7c30af3650f315afb8094e5fa229326,16,58955996,2026-09-09T23:56:19+00:00,2026-09-09,buy_stablecoin,-5792748,25914299649005851,0.025914299649005851,-5.792748,0,5.792748
4663:0x4ac23f2e58e2c4962dcd701c2beff581e87f3995152a29d527c07a3afd67d956:0,pre_effective,2026-09-09T23:50:42+00:00,2026-09-10T00:00:30+00:00,2026-09-10T00:10:18+00:00,4663:0x69cbe7d65ad3a9e6c1c16def6ce2e628dcdd11810316cc25bc8cfa81621a87b4:63,NVDA,v3,0x69cbe7d65ad3a9e6c1c16def6ce2e628dcdd11810316cc25bc8cfa81621a87b4,63,58956210,2026-09-09T23:56:40+00:00,2026-09-09,buy_stablecoin,-3965512,17740019602279267,0.017740019602279267,-3.965512,0,3.965512
4663:0x4ac23f2e58e2c4962dcd701c2beff581e87f3995152a29d527c07a3afd67d956:0,pre_effective,2026-09-09T23:50:42+00:00,2026-09-10T00:00:30+00:00,2026-09-10T00:10:18+00:00,4663:0x9b80f7e7c997daa313c9d1bf52c6fe88a8eca4d63c5f5c7229fb56128ee72df8:23,NVDA,v3,0x9b80f7e7c997daa313c9d1bf52c6fe88a8eca4d63c5f5c7229fb56128ee72df8,23,58956503,2026-09-09T23:57:10+00:00,2026-09-09,buy_stablecoin,-249365124,1115554378600424330,1.11555437860042433,-249.365124,0,249.365124
4663:0x4ac23f2e58e2c4962dcd701c2beff581e87f3995152a29d527c07a3afd67d956:0,pre_effective,2026-09-09T23:50:42+00:00,2026-09-10T00:00:30+00:00,2026-09-10T00:10:18+00:00,4663:0x93e863b04403b11c987459128069b5973c86f2fcc8e65873668c678461164470:21,NVDA,v3,0x93e863b04403b11c987459128069b5973c86f2fcc8e65873668c678461164470,21,58956702,2026-09-09T23:57:28+00:00,2026-09-09,buy_stablecoin,-7565101,33843089608865563,0.033843089608865563,-7.565101,0,7.565101
4663:0x4ac23f2e58e2c4962dcd701c2beff581e87f3995152a29d527c07a3afd67d956:0,pre_effective,2026-09-09T23:50:42+00:00,2026-09-10T00:00:30+00:00,2026-09-10T00:10:18+00:00,4663:0xd847946201c4d3523256dd1eecb7d5598d45f93776a3be4108f9b65e9f57465c:73,NVDA,v3,0xd847946201c4d3523256dd1eecb7d5598d45f93776a3be4108f9b65e9f57465c,73,58956828,2026-09-09T23:57:41+00:00,2026-09-09,buy_stablecoin,-63024102,281943425280110788,0.281943425280110788,-63.024102,0,63.024102
4663:0x4ac23f2e58e2c4962dcd701c2beff581e87f3995152a29d527c07a3afd67d956:0,pre_effective,2026-09-09T23:50:42+00:00,2026-09-10T00:00:30+00:00,2026-09-10T00:10:18+00:00,4663:0x7d2b7389c8ed3c0a9514b9d5acc0d5c62d457deb93459d3c48e266817aa02307:66,NVDA,v3,0x7d2b7389c8ed3c0a9514b9d5acc0d5c62d457deb93459d3c48e266817aa02307,66,58956967,2026-09-09T23:57:55+00:00,2026-09-09,buy_stablecoin,-63655310,284767251151152315,0.284767251151152315,-63.65531,0,63.65531
4663:0x4ac23f2e58e2c4962dcd701c2beff581e87f3995152a29d527c07a3afd67d956:0,pre_effective,2026-09-09T23:50:42+00:00,2026-09-10T00:00:30+00:00,2026-09-10T00:10:18+00:00,4663:0xdaacf96dcedc38c1797d193d25dfb0b3245f6a9d193fbefe74153623f11545d8:7,NVDA,v3,0xdaacf96dcedc38c1797d193d25dfb0b3245f6a9d193fbefe74153623f11545d8,7,58956975,2026-09-09T23:57:56+00:00,2026-09-09,buy_stablecoin,-38773111,173454726741575621,0.173454726741575621,-38.773111,0,38.773111
4663:0x4ac23f2e58e2c4962dcd701c2beff581e87f3995152a29d527c07a3afd67d956:0,pre_effective,2026-09-09T23:50:42+00:00,2026-09-10T00:00:30+00:00,2026-09-10T00:10:18+00:00,4663:0xfec98aae4016ae96a81a8695f6f0aa4ed8e34d7bb6315b281370bc8ce7b2cc69:75,NVDA,v3,0xfec98aae4016ae96a81a8695f6f0aa4ed8e34d7bb6315b281370bc8ce7b2cc69,75,58957083,2026-09-09T23:58:07+00:00,2026-09-09,buy_stablecoin,-86979879,389111795583243679,0.389111795583243679,-86.979879,0,86.979879
4663:0x4ac23f2e58e2c4962dcd701c2beff581e87f3995152a29d527c07a3afd67d956:0,pre_effective,2026-09-09T23:50:42+00:00,2026-09-10T00:00:30+00:00,2026-09-10T00:10:18+00:00,4663:0xcb29152daa63738a10674aa8fc4cbaff09131c31587fcb5deb9ff067a955cb03:15,NVDA,v3,0xcb29152daa63738a10674aa8fc4cbaff09131c31587fcb5deb9ff067a955cb03,15,58957122,2026-09-09T23:58:11+00:00,2026-09-09,buy_stock,4967331382,-22199353003719141133,-22.199353003719141133,4967.331382,22.199353003719141133,0
4663:0x4ac23f2e58e2c4962dcd701c2beff581e87f3995152a29d527c07a3afd67d956:0,pre_effective,2026-09-09T23:50:42+00:00,2026-09-10T00:00:30+00:00,2026-09-10T00:10:18+00:00,4663:0x4ed0bf322c78ce7de3d3588883e3001a140d6bd723b8532e2e2f73a92ddf3b70:9,NVDA,v3,0x4ed0bf322c78ce7de3d3588883e3001a140d6bd723b8532e2e2f73a92ddf3b70,9,58957283,2026-09-09T23:58:27+00:00,2026-09-09,buy_stock,48841768,-218275223573918489,-0.218275223573918489,48.841768,0.218275223573918489,0
4663:0x4ac23f2e58e2c4962dcd701c2beff581e87f3995152a29d527c07a3afd67d956:0,pre_effective,2026-09-09T23:50:42+00:00,2026-09-10T00:00:30+00:00,2026-09-10T00:10:18+00:00,4663:0xa8a864786df1407b65aa4626a09ca9616cd862b239c501ec4134a935e4323c25:9,NVDA,v3,0xa8a864786df1407b65aa4626a09ca9616cd862b239c501ec4134a935e4323c25,9,58957284,2026-09-09T23:58:27+00:00,2026-09-09,buy_stock,146525250,-654825187499482562,-0.654825187499482562,146.52525,0.654825187499482562,0
4663:0x4ac23f2e58e2c4962dcd701c2beff581e87f3995152a29d527c07a3afd67d956:0,pre_effective,2026-09-09T23:50:42+00:00,2026-09-10T00:00:30+00:00,2026-09-10T00:10:18+00:00,4663:0xeaf9910c800ac3c889167cb3deed5ba088e68742351010a17b7b2a6f892a902c:75,NVDA,v3,0xeaf9910c800ac3c889167cb3deed5ba088e68742351010a17b7b2a6f892a902c,75,58957285,2026-09-09T23:58:28+00:00,2026-09-09,buy_stock,49335082,-220479693055655235,-0.220479693055655235,49.335082,0.220479693055655235,0
4663:0x4ac23f2e58e2c4962dcd701c2beff581e87f3995152a29d527c07a3afd67d956:0,pre_effective,2026-09-09T23:50:42+00:00,2026-09-10T00:00:30+00:00,2026-09-10T00:10:18+00:00,4663:0xd94012b69bda060edd411d357320a1d4330ab02b6d01d16cd2ff5b23429f68ac:62,NVDA,v3,0xd94012b69bda060edd411d357320a1d4330ab02b6d01d16cd2ff5b23429f68ac,62,58957370,2026-09-09T23:58:36+00:00,2026-09-09,buy_stablecoin,-1580421,7070012143378382,0.007070012143378382,-1.580421,0,1.580421
4663:0x4ac23f2e58e2c4962dcd701c2beff581e87f3995152a29d527c07a3afd67d956:0,pre_effective,2026-09-09T23:50:42+00:00,2026-09-10T00:00:30+00:00,2026-09-10T00:10:18+00:00,4663:0x8eda27c7ed2ceca3cbd853d0881f4a1113d53256c97ea6a3a52d779071f440d5:8,NVDA,v3,0x8eda27c7ed2ceca3cbd853d0881f4a1113d53256c97ea6a3a52d779071f440d5,8,58957441,2026-09-09T23:58:43+00:00,2026-09-09,buy_stock,24420848,-109137353332529259,-0.109137353332529259,24.420848,0.109137353332529259,0
4663:0x4ac23f2e58e2c4962dcd701c2beff581e87f3995152a29d527c07a3afd67d956:0,pre_effective,2026-09-09T23:50:42+00:00,2026-09-10T00:00:30+00:00,2026-09-10T00:10:18+00:00,4663:0x70876a03f6c5e5c88e81831153846425c4f212280e9d8a9d21cf949c362085e7:10,NVDA,v3,0x70876a03f6c5e5c88e81831153846425c4f212280e9d8a9d21cf949c362085e7,10,58957665,2026-09-09T23:59:06+00:00,2026-09-09,buy_stablecoin,-64496491,288524842257108115,0.288524842257108115,-64.496491,0,64.496491
4663:0x4ac23f2e58e2c4962dcd701c2beff581e87f3995152a29d527c07a3afd67d956:0,pre_effective,2026-09-09T23:50:42+00:00,2026-09-10T00:00:30+00:00,2026-09-10T00:10:18+00:00,4663:0xb6788a2c17210a145f17932171a6a548e29de59d44b1a282efce72668c974924:12,NVDA,v3,0xb6788a2c17210a145f17932171a6a548e29de59d44b1a282efce72668c974924,12,58957666,2026-09-09T23:59:06+00:00,2026-09-09,buy_stablecoin,-120982533,541215155411119199,0.541215155411119199,-120.982533,0,120.982533
4663:0x4ac23f2e58e2c4962dcd701c2beff581e87f3995152a29d527c07a3afd67d956:0,pre_effective,2026-09-09T23:50:42+00:00,2026-09-10T00:00:30+00:00,2026-09-10T00:10:18+00:00,4663:0xa148909397c0d575b9cf64840104205c6e849cb8c064f0e98ba6ea87d24a7445:11,NVDA,v3,0xa148909397c0d575b9cf64840104205c6e849cb8c064f0e98ba6ea87d24a7445,11,58957667,2026-09-09T23:59:06+00:00,2026-09-09,buy_stablecoin,-37158900,166230328855711682,0.166230328855711682,-37.1589,0,37.1589
4663:0x4ac23f2e58e2c4962dcd701c2beff581e87f3995152a29d527c07a3afd67d956:0,pre_effective,2026-09-09T23:50:42+00:00,2026-09-10T00:00:30+00:00,2026-09-10T00:10:18+00:00,4663:0xf7459acf07ad7aa7fa31fbf72e9716643ff684e68e1e883e2d204009ad53a054:18,NVDA,v3,0xf7459acf07ad7aa7fa31fbf72e9716643ff684e68e1e883e2d204009ad53a054,18,58957728,2026-09-09T23:59:12+00:00,2026-09-09,buy_stablecoin,-132512783,592796077239910051,0.592796077239910051,-132.512783,0,132.512783
4663:0x4ac23f2e58e2c4962dcd701c2beff581e87f3995152a29d527c07a3afd67d956:0,pre_effective,2026-09-09T23:50:42+00:00,2026-09-10T00:00:30+00:00,2026-09-10T00:10:18+00:00,4663:0xe0b0c7466b375baf30a52b72662312468a28d0342aa6c5e235fa0f8749a22bd5:67,NVDA,v3,0xe0b0c7466b375baf30a52b72662312468a28d0342aa6c5e235fa0f8749a22bd5,67,58957795,2026-09-09T23:59:19+00:00,2026-09-09,buy_stablecoin,-156658236,700811169410005470,0.70081116941000547,-156.658236,0,156.658236
4663:0x4ac23f2e58e2c4962dcd701c2beff581e87f3995152a29d527c07a3afd67d956:0,pre_effective,2026-09-09T23:50:42+00:00,2026-09-10T00:00:30+00:00,2026-09-10T00:10:18+00:00,4663:0xbe862863f55aabd961e421332d118354adeb43ad561f12e914e82ec92437efd6:59,NVDA,v3,0xbe862863f55aabd961e421332d118354adeb43ad561f12e914e82ec92437efd6,59,58957801,2026-09-09T23:59:20+00:00,2026-09-09,buy_stablecoin,-171660656,767925026940069440,0.76792502694006944,-171.660656,0,171.660656
4663:0x4ac23f2e58e2c4962dcd701c2beff581e87f3995152a29d527c07a3afd67d956:0,pre_effective,2026-09-09T23:50:42+00:00,2026-09-10T00:00:30+00:00,2026-09-10T00:10:18+00:00,4663:0xa3bdfd4c81affc000221cd315d546f8cf20cd7703f032b2959d8e30ed39811a4:76,NVDA,v3,0xa3bdfd4c81affc000221cd315d546f8cf20cd7703f032b2959d8e30ed39811a4,76,58957801,2026-09-09T23:59:20+00:00,2026-09-09,buy_stablecoin,-166400556,744394411260331328,0.744394411260331328,-166.400556,0,166.400556
4663:0x4ac23f2e58e2c4962dcd701c2beff581e87f3995152a29d527c07a3afd67d956:0,pre_effective,2026-09-09T23:50:42+00:00,2026-09-10T00:00:30+00:00,2026-09-10T00:10:18+00:00,4663:0x2688afc9ae578925ce0e60e20fccb8ee33695445054d20630378a51e690beac1:24,NVDA,v3,0x2688afc9ae578925ce0e60e20fccb8ee33695445054d20630378a51e690beac1,24,58957829,2026-09-09T23:59:22+00:00,2026-09-09,buy_stablecoin,-28723614,128495398489891442,0.128495398489891442,-28.723614,0,28.723614
4663:0x4ac23f2e58e2c4962dcd701c2beff581e87f3995152a29d527c07a3afd67d956:0,pre_effective,2026-09-09T23:50:42+00:00,2026-09-10T00:00:30+00:00,2026-09-10T00:10:18+00:00,4663:0x49a673e256a2cc35b3663c9a681ff2a690427fd5c7fd79cade3711be37bd25e3:61,NVDA,v3,0x49a673e256a2cc35b3663c9a681ff2a690427fd5c7fd79cade3711be37bd25e3,61,58957970,2026-09-09T23:59:37+00:00,2026-09-09,buy_stock,122144105,-545866595399804818,-0.545866595399804818,122.144105,0.545866595399804818,0
4663:0x4ac23f2e58e2c4962dcd701c2beff581e87f3995152a29d527c07a3afd67d956:0,pre_effective,2026-09-09T23:50:42+00:00,2026-09-10T00:00:30+00:00,2026-09-10T00:10:18+00:00,4663:0x24df565280b4b030ae2aa248f43e3966ca17df799d03a33dad09f917b7dd59e7:35,NVDA,v3,0x24df565280b4b030ae2aa248f43e3966ca17df799d03a33dad09f917b7dd59e7,35,58957998,2026-09-09T23:59:40+00:00,2026-09-09,buy_stablecoin,-8303451,37145565258328574,0.037145565258328574,-8.303451,0,8.303451
4663:0x4ac23f2e58e2c4962dcd701c2beff581e87f3995152a29d527c07a3afd67d956:0,pre_effective,2026-09-09T23:50:42+00:00,2026-09-10T00:00:30+00:00,2026-09-10T00:10:18+00:00,4663:0xf22e6a7077009b4f1b56e0ec7ee77aeb60aaccb5729bb7db626bbde02a89c4ed:71,NVDA,v3,0xf22e6a7077009b4f1b56e0ec7ee77aeb60aaccb5729bb7db626bbde02a89c4ed,71,58958032,2026-09-09T23:59:43+00:00,2026-09-09,buy_stock,4962703,-22178498845833421,-0.022178498845833421,4.962703,0.022178498845833421,0
4663:0x4ac23f2e58e2c4962dcd701c2beff581e87f3995152a29d527c07a3afd67d956:0,pre_effective,2026-09-09T23:50:42+00:00,2026-09-10T00:00:30+00:00,2026-09-10T00:10:18+00:00,4663:0xe7b14ad58890ab3ffefec3e288259ff587dbb3a732afb6c52f2da89ae9db4e88:16,NVDA,v3,0xe7b14ad58890ab3ffefec3e288259ff587dbb3a732afb6c52f2da89ae9db4e88,16,58958065,2026-09-09T23:59:46+00:00,2026-09-09,buy_stablecoin,-156378796,699562163666925009,0.699562163666925009,-156.378796,0,156.378796
4663:0x4ac23f2e58e2c4962dcd701c2beff581e87f3995152a29d527c07a3afd67d956:0,pre_effective,2026-09-09T23:50:42+00:00,2026-09-10T00:00:30+00:00,2026-09-10T00:10:18+00:00,4663:0xf1ca1f78727a159da1d70b08650d7540960077428a1a108c791700f4764f03dd:18,NVDA,v3,0xf1ca1f78727a159da1d70b08650d7540960077428a1a108c791700f4764f03dd,18,58958088,2026-09-09T23:59:49+00:00,2026-09-09,buy_stablecoin,-13778234,61637096563914377,0.061637096563914377,-13.778234,0,13.778234
4663:0x4ac23f2e58e2c4962dcd701c2beff581e87f3995152a29d527c07a3afd67d956:0,pre_effective,2026-09-09T23:50:42+00:00,2026-09-10T00:00:30+00:00,2026-09-10T00:10:18+00:00,4663:0x802e0688f753cb328e27925cddbcf84b26f75502b520501966ebd00f23bc29a4:61,NVDA,v3,0x802e0688f753cb328e27925cddbcf84b26f75502b520501966ebd00f23bc29a4,61,58958178,2026-09-09T23:59:58+00:00,2026-09-09,buy_stock,99000000,-442434829221227676,-0.442434829221227676,99,0.442434829221227676,0
4663:0x4ac23f2e58e2c4962dcd701c2beff581e87f3995152a29d527c07a3afd67d956:0,pre_effective,2026-09-09T23:50:42+00:00,2026-09-10T00:00:30+00:00,2026-09-10T00:10:18+00:00,4663:0xe556f248266da7f6a115c7792a2f01c7acb31cda9fa25c128815a63c79d9de27:50,NVDA,v3,0xe556f248266da7f6a115c7792a2f01c7acb31cda9fa25c128815a63c79d9de27,50,58958179,2026-09-09T23:59:58+00:00,2026-09-09,buy_stock,1553265082,-6941580053712860266,-6.941580053712860266,1553.265082,6.941580053712860266,0
4663:0x4ac23f2e58e2c4962dcd701c2beff581e87f3995152a29d527c07a3afd67d956:0,pre_effective,2026-09-09T23:50:42+00:00,2026-09-10T00:00:30+00:00,2026-09-10T00:10:18+00:00,4663:0x13a9b9efc87064ab4d33a68fe50bffb8d35a88e00d508e78550a362d48a0e650:16,NVDA,v3,0x13a9b9efc87064ab4d33a68fe50bffb8d35a88e00d508e78550a362d48a0e650,16,58958201,2026-09-10T00:00:00+00:00,2026-09-10,buy_stock,22377449325,-100000000003806506875,-100.000000003806506875,22377.449325,100.000000003806506875,0
4663:0x4ac23f2e58e2c4962dcd701c2beff581e87f3995152a29d527c07a3afd67d956:0,pre_effective,2026-09-09T23:50:42+00:00,2026-09-10T00:00:30+00:00,2026-09-10T00:10:18+00:00,4663:0x7af12717684aea0384ad50b9f99270853132b30ba786325f88b590cd64321f82:11,NVDA,v3,0x7af12717684aea0384ad50b9f99270853132b30ba786325f88b590cd64321f82,11,58958203,2026-09-10T00:00:00+00:00,2026-09-10,buy_stablecoin,-87349688,390710543216299722,0.390710543216299722,-87.349688,0,87.349688
4663:0x4ac23f2e58e2c4962dcd701c2beff581e87f3995152a29d527c07a3afd67d956:0,pre_effective,2026-09-09T23:50:42+00:00,2026-09-10T00:00:30+00:00,2026-09-10T00:10:18+00:00,4663:0x941a59207299429f866f7a081f75130442216419265b839ec55762320ed69c23:85,NVDA,v3,0x941a59207299429f866f7a081f75130442216419265b839ec55762320ed69c23,85,58958265,2026-09-10T00:00:07+00:00,2026-09-10,buy_stock,3663445,-16370017309192469,-0.016370017309192469,3.663445,0.016370017309192469,0
4663:0x4ac23f2e58e2c4962dcd701c2beff581e87f3995152a29d527c07a3afd67d956:0,pre_effective,2026-09-09T23:50:42+00:00,2026-09-10T00:00:30+00:00,2026-09-10T00:10:18+00:00,4663:0x8bcbf304e519e7dd66b5116c5a00aa9b9ab8bcbf4c2b791f8253eb4d7688d99b:18,NVDA,v3,0x8bcbf304e519e7dd66b5116c5a00aa9b9ab8bcbf4c2b791f8253eb4d7688d99b,18,58958280,2026-09-10T00:00:08+00:00,2026-09-10,buy_stablecoin,-350992424,1569972987140553002,1.569972987140553002,-350.992424,0,350.992424
4663:0x4ac23f2e58e2c4962dcd701c2beff581e87f3995152a29d527c07a3afd67d956:0,pre_effective,2026-09-09T23:50:42+00:00,2026-09-10T00:00:30+00:00,2026-09-10T00:10:18+00:00,4663:0x3e563def7c4de398eafef4a95f06fc79d802ed94a8dd3bc908f659e27e9c44f8:8,NVDA,v3,0x3e563def7c4de398eafef4a95f06fc79d802ed94a8dd3bc908f659e27e9c44f8,8,58958282,2026-09-10T00:00:08+00:00,2026-09-10,buy_stock,3663419060,-16369729652939102935,-16.369729652939102935,3663.41906,16.369729652939102935,0
4663:0x4ac23f2e58e2c4962dcd701c2beff581e87f3995152a29d527c07a3afd67d956:0,pre_effective,2026-09-09T23:50:42+00:00,2026-09-10T00:00:30+00:00,2026-09-10T00:10:18+00:00,4663:0x0ddad7e4724254bd69e395defc4c62b281647c2d6b7a486aaf2e574beaded80b:27,NVDA,v3,0x0ddad7e4724254bd69e395defc4c62b281647c2d6b7a486aaf2e574beaded80b,27,58958282,2026-09-10T00:00:08+00:00,2026-09-10,buy_stablecoin,-1546328750,6916523615711548821,6.916523615711548821,-1546.32875,0,1546.32875
4663:0x4ac23f2e58e2c4962dcd701c2beff581e87f3995152a29d527c07a3afd67d956:0,pre_effective,2026-09-09T23:50:42+00:00,2026-09-10T00:00:30+00:00,2026-09-10T00:10:18+00:00,4663:0xf5bd11009dfe5b37159be0ade78695f3219a16bb3ea7516a6bbbf94f3e229150:59,NVDA,v3,0xf5bd11009dfe5b37159be0ade78695f3219a16bb3ea7516a6bbbf94f3e229150,59,58958282,2026-09-10T00:00:08+00:00,2026-09-10,buy_stablecoin,-232214362,1038670662390023363,1.038670662390023363,-232.214362,0,232.214362
4663:0x4ac23f2e58e2c4962dcd701c2beff581e87f3995152a29d527c07a3afd67d956:0,pre_effective,2026-09-09T23:50:42+00:00,2026-09-10T00:00:30+00:00,2026-09-10T00:10:18+00:00,4663:0xda97a08279e92fddfe1b06a39536529fbf1b497f0c301e4e380ef04b42598dfc:114,NVDA,v3,0xda97a08279e92fddfe1b06a39536529fbf1b497f0c301e4e380ef04b42598dfc,114,58958282,2026-09-10T00:00:08+00:00,2026-09-10,buy_stock,3663313348,-16369037447801673936,-16.369037447801673936,3663.313348,16.369037447801673936,0
4663:0x4ac23f2e58e2c4962dcd701c2beff581e87f3995152a29d527c07a3afd67d956:0,pre_effective,2026-09-09T23:50:42+00:00,2026-09-10T00:00:30+00:00,2026-09-10T00:10:18+00:00,4663:0x79d44c46c442363c023bc9dd9f06b5d1407460f46b764487ce76d7ec29f95032:184,NVDA,v3,0x79d44c46c442363c023bc9dd9f06b5d1407460f46b764487ce76d7ec29f95032,184,58958282,2026-09-10T00:00:08+00:00,2026-09-10,buy_stablecoin,-715610962,3200780548818896644,3.200780548818896644,-715.610962,0,715.610962
4663:0x4ac23f2e58e2c4962dcd701c2beff581e87f3995152a29d527c07a3afd67d956:0,pre_effective,2026-09-09T23:50:42+00:00,2026-09-10T00:00:30+00:00,2026-09-10T00:10:18+00:00,4663:0xdfb3e974f7852c78461e1c448797f006abce12d89bafda6668f3f439c987920a:18,NVDA,v3,0xdfb3e974f7852c78461e1c448797f006abce12d89bafda6668f3f439c987920a,18,58958345,2026-09-10T00:00:15+00:00,2026-09-10,buy_stablecoin,-257220407,1150497934713836746,1.150497934713836746,-257.220407,0,257.220407
4663:0x4ac23f2e58e2c4962dcd701c2beff581e87f3995152a29d527c07a3afd67d956:0,pre_effective,2026-09-09T23:50:42+00:00,2026-09-10T00:00:30+00:00,2026-09-10T00:10:18+00:00,4663:0x7ac1c75b2e3e6335fb02fedb6cfd6d64408ca94449c9ca9cc3a19e3aae7d22b2:18,NVDA,v3,0x7ac1c75b2e3e6335fb02fedb6cfd6d64408ca94449c9ca9cc3a19e3aae7d22b2,18,58958374,2026-09-10T00:00:18+00:00,2026-09-10,buy_stock,20979234,-93742385969277728,-0.093742385969277728,20.979234,0.093742385969277728,0
4663:0x4ac23f2e58e2c4962dcd701c2beff581e87f3995152a29d527c07a3afd67d956:0,pre_effective,2026-09-09T23:50:42+00:00,2026-09-10T00:00:30+00:00,2026-09-10T00:10:18+00:00,4663:0x8d8c4dc4de51bcb9ce3b429626ce66393bb9ffb797e2ab8c073cfe0fd6c3d5ec:50,NVDA,v3,0x8d8c4dc4de51bcb9ce3b429626ce66393bb9ffb797e2ab8c073cfe0fd6c3d5ec,50,58958385,2026-09-10T00:00:19+00:00,2026-09-10,buy_stock,246685585,-1102274452155470081,-1.102274452155470081,246.685585,1.102274452155470081,0
4663:0x4ac23f2e58e2c4962dcd701c2beff581e87f3995152a29d527c07a3afd67d956:0,pre_effective,2026-09-09T23:50:42+00:00,2026-09-10T00:00:30+00:00,2026-09-10T00:10:18+00:00,4663:0x496ab89528548abf42f36a82045c28dee2527f5fba0f67aa4e06ed7c3d8633cb:50,NVDA,v3,0x496ab89528548abf42f36a82045c28dee2527f5fba0f67aa4e06ed7c3d8633cb,50,58958476,2026-09-10T00:00:28+00:00,2026-09-10,buy_stablecoin,-597814238,2673912378370541382,2.673912378370541382,-597.814238,0,597.814238
4663:0x4ac23f2e58e2c4962dcd701c2beff581e87f3995152a29d527c07a3afd67d956:0,post_effective,2026-09-09T23:50:42+00:00,2026-09-10T00:00:30+00:00,2026-09-10T00:10:18+00:00,4663:0x00ae62064d0e61b1d575978ee35adce3825f0e8c95639cb9d4cd21373b5ca31d:16,NVDA,v3,0x00ae62064d0e61b1d575978ee35adce3825f0e8c95639cb9d4cd21373b5ca31d,16,58958500,2026-09-10T00:00:30+00:00,2026-09-10,buy_stablecoin,-863011649,3860111390190580513,3.860111390190580513,-863.011649,0,863.011649
4663:0x4ac23f2e58e2c4962dcd701c2beff581e87f3995152a29d527c07a3afd67d956:0,post_effective,2026-09-09T23:50:42+00:00,2026-09-10T00:00:30+00:00,2026-09-10T00:10:18+00:00,4663:0xf923fb0da38b778113b12ef40343e381e0e51ccaacce3b2610f005ede38013ae:35,NVDA,v3,0xf923fb0da38b778113b12ef40343e381e0e51ccaacce3b2610f005ede38013ae,35,58958533,2026-09-10T00:00:34+00:00,2026-09-10,buy_stock,122135972,-545749713590598748,-0.545749713590598748,122.135972,0.545749713590598748,0
4663:0x4ac23f2e58e2c4962dcd701c2beff581e87f3995152a29d527c07a3afd67d956:0,post_effective,2026-09-09T23:50:42+00:00,2026-09-10T00:00:30+00:00,2026-09-10T00:10:18+00:00,4663:0x186233da2cae34d9708bc2d26180b0b38f8e8b3afefba8280ec81b44e5613339:19,NVDA,v3,0x186233da2cae34d9708bc2d26180b0b38f8e8b3afefba8280ec81b44e5613339,19,58958541,2026-09-10T00:00:34+00:00,2026-09-10,buy_stock,97713740,-436621602093300872,-0.436621602093300872,97.71374,0.436621602093300872,0
4663:0x4ac23f2e58e2c4962dcd701c2beff581e87f3995152a29d527c07a3afd67d956:0,post_effective,2026-09-09T23:50:42+00:00,2026-09-10T00:00:30+00:00,2026-09-10T00:10:18+00:00,4663:0xfcfeb7ecd2831d0585ccb48388eaf628c2d22d2ddd025bece2a3e9cb5629f06e:8,NVDA,v3,0xfcfeb7ecd2831d0585ccb48388eaf628c2d22d2ddd025bece2a3e9cb5629f06e,8,58958628,2026-09-10T00:00:43+00:00,2026-09-10,buy_stock,24150359,-107912802369008011,-0.107912802369008011,24.150359,0.107912802369008011,0
4663:0x4ac23f2e58e2c4962dcd701c2beff581e87f3995152a29d527c07a3afd67d956:0,post_effective,2026-09-09T23:50:42+00:00,2026-09-10T00:00:30+00:00,2026-09-10T00:10:18+00:00,4663:0xfebacc07a6d5bb2ff08943d844a9d1cfabb840f04c0aa97feadee1d865a5e688:18,NVDA,v3,0xfebacc07a6d5bb2ff08943d844a9d1cfabb840f04c0aa97feadee1d865a5e688,18,58958708,2026-09-10T00:00:51+00:00,2026-09-10,buy_stock,21732409096,-97100974988030247189,-97.100974988030247189,21732.409096,97.100974988030247189,0
4663:0x4ac23f2e58e2c4962dcd701c2beff581e87f3995152a29d527c07a3afd67d956:0,post_effective,2026-09-09T23:50:42+00:00,2026-09-10T00:00:30+00:00,2026-09-10T00:10:18+00:00,4663:0x8461c9c124f079a11fe58b475eb72f170a1609c711d1d08d8b0e3769265dedc0:31,NVDA,v3,0x8461c9c124f079a11fe58b475eb72f170a1609c711d1d08d8b0e3769265dedc0,31,58958713,2026-09-10T00:00:52+00:00,2026-09-10,buy_stock,3197676482,-14286033174148207597,-14.286033174148207597,3197.676482,14.286033174148207597,0
4663:0x4ac23f2e58e2c4962dcd701c2beff581e87f3995152a29d527c07a3afd67d956:0,post_effective,2026-09-09T23:50:42+00:00,2026-09-10T00:00:30+00:00,2026-09-10T00:10:18+00:00,4663:0xae671f513ca8ce481f4661615acca1ef3b976af78acc14c54882ff814c6a3310:37,NVDA,v3,0xae671f513ca8ce481f4661615acca1ef3b976af78acc14c54882ff814c6a3310,37,58958713,2026-09-10T00:00:52+00:00,2026-09-10,buy_stock,22384766288,-99997720903970952914,-99.997720903970952914,22384.766288,99.997720903970952914,0
4663:0x4ac23f2e58e2c4962dcd701c2beff581e87f3995152a29d527c07a3afd67d956:0,post_effective,2026-09-09T23:50:42+00:00,2026-09-10T00:00:30+00:00,2026-09-10T00:10:18+00:00,4663:0x9e59b1c773b1422db81270a8730a378682da42bd1a58aab6ca5840f8b95202f6:40,NVDA,v3,0x9e59b1c773b1422db81270a8730a378682da42bd1a58aab6ca5840f8b95202f6,40,58958718,2026-09-10T00:00:52+00:00,2026-09-10,buy_stock,22388848402,-100000000001283287261,-100.000000001283287261,22388.848402,100.000000001283287261,0
4663:0x4ac23f2e58e2c4962dcd701c2beff581e87f3995152a29d527c07a3afd67d956:0,post_effective,2026-09-09T23:50:42+00:00,2026-09-10T00:00:30+00:00,2026-09-10T00:10:18+00:00,4663:0x594319438bc70068b648b1d897a5664c0e8e82f4943837df602e54b74ab9d4af:87,NVDA,v3,0x594319438bc70068b648b1d897a5664c0e8e82f4943837df602e54b74ab9d4af,87,58958788,2026-09-10T00:00:59+00:00,2026-09-10,buy_stablecoin,-897141969,4010795899693764975,4.010795899693764975,-897.141969,0,897.141969
4663:0x4ac23f2e58e2c4962dcd701c2beff581e87f3995152a29d527c07a3afd67d956:0,post_effective,2026-09-09T23:50:42+00:00,2026-09-10T00:00:30+00:00,2026-09-10T00:10:18+00:00,4663:0x293a556e8aa3abcd4e00267e7bde302516e14c60d6a87489fae34d9bc1d79bea:18,NVDA,v3,0x293a556e8aa3abcd4e00267e7bde302516e14c60d6a87489fae34d9bc1d79bea,18,58958815,2026-09-10T00:01:02+00:00,2026-09-10,buy_stock,21785570646,-97290761367545241639,-97.290761367545241639,21785.570646,97.290761367545241639,0
4663:0x4ac23f2e58e2c4962dcd701c2beff581e87f3995152a29d527c07a3afd67d956:0,post_effective,2026-09-09T23:50:42+00:00,2026-09-10T00:00:30+00:00,2026-09-10T00:10:18+00:00,4663:0xd030f5745d2d62179f6a691e9f3bb24054bccdeea33c2560f184dd3209b0fcb7:26,NVDA,v3,0xd030f5745d2d62179f6a691e9f3bb24054bccdeea33c2560f184dd3209b0fcb7,26,58958836,2026-09-10T00:01:04+00:00,2026-09-10,buy_stock,324712911,-1449999999999999956,-1.449999999999999956,324.712911,1.449999999999999956,0
4663:0x4ac23f2e58e2c4962dcd701c2beff581e87f3995152a29d527c07a3afd67d956:0,post_effective,2026-09-09T23:50:42+00:00,2026-09-10T00:00:30+00:00,2026-09-10T00:10:18+00:00,4663:0x6cc5c64f8c30d4186d623e84aeca5cfdd9a7a4ed49492dbafcde6ec19a47c11d:30,NVDA,v3,0x6cc5c64f8c30d4186d623e84aeca5cfdd9a7a4ed49492dbafcde6ec19a47c11d,30,58958836,2026-09-10T00:01:04+00:00,2026-09-10,buy_stock,998776832,-4459999999999999964,-4.459999999999999964,998.776832,4.459999999999999964,0
4663:0x4ac23f2e58e2c4962dcd701c2beff581e87f3995152a29d527c07a3afd67d956:0,post_effective,2026-09-09T23:50:42+00:00,2026-09-10T00:00:30+00:00,2026-09-10T00:10:18+00:00,4663:0x9c899bb0c4dd2aebca0096affffa8b09672215cdaede08d412b4406cee572305:34,NVDA,v3,0x9c899bb0c4dd2aebca0096affffa8b09672215cdaede08d412b4406cee572305,34,58958836,2026-09-10T00:01:04+00:00,2026-09-10,buy_stock,678545267,-3029999999999999361,-3.029999999999999361,678.545267,3.029999999999999361,0
4663:0x4ac23f2e58e2c4962dcd701c2beff581e87f3995152a29d527c07a3afd67d956:0,post_effective,2026-09-09T23:50:42+00:00,2026-09-10T00:00:30+00:00,2026-09-10T00:10:18+00:00,4663:0x70d0e210a0028cd352c3ce5a9a502e82d4b1572081c612ff109b7af2544d8ac9:41,NVDA,v3,0x70d0e210a0028cd352c3ce5a9a502e82d4b1572081c612ff109b7af2544d8ac9,41,58958836,2026-09-10T00:01:04+00:00,2026-09-10,buy_stock,21418316454,-95634577516429096092,-95.634577516429096092,21418.316454,95.634577516429096092,0
4663:0x4ac23f2e58e2c4962dcd701c2beff581e87f3995152a29d527c07a3afd67d956:0,post_effective,2026-09-09T23:50:42+00:00,2026-09-10T00:00:30+00:00,2026-09-10T00:10:18+00:00,4663:0xaf87623d73f3b9e285f382a8014644cd424e04c15c4f7b12a2f04ef17fb0cfc4:5,NVDA,v3,0xaf87623d73f3b9e285f382a8014644cd424e04c15c4f7b12a2f04ef17fb0cfc4,5,58958837,2026-09-10T00:01:04+00:00,2026-09-10,buy_stablecoin,-659790457,2948749809507275450,2.94874980950727545,-659.790457,0,659.790457
4663:0x4ac23f2e58e2c4962dcd701c2beff581e87f3995152a29d527c07a3afd67d956:0,post_effective,2026-09-09T23:50:42+00:00,2026-09-10T00:00:30+00:00,2026-09-10T00:10:18+00:00,4663:0x2a572bc4d0214435a8c2f54cfcdcebde8e0351cb0d4d570cb893dc6ff475309d:9,NVDA,v3,0x2a572bc4d0214435a8c2f54cfcdcebde8e0351cb0d4d570cb893dc6ff475309d,9,58958837,2026-09-10T00:01:04+00:00,2026-09-10,buy_stock,992217191,-4429999999999999716,-4.429999999999999716,992.217191,4.429999999999999716,0
4663:0x4ac23f2e58e2c4962dcd701c2beff581e87f3995152a29d527c07a3afd67d956:0,post_effective,2026-09-09T23:50:42+00:00,2026-09-10T00:00:30+00:00,2026-09-10T00:10:18+00:00,4663:0x6dc35c110d7b58df2817b0c31258f19131aa883c224bcf7cb41b5fca232ebab8:15,NVDA,v3,0x6dc35c110d7b58df2817b0c31258f19131aa883c224bcf7cb41b5fca232ebab8,15,58958837,2026-09-10T00:01:04+00:00,2026-09-10,buy_stock,998943581,-4460000000000000853,-4.460000000000000853,998.943581,4.460000000000000853,0
4663:0x4ac23f2e58e2c4962dcd701c2beff581e87f3995152a29d527c07a3afd67d956:0,post_effective,2026-09-09T23:50:42+00:00,2026-09-10T00:00:30+00:00,2026-09-10T00:10:18+00:00,4663:0xa952dd43bcb81ccde374dcc6fe7dc9bba84b8d92956c1adf223803c1d7d3bd1f:76,NVDA,v3,0xa952dd43bcb81ccde374dcc6fe7dc9bba84b8d92956c1adf223803c1d7d3bd1f,76,58958858,2026-09-10T00:01:06+00:00,2026-09-10,buy_stablecoin,-13979942479,62481835943595163659,62.481835943595163659,-13979.942479,0,13979.942479
4663:0x4ac23f2e58e2c4962dcd701c2beff581e87f3995152a29d527c07a3afd67d956:0,post_effective,2026-09-09T23:50:42+00:00,2026-09-10T00:00:30+00:00,2026-09-10T00:10:18+00:00,4663:0x03b6730778afe3ffa83b0b044a7aaad801fcfa9849feae51ccd4744df20bfcd4:11,NVDA,v3,0x03b6730778afe3ffa83b0b044a7aaad801fcfa9849feae51ccd4744df20bfcd4,11,58958870,2026-09-10T00:01:08+00:00,2026-09-10,buy_stablecoin,-4918083,21981934516642309,0.021981934516642309,-4.918083,0,4.918083
4663:0x4ac23f2e58e2c4962dcd701c2beff581e87f3995152a29d527c07a3afd67d956:0,post_effective,2026-09-09T23:50:42+00:00,2026-09-10T00:00:30+00:00,2026-09-10T00:10:18+00:00,4663:0x5a73fb793a1a0257d49e35b313ea295571f720c2f90cf2e44118027c1a44e4fe:23,NVDA,v3,0x5a73fb793a1a0257d49e35b313ea295571f720c2f90cf2e44118027c1a44e4fe,23,58958915,2026-09-10T00:01:12+00:00,2026-09-10,buy_stablecoin,-1732,7745587583105,0.000007745587583105,-0.001732,0,0.001732
4663:0x4ac23f2e58e2c4962dcd701c2beff581e87f3995152a29d527c07a3afd67d956:0,post_effective,2026-09-09T23:50:42+00:00,2026-09-10T00:00:30+00:00,2026-09-10T00:10:18+00:00,4663:0x5b875342af2f6dc2ac264f47e5811c3e847a5774a2d83610b8d3188ab6ad7432:79,NVDA,v3,0x5b875342af2f6dc2ac264f47e5811c3e847a5774a2d83610b8d3188ab6ad7432,79,58958925,2026-09-10T00:01:13+00:00,2026-09-10,buy_stock,3244022591,-14484866670561870365,-14.484866670561870365,3244.022591,14.484866670561870365,0
4663:0x4ac23f2e58e2c4962dcd701c2beff581e87f3995152a29d527c07a3afd67d956:0,post_effective,2026-09-09T23:50:42+00:00,2026-09-10T00:00:30+00:00,2026-09-10T00:10:18+00:00,4663:0xf33ddae4597b3847ba18d8837b151971f973cbf52c902b7dadb5c97098645211:3,NVDA,v3,0xf33ddae4597b3847ba18d8837b151971f973cbf52c902b7dadb5c97098645211,3,58958927,2026-09-10T00:01:13+00:00,2026-09-10,buy_stock,3072786905,-13719974410559200776,-13.719974410559200776,3072.786905,13.719974410559200776,0
4663:0x4ac23f2e58e2c4962dcd701c2beff581e87f3995152a29d527c07a3afd67d956:0,post_effective,2026-09-09T23:50:42+00:00,2026-09-10T00:00:30+00:00,2026-09-10T00:10:18+00:00,4663:0xfab26f5250e83e86322174a27e20195fbe06311dd6451aa4aeb6db958b09140a:4,NVDA,v3,0xfab26f5250e83e86322174a27e20195fbe06311dd6451aa4aeb6db958b09140a,4,58958979,2026-09-10T00:01:19+00:00,2026-09-10,buy_stock,3094610474,-13817112901258960743,-13.817112901258960743,3094.610474,13.817112901258960743,0
4663:0x4ac23f2e58e2c4962dcd701c2beff581e87f3995152a29d527c07a3afd67d956:0,post_effective,2026-09-09T23:50:42+00:00,2026-09-10T00:00:30+00:00,2026-09-10T00:10:18+00:00,4663:0xab737f7862f0ffcd848e4da027b9fe877b4f76edb544661d1c0203003bd6e03a:12,NVDA,v3,0xab737f7862f0ffcd848e4da027b9fe877b4f76edb544661d1c0203003bd6e03a,12,58958982,2026-09-10T00:01:19+00:00,2026-09-10,buy_stock,3273944502,-14617488956200051909,-14.617488956200051909,3273.944502,14.617488956200051909,0
4663:0x4ac23f2e58e2c4962dcd701c2beff581e87f3995152a29d527c07a3afd67d956:0,post_effective,2026-09-09T23:50:42+00:00,2026-09-10T00:00:30+00:00,2026-09-10T00:10:18+00:00,4663:0x85c25046b513b8e097cc8c3ea542b6a048fa8647bea8851309d63ef65939e471:94,NVDA,v3,0x85c25046b513b8e097cc8c3ea542b6a048fa8647bea8851309d63ef65939e471,94,58958983,2026-09-10T00:01:19+00:00,2026-09-10,buy_stock,3102659412,-13852421551767359134,-13.852421551767359134,3102.659412,13.852421551767359134,0
4663:0x4ac23f2e58e2c4962dcd701c2beff581e87f3995152a29d527c07a3afd67d956:0,post_effective,2026-09-09T23:50:42+00:00,2026-09-10T00:00:30+00:00,2026-09-10T00:10:18+00:00,4663:0x6ebe19b7288f8e0332e4fbe3fb30d7cdabb8dfd41da74bce6e021fcc794bb20d:10,NVDA,v3,0x6ebe19b7288f8e0332e4fbe3fb30d7cdabb8dfd41da74bce6e021fcc794bb20d,10,58959073,2026-09-10T00:01:28+00:00,2026-09-10,buy_stablecoin,-22125600,98881785307486357,0.098881785307486357,-22.1256,0,22.1256
4663:0x4ac23f2e58e2c4962dcd701c2beff581e87f3995152a29d527c07a3afd67d956:0,post_effective,2026-09-09T23:50:42+00:00,2026-09-10T00:00:30+00:00,2026-09-10T00:10:18+00:00,4663:0xe22f4167340f683bd0c66e975f8f35b97b0d76ece27d0814e2afa6df4d7f9eed:10,NVDA,v3,0xe22f4167340f683bd0c66e975f8f35b97b0d76ece27d0814e2afa6df4d7f9eed,10,58959079,2026-09-10T00:01:29+00:00,2026-09-10,buy_stock,73301156,-327263500016282204,-0.327263500016282204,73.301156,0.327263500016282204,0
4663:0x4ac23f2e58e2c4962dcd701c2beff581e87f3995152a29d527c07a3afd67d956:0,post_effective,2026-09-09T23:50:42+00:00,2026-09-10T00:00:30+00:00,2026-09-10T00:10:18+00:00,4663:0x133cfba5c054446cdba8067d262ee23df1d94cfabfff21672e4f54783629f891:64,NVDA,v3,0x133cfba5c054446cdba8067d262ee23df1d94cfabfff21672e4f54783629f891,64,58959095,2026-09-10T00:01:30+00:00,2026-09-10,buy_stablecoin,-250928611,1121428555718640966,1.121428555718640966,-250.928611,0,250.928611
4663:0x4ac23f2e58e2c4962dcd701c2beff581e87f3995152a29d527c07a3afd67d956:0,post_effective,2026-09-09T23:50:42+00:00,2026-09-10T00:00:30+00:00,2026-09-10T00:10:18+00:00,4663:0xfee96adf89406ba176c17610b8612fb31bcd0692d4fdbf772694d8cb64cf9cf4:19,NVDA,v3,0xfee96adf89406ba176c17610b8612fb31bcd0692d4fdbf772694d8cb64cf9cf4,19,58959096,2026-09-10T00:01:31+00:00,2026-09-10,buy_stablecoin,-26152926,116880521727631744,0.116880521727631744,-26.152926,0,26.152926
4663:0x4ac23f2e58e2c4962dcd701c2beff581e87f3995152a29d527c07a3afd67d956:0,post_effective,2026-09-09T23:50:42+00:00,2026-09-10T00:00:30+00:00,2026-09-10T00:10:18+00:00,4663:0x67876f7a3b976666dd70109dbec3c134e5ccde725c0a766b7dd1f0ab00857528:6,NVDA,v3,0x67876f7a3b976666dd70109dbec3c134e5ccde725c0a766b7dd1f0ab00857528,6,58959101,2026-09-10T00:01:31+00:00,2026-09-10,buy_stock,158400000,-707200283524596689,-0.707200283524596689,158.4,0.707200283524596689,0
4663:0x4ac23f2e58e2c4962dcd701c2beff581e87f3995152a29d527c07a3afd67d956:0,post_effective,2026-09-09T23:50:42+00:00,2026-09-10T00:00:30+00:00,2026-09-10T00:10:18+00:00,4663:0xbb427f9804961a9509d51e147d4efc2a4bad87b93236e9b20f097c72ae48b3f5:31,NVDA,v3,0xbb427f9804961a9509d51e147d4efc2a4bad87b93236e9b20f097c72ae48b3f5,31,58959101,2026-09-10T00:01:31+00:00,2026-09-10,buy_stablecoin,-2605756,11645421631950574,0.011645421631950574,-2.605756,0,2.605756
4663:0x4ac23f2e58e2c4962dcd701c2beff581e87f3995152a29d527c07a3afd67d956:0,post_effective,2026-09-09T23:50:42+00:00,2026-09-10T00:00:30+00:00,2026-09-10T00:10:18+00:00,4663:0x6f2ff6883f29c7e2e5e3fb7fd5a9f5c502b327466895670345719d52e88f3f2b:6,NVDA,v3,0x6f2ff6883f29c7e2e5e3fb7fd5a9f5c502b327466895670345719d52e88f3f2b,6,58959120,2026-09-10T00:01:33+00:00,2026-09-10,buy_stablecoin,-2418761481,10809813548540460192,10.809813548540460192,-2418.761481,0,2418.761481
4663:0x4ac23f2e58e2c4962dcd701c2beff581e87f3995152a29d527c07a3afd67d956:0,post_effective,2026-09-09T23:50:42+00:00,2026-09-10T00:00:30+00:00,2026-09-10T00:10:18+00:00,4663:0xdb3b8f7079aceb0842ff24241b95a04c6a6bfa56022c1189edfaf03285a16de5:32,NVDA,v3,0xdb3b8f7079aceb0842ff24241b95a04c6a6bfa56022c1189edfaf03285a16de5,32,58959134,2026-09-10T00:01:34+00:00,2026-09-10,buy_stock,123402588,-550958103269891033,-0.550958103269891033,123.402588,0.550958103269891033,0
4663:0x4ac23f2e58e2c4962dcd701c2beff581e87f3995152a29d527c07a3afd67d956:0,post_effective,2026-09-09T23:50:42+00:00,2026-09-10T00:00:30+00:00,2026-09-10T00:10:18+00:00,4663:0x9a068704fb1a069cb14ff6f8934ee2ce4ef0069e5d0c7a7fcda5fd97bb71f4b3:15,NVDA,v3,0x9a068704fb1a069cb14ff6f8934ee2ce4ef0069e5d0c7a7fcda5fd97bb71f4b3,15,58959175,2026-09-10T00:01:38+00:00,2026-09-10,buy_stablecoin,-108093082,483088377407871277,0.483088377407871277,-108.093082,0,108.093082
4663:0x4ac23f2e58e2c4962dcd701c2beff581e87f3995152a29d527c07a3afd67d956:0,post_effective,2026-09-09T23:50:42+00:00,2026-09-10T00:00:30+00:00,2026-09-10T00:10:18+00:00,4663:0x21bc891d0686b6ceebf8ac44d6307c07d5bd50fe3e4298bc08f1c1c2240a0d83:109,NVDA,v3,0x21bc891d0686b6ceebf8ac44d6307c07d5bd50fe3e4298bc08f1c1c2240a0d83,109,58959178,2026-09-10T00:01:39+00:00,2026-09-10,buy_stablecoin,-328340460,1467417750216487189,1.467417750216487189,-328.34046,0,328.34046
4663:0x4ac23f2e58e2c4962dcd701c2beff581e87f3995152a29d527c07a3afd67d956:0,post_effective,2026-09-09T23:50:42+00:00,2026-09-10T00:00:30+00:00,2026-09-10T00:10:18+00:00,4663:0x16b32745a65eba249a612a18357988c58c8e1805492eea64b155ec909ec02cfa:74,NVDA,v3,0x16b32745a65eba249a612a18357988c58c8e1805492eea64b155ec909ec02cfa,74,58959197,2026-09-10T00:01:41+00:00,2026-09-10,buy_stock,733180559,-3273446713454049801,-3.273446713454049801,733.180559,3.273446713454049801,0
4663:0x4ac23f2e58e2c4962dcd701c2beff581e87f3995152a29d527c07a3afd67d956:0,post_effective,2026-09-09T23:50:42+00:00,2026-09-10T00:00:30+00:00,2026-09-10T00:10:18+00:00,4663:0xa7cc9768a09e351453895ebf907763bd59f5673622a7fb9d468d64d21e652ed6:33,NVDA,v3,0xa7cc9768a09e351453895ebf907763bd59f5673622a7fb9d468d64d21e652ed6,33,58959207,2026-09-10T00:01:42+00:00,2026-09-10,buy_stock,425761776,-1900899738401952288,-1.900899738401952288,425.761776,1.900899738401952288,0
4663:0x4ac23f2e58e2c4962dcd701c2beff581e87f3995152a29d527c07a3afd67d956:0,post_effective,2026-09-09T23:50:42+00:00,2026-09-10T00:00:30+00:00,2026-09-10T00:10:18+00:00,4663:0x3d47f66d35f709b4d1f81799d8e25f612e7d403ce11a5f780cb70ef740d41405:26,NVDA,v3,0x3d47f66d35f709b4d1f81799d8e25f612e7d403ce11a5f780cb70ef740d41405,26,58959221,2026-09-10T00:01:43+00:00,2026-09-10,buy_stablecoin,-3945597,17633521974455460,0.01763352197445546,-3.945597,0,3.945597
4663:0x4ac23f2e58e2c4962dcd701c2beff581e87f3995152a29d527c07a3afd67d956:0,post_effective,2026-09-09T23:50:42+00:00,2026-09-10T00:00:30+00:00,2026-09-10T00:10:18+00:00,4663:0x88ca80e9c3899c8b0d473fe29f0bcc01c9923ba9defe39362ca4917522c035ef:21,NVDA,v3,0x88ca80e9c3899c8b0d473fe29f0bcc01c9923ba9defe39362ca4917522c035ef,21,58959275,2026-09-10T00:01:49+00:00,2026-09-10,buy_stablecoin,-10578194,47275690340607636,0.047275690340607636,-10.578194,0,10.578194
4663:0x4ac23f2e58e2c4962dcd701c2beff581e87f3995152a29d527c07a3afd67d956:0,post_effective,2026-09-09T23:50:42+00:00,2026-09-10T00:00:30+00:00,2026-09-10T00:10:18+00:00,4663:0x9ab2bead63167292beb810af35c310e86bd7b1b63feea8f56e1f6c07e8200b28:173,NVDA,v3,0x9ab2bead63167292beb810af35c310e86bd7b1b63feea8f56e1f6c07e8200b28,173,58959330,2026-09-10T00:01:54+00:00,2026-09-10,buy_stablecoin,-104485007,466960848947230720,0.46696084894723072,-104.485007,0,104.485007
4663:0x4ac23f2e58e2c4962dcd701c2beff581e87f3995152a29d527c07a3afd67d956:0,post_effective,2026-09-09T23:50:42+00:00,2026-09-10T00:00:30+00:00,2026-09-10T00:10:18+00:00,4663:0x21813f5f1976beabf4025c64ed0a85911bb1d486f3f8ca050eabde67ea79473d:12,NVDA,v3,0x21813f5f1976beabf4025c64ed0a85911bb1d486f3f8ca050eabde67ea79473d,12,58959346,2026-09-10T00:01:56+00:00,2026-09-10,buy_stablecoin,-101482043,453540438310514267,0.453540438310514267,-101.482043,0,101.482043
4663:0x4ac23f2e58e2c4962dcd701c2beff581e87f3995152a29d527c07a3afd67d956:0,post_effective,2026-09-09T23:50:42+00:00,2026-09-10T00:00:30+00:00,2026-09-10T00:10:18+00:00,4663:0xe7cb0f53d18deaf1024401c0fde7d5a1f86a342751e71396464218c8401bd34b:10,NVDA,v3,0xe7cb0f53d18deaf1024401c0fde7d5a1f86a342751e71396464218c8401bd34b,10,58959348,2026-09-10T00:01:56+00:00,2026-09-10,buy_stablecoin,-112890028,504525040704948050,0.50452504070494805,-112.890028,0,112.890028
4663:0x4ac23f2e58e2c4962dcd701c2beff581e87f3995152a29d527c07a3afd67d956:0,post_effective,2026-09-09T23:50:42+00:00,2026-09-10T00:00:30+00:00,2026-09-10T00:10:18+00:00,4663:0x62d980ea1ec7681868afdcbdd418416a3b99144375a88b7bd2a22b7df2e30f16:64,NVDA,v3,0x62d980ea1ec7681868afdcbdd418416a3b99144375a88b7bd2a22b7df2e30f16,64,58959363,2026-09-10T00:01:57+00:00,2026-09-10,buy_stablecoin,-16891369,75490482290306856,0.075490482290306856,-16.891369,0,16.891369
4663:0x4ac23f2e58e2c4962dcd701c2beff581e87f3995152a29d527c07a3afd67d956:0,post_effective,2026-09-09T23:50:42+00:00,2026-09-10T00:00:30+00:00,2026-09-10T00:10:18+00:00,4663:0x4b05a285579dc9b334d0452c36fc5e5e4266cd2580be3a87bdc0ac951ef4e25f:14,NVDA,v3,0x4b05a285579dc9b334d0452c36fc5e5e4266cd2580be3a87bdc0ac951ef4e25f,14,58959371,2026-09-10T00:01:58+00:00,2026-09-10,buy_stablecoin,-706629,3158053048452043,0.003158053048452043,-0.706629,0,0.706629
4663:0x4ac23f2e58e2c4962dcd701c2beff581e87f3995152a29d527c07a3afd67d956:0,post_effective,2026-09-09T23:50:42+00:00,2026-09-10T00:00:30+00:00,2026-09-10T00:10:18+00:00,4663:0x9f6b8d9888ff90238c422c487bcb73ebe81b9aebd44785f4f7809e2a52108946:45,NVDA,v3,0x9f6b8d9888ff90238c422c487bcb73ebe81b9aebd44785f4f7809e2a52108946,45,58959372,2026-09-10T00:01:58+00:00,2026-09-10,buy_stock,114756185,-512352537059149970,-0.51235253705914997,114.756185,0.51235253705914997,0
4663:0x4ac23f2e58e2c4962dcd701c2beff581e87f3995152a29d527c07a3afd67d956:0,post_effective,2026-09-09T23:50:42+00:00,2026-09-10T00:00:30+00:00,2026-09-10T00:10:18+00:00,4663:0xb70630bb762b313497b739b297f03f9a49b4bd4eeff01138c00ce3205e94a552:29,NVDA,v3,0xb70630bb762b313497b739b297f03f9a49b4bd4eeff01138c00ce3205e94a552,29,58959410,2026-09-10T00:02:02+00:00,2026-09-10,buy_stablecoin,-158762327,709536466789780434,0.709536466789780434,-158.762327,0,158.762327
4663:0x4ac23f2e58e2c4962dcd701c2beff581e87f3995152a29d527c07a3afd67d956:0,post_effective,2026-09-09T23:50:42+00:00,2026-09-10T00:00:30+00:00,2026-09-10T00:10:18+00:00,4663:0x18763a1160e6b899661660e2b9097740081528c948d3ebfda974d6e1eaa6c331:46,NVDA,v3,0x18763a1160e6b899661660e2b9097740081528c948d3ebfda974d6e1eaa6c331,46,58959410,2026-09-10T00:02:02+00:00,2026-09-10,buy_stablecoin,-294584823,1316552963701482036,1.316552963701482036,-294.584823,0,294.584823
4663:0x4ac23f2e58e2c4962dcd701c2beff581e87f3995152a29d527c07a3afd67d956:0,post_effective,2026-09-09T23:50:42+00:00,2026-09-10T00:00:30+00:00,2026-09-10T00:10:18+00:00,4663:0xc7f3c22229cc39f563552c37ebb1344d273e369479702b27abccd5bc27ce2c10:14,NVDA,v3,0xc7f3c22229cc39f563552c37ebb1344d273e369479702b27abccd5bc27ce2c10,14,58959437,2026-09-10T00:02:05+00:00,2026-09-10,buy_stablecoin,-239455914,1070173916273537029,1.070173916273537029,-239.455914,0,239.455914
4663:0x4ac23f2e58e2c4962dcd701c2beff581e87f3995152a29d527c07a3afd67d956:0,post_effective,2026-09-09T23:50:42+00:00,2026-09-10T00:00:30+00:00,2026-09-10T00:10:18+00:00,4663:0x247601bdbb50f63752d655ac7f6cf7b608ad69f3aeade2677eec6470ffca9daa:31,NVDA,v3,0x247601bdbb50f63752d655ac7f6cf7b608ad69f3aeade2677eec6470ffca9daa,31,58959437,2026-09-10T00:02:05+00:00,2026-09-10,buy_stablecoin,-172164880,769438643830156231,0.769438643830156231,-172.16488,0,172.16488
4663:0x4ac23f2e58e2c4962dcd701c2beff581e87f3995152a29d527c07a3afd67d956:0,post_effective,2026-09-09T23:50:42+00:00,2026-09-10T00:00:30+00:00,2026-09-10T00:10:18+00:00,4663:0xde684126e556b59036d939913f9a2ebcfecc0dd7dc8a20afd5ce30b4ec6716d6:27,NVDA,v3,0xde684126e556b59036d939913f9a2ebcfecc0dd7dc8a20afd5ce30b4ec6716d6,27,58959441,2026-09-10T00:02:05+00:00,2026-09-10,buy_stablecoin,-112685191,503612750910964450,0.50361275091096445,-112.685191,0,112.685191
4663:0x4ac23f2e58e2c4962dcd701c2beff581e87f3995152a29d527c07a3afd67d956:0,post_effective,2026-09-09T23:50:42+00:00,2026-09-10T00:00:30+00:00,2026-09-10T00:10:18+00:00,4663:0x0c27c457c5006073ed79f74db3d2c975db6b8e548c885a9c7528869938d4cd59:13,NVDA,v3,0x0c27c457c5006073ed79f74db3d2c975db6b8e548c885a9c7528869938d4cd59,13,58959455,2026-09-10T00:02:07+00:00,2026-09-10,buy_stock,24431714,-109081107175582077,-0.109081107175582077,24.431714,0.109081107175582077,0
4663:0x4ac23f2e58e2c4962dcd701c2beff581e87f3995152a29d527c07a3afd67d956:0,post_effective,2026-09-09T23:50:42+00:00,2026-09-10T00:00:30+00:00,2026-09-10T00:10:18+00:00,4663:0x1627879b18bb7a2762e0b3aa2925e9121686290fa045b4cac7c521df11ad7ff0:65,NVDA,v3,0x1627879b18bb7a2762e0b3aa2925e9121686290fa045b4cac7c521df11ad7ff0,65,58959558,2026-09-10T00:02:17+00:00,2026-09-10,buy_stablecoin,-11817422,52814448331318538,0.052814448331318538,-11.817422,0,11.817422
4663:0x4ac23f2e58e2c4962dcd701c2beff581e87f3995152a29d527c07a3afd67d956:0,post_effective,2026-09-09T23:50:42+00:00,2026-09-10T00:00:30+00:00,2026-09-10T00:10:18+00:00,4663:0x3eed2c5aedcabeec91a9fcec593733ab7917e6e67a3a42e1f3f142130b9ee422:10,NVDA,v3,0x3eed2c5aedcabeec91a9fcec593733ab7917e6e67a3a42e1f3f142130b9ee422,10,58959570,2026-09-10T00:02:18+00:00,2026-09-10,buy_stablecoin,-304238440,1359704590617517585,1.359704590617517585,-304.23844,0,304.23844
4663:0x4ac23f2e58e2c4962dcd701c2beff581e87f3995152a29d527c07a3afd67d956:0,post_effective,2026-09-09T23:50:42+00:00,2026-09-10T00:00:30+00:00,2026-09-10T00:10:18+00:00,4663:0xdfdf1794ee8f2ca6e709603739a71fdce906002b22161d1b4f522ff925304a51:14,NVDA,v3,0xdfdf1794ee8f2ca6e709603739a71fdce906002b22161d1b4f522ff925304a51,14,58959647,2026-09-10T00:02:26+00:00,2026-09-10,buy_stablecoin,-75169332,335947766294850131,0.335947766294850131,-75.169332,0,75.169332
4663:0x4ac23f2e58e2c4962dcd701c2beff581e87f3995152a29d527c07a3afd67d956:0,post_effective,2026-09-09T23:50:42+00:00,2026-09-10T00:00:30+00:00,2026-09-10T00:10:18+00:00,4663:0x4f47f20526b1539f74b83bef725a3577d9332e34ef634c29046539a479be281f:45,NVDA,v3,0x4f47f20526b1539f74b83bef725a3577d9332e34ef634c29046539a479be281f,45,58959659,2026-09-10T00:02:27+00:00,2026-09-10,buy_stock,244381049,-1091098410880819547,-1.091098410880819547,244.381049,1.091098410880819547,0
4663:0x4ac23f2e58e2c4962dcd701c2beff581e87f3995152a29d527c07a3afd67d956:0,post_effective,2026-09-09T23:50:42+00:00,2026-09-10T00:00:30+00:00,2026-09-10T00:10:18+00:00,4663:0x8cce48a3a58d4b0fb5e879d0cdfe9ee89c28dde75b9047134a53d32be4b4d674:45,NVDA,v3,0x8cce48a3a58d4b0fb5e879d0cdfe9ee89c28dde75b9047134a53d32be4b4d674,45,58959666,2026-09-10T00:02:28+00:00,2026-09-10,buy_stablecoin,-59665893,266659255666125908,0.266659255666125908,-59.665893,0,59.665893
4663:0x4ac23f2e58e2c4962dcd701c2beff581e87f3995152a29d527c07a3afd67d956:0,post_effective,2026-09-09T23:50:42+00:00,2026-09-10T00:00:30+00:00,2026-09-10T00:10:18+00:00,4663:0x87c8d9c3c29bd2ee5cc5261eb4c9b1fdaf0628970fd8bc15e185bf95b0e67908:31,NVDA,v3,0x87c8d9c3c29bd2ee5cc5261eb4c9b1fdaf0628970fd8bc15e185bf95b0e67908,31,58959765,2026-09-10T00:02:38+00:00,2026-09-10,buy_stock,17279353,-77147818146788809,-0.077147818146788809,17.279353,0.077147818146788809,0
4663:0x4ac23f2e58e2c4962dcd701c2beff581e87f3995152a29d527c07a3afd67d956:0,post_effective,2026-09-09T23:50:42+00:00,2026-09-10T00:00:30+00:00,2026-09-10T00:10:18+00:00,4663:0x84b43801b79de2c7988b0ef3d9bfb7ca009b1977345ce37bf3083a1a5810f790:60,NVDA,v3,0x84b43801b79de2c7988b0ef3d9bfb7ca009b1977345ce37bf3083a1a5810f790,60,58959859,2026-09-10T00:02:48+00:00,2026-09-10,buy_stablecoin,-8042532706,35944780980223146703,35.944780980223146703,-8042.532706,0,8042.532706
4663:0x4ac23f2e58e2c4962dcd701c2beff581e87f3995152a29d527c07a3afd67d956:0,post_effective,2026-09-09T23:50:42+00:00,2026-09-10T00:00:30+00:00,2026-09-10T00:10:18+00:00,4663:0x5d4e6703daa14967476afe8b918d5fe87dcd495ed1e7be7b9d056380e78ca0c2:36,NVDA,v3,0x5d4e6703daa14967476afe8b918d5fe87dcd495ed1e7be7b9d056380e78ca0c2,36,58959903,2026-09-10T00:02:52+00:00,2026-09-10,buy_stock,4311092,-19249005284404447,-0.019249005284404447,4.311092,0.019249005284404447,0
4663:0x4ac23f2e58e2c4962dcd701c2beff581e87f3995152a29d527c07a3afd67d956:0,post_effective,2026-09-09T23:50:42+00:00,2026-09-10T00:00:30+00:00,2026-09-10T00:10:18+00:00,4663:0xc2fbaccf45f8cf6b6e0341a2c64dc4d87a1064be61eb703d9999758302d9822a:11,NVDA,v3,0xc2fbaccf45f8cf6b6e0341a2c64dc4d87a1064be61eb703d9999758302d9822a,11,58959934,2026-09-10T00:02:55+00:00,2026-09-10,buy_stock,73325787,-327399233812262266,-0.327399233812262266,73.325787,0.327399233812262266,0
4663:0x4ac23f2e58e2c4962dcd701c2beff581e87f3995152a29d527c07a3afd67d956:0,post_effective,2026-09-09T23:50:42+00:00,2026-09-10T00:00:30+00:00,2026-09-10T00:10:18+00:00,4663:0xf253865f8ba9d1046bcc1d5f45e3c62f3adb42edabb011b1c00fa464a8b38e21:23,NVDA,v3,0xf253865f8ba9d1046bcc1d5f45e3c62f3adb42edabb011b1c00fa464a8b38e21,23,58959947,2026-09-10T00:02:57+00:00,2026-09-10,buy_stablecoin,-53758813,240273002262737819,0.240273002262737819,-53.758813,0,53.758813
4663:0x4ac23f2e58e2c4962dcd701c2beff581e87f3995152a29d527c07a3afd67d956:0,post_effective,2026-09-09T23:50:42+00:00,2026-09-10T00:00:30+00:00,2026-09-10T00:10:18+00:00,4663:0xfc35978132998b41eb2dc727b73986d99706ca993eb55157578543ba2a670cad:60,NVDA,v3,0xfc35978132998b41eb2dc727b73986d99706ca993eb55157578543ba2a670cad,60,58960013,2026-09-10T00:03:03+00:00,2026-09-10,buy_stablecoin,-1002188557,4479261051144053558,4.479261051144053558,-1002.188557,0,1002.188557
4663:0x4ac23f2e58e2c4962dcd701c2beff581e87f3995152a29d527c07a3afd67d956:0,post_effective,2026-09-09T23:50:42+00:00,2026-09-10T00:00:30+00:00,2026-09-10T00:10:18+00:00,4663:0xf92a6e61e536da316a1149f0875663d03173a8ab18b256ea5fa66d02fd7f52de:46,NVDA,v3,0xf92a6e61e536da316a1149f0875663d03173a8ab18b256ea5fa66d02fd7f52de,46,58960062,2026-09-10T00:03:08+00:00,2026-09-10,buy_stablecoin,-79975268,357449187066342243,0.357449187066342243,-79.975268,0,79.975268
4663:0x4ac23f2e58e2c4962dcd701c2beff581e87f3995152a29d527c07a3afd67d956:0,post_effective,2026-09-09T23:50:42+00:00,2026-09-10T00:00:30+00:00,2026-09-10T00:10:18+00:00,4663:0xb0f4e0ec3884d54d9d1ed1c826976a8756b5bdd72f96754fed1c7e2b01db9d83:20,NVDA,v3,0xb0f4e0ec3884d54d9d1ed1c826976a8756b5bdd72f96754fed1c7e2b01db9d83,20,58960063,2026-09-10T00:03:08+00:00,2026-09-10,buy_stablecoin,-105444509,471284184387520836,0.471284184387520836,-105.444509,0,105.444509
4663:0x4ac23f2e58e2c4962dcd701c2beff581e87f3995152a29d527c07a3afd67d956:0,post_effective,2026-09-09T23:50:42+00:00,2026-09-10T00:00:30+00:00,2026-09-10T00:10:18+00:00,4663:0xdbea722c1c109093af9cd9e25ee448d4a2f2198eeb4d68a43c07212538b46a73:67,NVDA,v3,0xdbea722c1c109093af9cd9e25ee448d4a2f2198eeb4d68a43c07212538b46a73,67,58960072,2026-09-10T00:03:09+00:00,2026-09-10,buy_stablecoin,-7116915134,31809867819572321760,31.80986781957232176,-7116.915134,0,7116.915134
4663:0x4ac23f2e58e2c4962dcd701c2beff581e87f3995152a29d527c07a3afd67d956:0,post_effective,2026-09-09T23:50:42+00:00,2026-09-10T00:00:30+00:00,2026-09-10T00:10:18+00:00,4663:0x285ce595ae647a4c98e237db4f273e553286966b82e7060fc9cca324e7654134:89,NVDA,v3,0x285ce595ae647a4c98e237db4f273e553286966b82e7060fc9cca324e7654134,89,58960072,2026-09-10T00:03:09+00:00,2026-09-10,buy_stablecoin,-7039383245,31464917928746882165,31.464917928746882165,-7039.383245,0,7039.383245
4663:0x4ac23f2e58e2c4962dcd701c2beff581e87f3995152a29d527c07a3afd67d956:0,post_effective,2026-09-09T23:50:42+00:00,2026-09-10T00:00:30+00:00,2026-09-10T00:10:18+00:00,4663:0x8876ccecf23611bbe05420c06b318d321a929217572119fa1ba06b4ca4512df4:16,NVDA,v3,0x8876ccecf23611bbe05420c06b318d321a929217572119fa1ba06b4ca4512df4,16,58960073,2026-09-10T00:03:09+00:00,2026-09-10,buy_stablecoin,-7045933874,31495779593452775372,31.495779593452775372,-7045.933874,0,7045.933874
4663:0x4ac23f2e58e2c4962dcd701c2beff581e87f3995152a29d527c07a3afd67d956:0,post_effective,2026-09-09T23:50:42+00:00,2026-09-10T00:00:30+00:00,2026-09-10T00:10:18+00:00,4663:0x07867dfd450bd11d33890c06e7c5998a8d3492b71c073e2dfc640f51bdeb8aac:35,NVDA,v3,0x07867dfd450bd11d33890c06e7c5998a8d3492b71c073e2dfc640f51bdeb8aac,35,58960167,2026-09-10T00:03:19+00:00,2026-09-10,buy_stablecoin,-7027558970,31415218657788279191,31.415218657788279191,-7027.55897,0,7027.55897
4663:0x4ac23f2e58e2c4962dcd701c2beff581e87f3995152a29d527c07a3afd67d956:0,post_effective,2026-09-09T23:50:42+00:00,2026-09-10T00:00:30+00:00,2026-09-10T00:10:18+00:00,4663:0xf90c4f85d9e8a81bed64552ae09bb366208b389d961c378177e4d119af1e5c58:52,NVDA,v3,0xf90c4f85d9e8a81bed64552ae09bb366208b389d961c378177e4d119af1e5c58,52,58960168,2026-09-10T00:03:19+00:00,2026-09-10,buy_stablecoin,-4106771,18358917215368456,0.018358917215368456,-4.106771,0,4.106771
4663:0x4ac23f2e58e2c4962dcd701c2beff581e87f3995152a29d527c07a3afd67d956:0,post_effective,2026-09-09T23:50:42+00:00,2026-09-10T00:00:30+00:00,2026-09-10T00:10:18+00:00,4663:0xa5f78b45eab21afcdcc2c1cea4635d28784ae73c56c25e00c959ba338913f207:33,NVDA,v3,0xa5f78b45eab21afcdcc2c1cea4635d28784ae73c56c25e00c959ba338913f207,33,58960173,2026-09-10T00:03:19+00:00,2026-09-10,buy_stock,244436690,-1091636611906344107,-1.091636611906344107,244.43669,1.091636611906344107,0
4663:0x4ac23f2e58e2c4962dcd701c2beff581e87f3995152a29d527c07a3afd67d956:0,post_effective,2026-09-09T23:50:42+00:00,2026-09-10T00:00:30+00:00,2026-09-10T00:10:18+00:00,4663:0x41b323937e74c7a37aa95202fcca07caf68ef43e6ce4ba9536bd08224fa43fab:35,NVDA,v3,0x41b323937e74c7a37aa95202fcca07caf68ef43e6ce4ba9536bd08224fa43fab,35,58960222,2026-09-10T00:03:24+00:00,2026-09-10,buy_stock,12221553,-54580522669296484,-0.054580522669296484,12.221553,0.054580522669296484,0
4663:0x4ac23f2e58e2c4962dcd701c2beff581e87f3995152a29d527c07a3afd67d956:0,post_effective,2026-09-09T23:50:42+00:00,2026-09-10T00:00:30+00:00,2026-09-10T00:10:18+00:00,4663:0xfc3e81d5f875cb7911f2d9d561dd3881cdec2f354f7b7b361e54abffcbc0aa98:27,NVDA,v3,0xfc3e81d5f875cb7911f2d9d561dd3881cdec2f354f7b7b361e54abffcbc0aa98,27,58960273,2026-09-10T00:03:30+00:00,2026-09-10,buy_stock,131507549,-587302383128408376,-0.587302383128408376,131.507549,0.587302383128408376,0
4663:0x4ac23f2e58e2c4962dcd701c2beff581e87f3995152a29d527c07a3afd67d956:0,post_effective,2026-09-09T23:50:42+00:00,2026-09-10T00:00:30+00:00,2026-09-10T00:10:18+00:00,4663:0xb6a87684a271052b2ed40d6844694d7328c27b98b2ad102105387c20ef6096a3:36,NVDA,v3,0xb6a87684a271052b2ed40d6844694d7328c27b98b2ad102105387c20ef6096a3,36,58960319,2026-09-10T00:03:34+00:00,2026-09-10,buy_stock,244372707,-1091347849830983327,-1.091347849830983327,244.372707,1.091347849830983327,0
4663:0x4ac23f2e58e2c4962dcd701c2beff581e87f3995152a29d527c07a3afd67d956:0,post_effective,2026-09-09T23:50:42+00:00,2026-09-10T00:00:30+00:00,2026-09-10T00:10:18+00:00,4663:0x34cbe69018ef120d35a5ee3cb6a78ea318c86f0ece2ec4a52471e4fb7c2bd0db:64,NVDA,v3,0x34cbe69018ef120d35a5ee3cb6a78ea318c86f0ece2ec4a52471e4fb7c2bd0db,64,58960370,2026-09-10T00:03:39+00:00,2026-09-10,buy_stablecoin,-14193188,63448959415068380,0.06344895941506838,-14.193188,0,14.193188
4663:0x4ac23f2e58e2c4962dcd701c2beff581e87f3995152a29d527c07a3afd67d956:0,post_effective,2026-09-09T23:50:42+00:00,2026-09-10T00:00:30+00:00,2026-09-10T00:10:18+00:00,4663:0x3b0fcf8db7817a9ff118864d332b621494417bd0dcb38e17619178618931ac4a:41,NVDA,v3,0x3b0fcf8db7817a9ff118864d332b621494417bd0dcb38e17619178618931ac4a,41,58960382,2026-09-10T00:03:41+00:00,2026-09-10,buy_stock,750000000,-3349425074266317881,-3.349425074266317881,750,3.349425074266317881,0
4663:0x4ac23f2e58e2c4962dcd701c2beff581e87f3995152a29d527c07a3afd67d956:0,post_effective,2026-09-09T23:50:42+00:00,2026-09-10T00:00:30+00:00,2026-09-10T00:10:18+00:00,4663:0x08d4d588cdbfd179154fd0fe626f54e595aa10e2d6a6939fa5f404c11892ee47:52,NVDA,v3,0x08d4d588cdbfd179154fd0fe626f54e595aa10e2d6a6939fa5f404c11892ee47,52,58960382,2026-09-10T00:03:41+00:00,2026-09-10,buy_stock,750000000,-3349407172487007621,-3.349407172487007621,750,3.349407172487007621,0
4663:0x4ac23f2e58e2c4962dcd701c2beff581e87f3995152a29d527c07a3afd67d956:0,post_effective,2026-09-09T23:50:42+00:00,2026-09-10T00:00:30+00:00,2026-09-10T00:10:18+00:00,4663:0x03f7b1310a3313061b06a8768e84ec61f5f58d8568ecbf0c21b378315d3fabc1:20,NVDA,v3,0x03f7b1310a3313061b06a8768e84ec61f5f58d8568ecbf0c21b378315d3fabc1,20,58960386,2026-09-10T00:03:41+00:00,2026-09-10,buy_stablecoin,-327001158,1461805940731420510,1.46180594073142051,-327.001158,0,327.001158
4663:0x4ac23f2e58e2c4962dcd701c2beff581e87f3995152a29d527c07a3afd67d956:0,post_effective,2026-09-09T23:50:42+00:00,2026-09-10T00:00:30+00:00,2026-09-10T00:10:18+00:00,4663:0xa317d321c31a8b7c250f643570ce58ab010bcaf3c75da7077f46d52b65596311:324,NVDA,v3,0xa317d321c31a8b7c250f643570ce58ab010bcaf3c75da7077f46d52b65596311,324,58960389,2026-09-10T00:03:41+00:00,2026-09-10,buy_stablecoin,-241194534,1078223449482834130,1.07822344948283413,-241.194534,0,241.194534
4663:0x4ac23f2e58e2c4962dcd701c2beff581e87f3995152a29d527c07a3afd67d956:0,post_effective,2026-09-09T23:50:42+00:00,2026-09-10T00:00:30+00:00,2026-09-10T00:10:18+00:00,4663:0x2be643f85801c5f823e01f21aa339c98ee0c501b6f8d0feffb96b4d13dd23525:12,NVDA,v3,0x2be643f85801c5f823e01f21aa339c98ee0c501b6f8d0feffb96b4d13dd23525,12,58960392,2026-09-10T00:03:42+00:00,2026-09-10,buy_stablecoin,-237799248,1063047157014530820,1.06304715701453082,-237.799248,0,237.799248
4663:0x4ac23f2e58e2c4962dcd701c2beff581e87f3995152a29d527c07a3afd67d956:0,post_effective,2026-09-09T23:50:42+00:00,2026-09-10T00:00:30+00:00,2026-09-10T00:10:18+00:00,4663:0xaa30115ff20c99bf595f3cd03178fd10f7eacb76db7ae80c18deada936c68969:12,NVDA,v3,0xaa30115ff20c99bf595f3cd03178fd10f7eacb76db7ae80c18deada936c68969,12,58960394,2026-09-10T00:03:42+00:00,2026-09-10,buy_stock,24432390,-109112352088457273,-0.109112352088457273,24.43239,0.109112352088457273,0
4663:0x4ac23f2e58e2c4962dcd701c2beff581e87f3995152a29d527c07a3afd67d956:0,post_effective,2026-09-09T23:50:42+00:00,2026-09-10T00:00:30+00:00,2026-09-10T00:10:18+00:00,4663:0x6e1d94aa1ae033370b1d9a342cff11770da30ae8d4918bcca2583cf98004582f:10,NVDA,v3,0x6e1d94aa1ae033370b1d9a342cff11770da30ae8d4918bcca2583cf98004582f,10,58960532,2026-09-10T00:03:56+00:00,2026-09-10,buy_stock,247500000,-1105306597742370289,-1.105306597742370289,247.5,1.105306597742370289,0
4663:0x4ac23f2e58e2c4962dcd701c2beff581e87f3995152a29d527c07a3afd67d956:0,post_effective,2026-09-09T23:50:42+00:00,2026-09-10T00:00:30+00:00,2026-09-10T00:10:18+00:00,4663:0x5bb84790d2b329021cd5f9369107690561e5230f33204866d858431f127fdf49:37,NVDA,v3,0x5bb84790d2b329021cd5f9369107690561e5230f33204866d858431f127fdf49,37,58960586,2026-09-10T00:03:59+00:00,2026-09-10,buy_stablecoin,-746850,3338684255745547,0.003338684255745547,-0.74685,0,0.74685
4663:0x4ac23f2e58e2c4962dcd701c2beff581e87f3995152a29d527c07a3afd67d956:0,post_effective,2026-09-09T23:50:42+00:00,2026-09-10T00:00:30+00:00,2026-09-10T00:10:18+00:00,4663:0x60cf9830f690505fdc654085877b1cdd60d3358a91f9112d2f6a06a0286b3c9d:50,NVDA,v3,0x60cf9830f690505fdc654085877b1cdd60d3358a91f9112d2f6a06a0286b3c9d,50,58960812,2026-09-10T00:04:22+00:00,2026-09-10,buy_stock,2298054,-10262832019658514,-0.010262832019658514,2.298054,0.010262832019658514,0
4663:0x4ac23f2e58e2c4962dcd701c2beff581e87f3995152a29d527c07a3afd67d956:0,post_effective,2026-09-09T23:50:42+00:00,2026-09-10T00:00:30+00:00,2026-09-10T00:10:18+00:00,4663:0xff77e9e3138d6b433f65596a33d9967294c55950481395e39df62fc92175aa3e:21,NVDA,v3,0xff77e9e3138d6b433f65596a33d9967294c55950481395e39df62fc92175aa3e,21,58960844,2026-09-10T00:04:25+00:00,2026-09-10,buy_stock,1569953597,-7011187119633870863,-7.011187119633870863,1569.953597,7.011187119633870863,0
4663:0x4ac23f2e58e2c4962dcd701c2beff581e87f3995152a29d527c07a3afd67d956:0,post_effective,2026-09-09T23:50:42+00:00,2026-09-10T00:00:30+00:00,2026-09-10T00:10:18+00:00,4663:0xea821c272d4563e0ae3e96f38edaff1ba4254e16dba243b77ee1c4f66e745e53:66,NVDA,v3,0xea821c272d4563e0ae3e96f38edaff1ba4254e16dba243b77ee1c4f66e745e53,66,58960844,2026-09-10T00:04:25+00:00,2026-09-10,buy_stock,202821885,-905767665858822481,-0.905767665858822481,202.821885,0.905767665858822481,0
4663:0x4ac23f2e58e2c4962dcd701c2beff581e87f3995152a29d527c07a3afd67d956:0,post_effective,2026-09-09T23:50:42+00:00,2026-09-10T00:00:30+00:00,2026-09-10T00:10:18+00:00,4663:0x7c4157261e49463a5406a71427c459ca66f2c695870bd2f041aa8fbc3997a38b:222,NVDA,v3,0x7c4157261e49463a5406a71427c459ca66f2c695870bd2f041aa8fbc3997a38b,222,58960865,2026-09-10T00:04:28+00:00,2026-09-10,buy_stock,191681438,-856015140721405661,-0.856015140721405661,191.681438,0.856015140721405661,0
4663:0x4ac23f2e58e2c4962dcd701c2beff581e87f3995152a29d527c07a3afd67d956:0,post_effective,2026-09-09T23:50:42+00:00,2026-09-10T00:00:30+00:00,2026-09-10T00:10:18+00:00,4663:0x5dd5387f3a8a392a3deeb35d25918d03540c27190172ae726961ecb676218363:38,NVDA,v3,0x5dd5387f3a8a392a3deeb35d25918d03540c27190172ae726961ecb676218363,38,58960931,2026-09-10T00:04:34+00:00,2026-09-10,buy_stablecoin,-20753839,92775646442629611,0.092775646442629611,-20.753839,0,20.753839
4663:0x4ac23f2e58e2c4962dcd701c2beff581e87f3995152a29d527c07a3afd67d956:0,post_effective,2026-09-09T23:50:42+00:00,2026-09-10T00:00:30+00:00,2026-09-10T00:10:18+00:00,4663:0xb4e0cf64446ed8ee08d2e679b5b0c27fe31ed614e91af7f4ef6c0fcadd805782:56,NVDA,v3,0xb4e0cf64446ed8ee08d2e679b5b0c27fe31ed614e91af7f4ef6c0fcadd805782,56,58961019,2026-09-10T00:04:43+00:00,2026-09-10,buy_stock,246614778,-1101336088848263512,-1.101336088848263512,246.614778,1.101336088848263512,0
4663:0x4ac23f2e58e2c4962dcd701c2beff581e87f3995152a29d527c07a3afd67d956:0,post_effective,2026-09-09T23:50:42+00:00,2026-09-10T00:00:30+00:00,2026-09-10T00:10:18+00:00,4663:0xaef74070d506f6b61cc46f754fcae5569471ee067cdc10e074e63344dc4bd575:24,NVDA,v3,0xaef74070d506f6b61cc46f754fcae5569471ee067cdc10e074e63344dc4bd575,24,58961081,2026-09-10T00:04:49+00:00,2026-09-10,buy_stock,133192661,-594813038490843816,-0.594813038490843816,133.192661,0.594813038490843816,0
4663:0x4ac23f2e58e2c4962dcd701c2beff581e87f3995152a29d527c07a3afd67d956:0,post_effective,2026-09-09T23:50:42+00:00,2026-09-10T00:00:30+00:00,2026-09-10T00:10:18+00:00,4663:0xd903b5177faa591fbd7471a13fa29effc81c7ff3842811f098ded75f57f98e22:39,NVDA,v3,0xd903b5177faa591fbd7471a13fa29effc81c7ff3842811f098ded75f57f98e22,39,58961081,2026-09-10T00:04:49+00:00,2026-09-10,buy_stock,113460361,-506691901097710942,-0.506691901097710942,113.460361,0.506691901097710942,0
4663:0x4ac23f2e58e2c4962dcd701c2beff581e87f3995152a29d527c07a3afd67d956:0,post_effective,2026-09-09T23:50:42+00:00,2026-09-10T00:00:30+00:00,2026-09-10T00:10:18+00:00,4663:0x176f050549a5e8d90e74f29bd72b36593589435b5bdb41397e3d55e79a8359fd:66,NVDA,v3,0x176f050549a5e8d90e74f29bd72b36593589435b5bdb41397e3d55e79a8359fd,66,58961123,2026-09-10T00:04:54+00:00,2026-09-10,buy_stablecoin,-2991134,13371188307442869,0.013371188307442869,-2.991134,0,2.991134
4663:0x4ac23f2e58e2c4962dcd701c2beff581e87f3995152a29d527c07a3afd67d956:0,post_effective,2026-09-09T23:50:42+00:00,2026-09-10T00:00:30+00:00,2026-09-10T00:10:18+00:00,4663:0x619797f6649f838610e787237e72049fbae5fac05a7608aa4f3843fcb9282453:27,NVDA,v3,0x619797f6649f838610e787237e72049fbae5fac05a7608aa4f3843fcb9282453,27,58961219,2026-09-10T00:05:03+00:00,2026-09-10,buy_stock,36669087,-163756924443928518,-0.163756924443928518,36.669087,0.163756924443928518,0
4663:0x4ac23f2e58e2c4962dcd701c2beff581e87f3995152a29d527c07a3afd67d956:0,post_effective,2026-09-09T23:50:42+00:00,2026-09-10T00:00:30+00:00,2026-09-10T00:10:18+00:00,4663:0xd9b9560e35455ee406ca2fb89b0ce554124c4bba7e87c99713ba6c57cb4a1f60:28,NVDA,v3,0xd9b9560e35455ee406ca2fb89b0ce554124c4bba7e87c99713ba6c57cb4a1f60,28,58961223,2026-09-10T00:05:04+00:00,2026-09-10,buy_stablecoin,-89782130,401350654859496838,0.401350654859496838,-89.78213,0,89.78213
4663:0x4ac23f2e58e2c4962dcd701c2beff581e87f3995152a29d527c07a3afd67d956:0,post_effective,2026-09-09T23:50:42+00:00,2026-09-10T00:00:30+00:00,2026-09-10T00:10:18+00:00,4663:0x68142d19a27f81f90d2c926aecd951d0dde97c2532b4a6d1a0bc25350f8aa1f4:46,NVDA,v3,0x68142d19a27f81f90d2c926aecd951d0dde97c2532b4a6d1a0bc25350f8aa1f4,46,58961223,2026-09-10T00:05:04+00:00,2026-09-10,buy_stablecoin,-105396484,471151407788597389,0.471151407788597389,-105.396484,0,105.396484
4663:0x4ac23f2e58e2c4962dcd701c2beff581e87f3995152a29d527c07a3afd67d956:0,post_effective,2026-09-09T23:50:42+00:00,2026-09-10T00:00:30+00:00,2026-09-10T00:10:18+00:00,4663:0x3f6d154bdb7c2958a11dfe5b6a59222f0dec99d99ef9c760d069629f2937d63c:64,NVDA,v3,0x3f6d154bdb7c2958a11dfe5b6a59222f0dec99d99ef9c760d069629f2937d63c,64,58961223,2026-09-10T00:05:04+00:00,2026-09-10,buy_stablecoin,-195148424,872368315976709529,0.872368315976709529,-195.148424,0,195.148424
4663:0x4ac23f2e58e2c4962dcd701c2beff581e87f3995152a29d527c07a3afd67d956:0,post_effective,2026-09-09T23:50:42+00:00,2026-09-10T00:00:30+00:00,2026-09-10T00:10:18+00:00,4663:0xcb86062f47ad002f36c97c0cffc6f3e6a8409785e5956a53cfc0f58e8ca46a62:23,NVDA,v3,0xcb86062f47ad002f36c97c0cffc6f3e6a8409785e5956a53cfc0f58e8ca46a62,23,58961319,2026-09-10T00:05:14+00:00,2026-09-10,buy_stock,808952544,-3612622034366294574,-3.612622034366294574,808.952544,3.612622034366294574,0
4663:0x4ac23f2e58e2c4962dcd701c2beff581e87f3995152a29d527c07a3afd67d956:0,post_effective,2026-09-09T23:50:42+00:00,2026-09-10T00:00:30+00:00,2026-09-10T00:10:18+00:00,4663:0x37152619c4d074c2cbbc8693112d8f9bc7351791051dcdf04ca92199957c79fd:44,NVDA,v3,0x37152619c4d074c2cbbc8693112d8f9bc7351791051dcdf04ca92199957c79fd,44,58961335,2026-09-10T00:05:15+00:00,2026-09-10,buy_stock,40748417,-181973815146433827,-0.181973815146433827,40.748417,0.181973815146433827,0
4663:0x4ac23f2e58e2c4962dcd701c2beff581e87f3995152a29d527c07a3afd67d956:0,post_effective,2026-09-09T23:50:42+00:00,2026-09-10T00:00:30+00:00,2026-09-10T00:10:18+00:00,4663:0x71f059a3918f1fd5bf566d4b48612f7f8d69a730599657f7268643727fb2b728:74,NVDA,v3,0x71f059a3918f1fd5bf566d4b48612f7f8d69a730599657f7268643727fb2b728,74,58961335,2026-09-10T00:05:15+00:00,2026-09-10,buy_stock,40748410,-181973731028132594,-0.181973731028132594,40.74841,0.181973731028132594,0
4663:0x4ac23f2e58e2c4962dcd701c2beff581e87f3995152a29d527c07a3afd67d956:0,post_effective,2026-09-09T23:50:42+00:00,2026-09-10T00:00:30+00:00,2026-09-10T00:10:18+00:00,4663:0xac4c2c78d784ff38d2ce328d6d2ec4a2b347fe8161f68f77359c47439b702834:92,NVDA,v3,0xac4c2c78d784ff38d2ce328d6d2ec4a2b347fe8161f68f77359c47439b702834,92,58961335,2026-09-10T00:05:15+00:00,2026-09-10,buy_stock,40748404,-181973651377901054,-0.181973651377901054,40.748404,0.181973651377901054,0
4663:0x4ac23f2e58e2c4962dcd701c2beff581e87f3995152a29d527c07a3afd67d956:0,post_effective,2026-09-09T23:50:42+00:00,2026-09-10T00:00:30+00:00,2026-09-10T00:10:18+00:00,4663:0x5347acc4c499e58b88e748041b34f77f8619ae67fa5a4e84a9686949fe38e769:49,NVDA,v3,0x5347acc4c499e58b88e748041b34f77f8619ae67fa5a4e84a9686949fe38e769,49,58961340,2026-09-10T00:05:17+00:00,2026-09-10,buy_stablecoin,-190683744,852405458786641167,0.852405458786641167,-190.683744,0,190.683744
4663:0x4ac23f2e58e2c4962dcd701c2beff581e87f3995152a29d527c07a3afd67d956:0,post_effective,2026-09-09T23:50:42+00:00,2026-09-10T00:00:30+00:00,2026-09-10T00:10:18+00:00,4663:0xec31fba7cf0249ac87d9e7aa57842019c8e7c6579561b5102543640bc4fe3fbb:28,NVDA,v3,0xec31fba7cf0249ac87d9e7aa57842019c8e7c6579561b5102543640bc4fe3fbb,28,58961341,2026-09-10T00:05:17+00:00,2026-09-10,buy_stablecoin,-257995480,1153308100971601463,1.153308100971601463,-257.99548,0,257.99548
4663:0x4ac23f2e58e2c4962dcd701c2beff581e87f3995152a29d527c07a3afd67d956:0,post_effective,2026-09-09T23:50:42+00:00,2026-09-10T00:00:30+00:00,2026-09-10T00:10:18+00:00,4663:0xb521659366cc212a7f4409de6076bff328521ccd6ab9306ce748e38c604d43bb:163,NVDA,v3,0xb521659366cc212a7f4409de6076bff328521ccd6ab9306ce748e38c604d43bb,163,58961347,2026-09-10T00:05:17+00:00,2026-09-10,buy_stock,162994472,-727900239196307353,-0.727900239196307353,162.994472,0.727900239196307353,0
4663:0x4ac23f2e58e2c4962dcd701c2beff581e87f3995152a29d527c07a3afd67d956:0,post_effective,2026-09-09T23:50:42+00:00,2026-09-10T00:00:30+00:00,2026-09-10T00:10:18+00:00,4663:0x02729de4200775c3f348cc55d113b52c34223e15f0b0128e1c88d3bd9cf52bed:9,NVDA,v3,0x02729de4200775c3f348cc55d113b52c34223e15f0b0128e1c88d3bd9cf52bed,9,58961348,2026-09-10T00:05:17+00:00,2026-09-10,buy_stock,162994295,-727898602871463880,-0.72789860287146388,162.994295,0.72789860287146388,0
4663:0x4ac23f2e58e2c4962dcd701c2beff581e87f3995152a29d527c07a3afd67d956:0,post_effective,2026-09-09T23:50:42+00:00,2026-09-10T00:00:30+00:00,2026-09-10T00:10:18+00:00,4663:0x5d74aa215b3ef7c0edca9f2e8d66ac97294ab86e484e9cf31021b78036cfab84:26,NVDA,v3,0x5d74aa215b3ef7c0edca9f2e8d66ac97294ab86e484e9cf31021b78036cfab84,26,58961348,2026-09-10T00:05:17+00:00,2026-09-10,buy_stock,162994193,-727897301652210884,-0.727897301652210884,162.994193,0.727897301652210884,0
4663:0x4ac23f2e58e2c4962dcd701c2beff581e87f3995152a29d527c07a3afd67d956:0,post_effective,2026-09-09T23:50:42+00:00,2026-09-10T00:00:30+00:00,2026-09-10T00:10:18+00:00,4663:0xd82d81a80259e160f7f602170401eb41b383e506fb978a35d550c565350d4a96:8,NVDA,v3,0xd82d81a80259e160f7f602170401eb41b383e506fb978a35d550c565350d4a96,8,58961355,2026-09-10T00:05:18+00:00,2026-09-10,buy_stablecoin,-368589379,1647690050162240930,1.64769005016224093,-368.589379,0,368.589379
4663:0x4ac23f2e58e2c4962dcd701c2beff581e87f3995152a29d527c07a3afd67d956:0,post_effective,2026-09-09T23:50:42+00:00,2026-09-10T00:00:30+00:00,2026-09-10T00:10:18+00:00,4663:0x683c66a5ea71d83a0c450f7bfbc0a8d0e04921903a842c8020b38b1c86e65d8c:25,NVDA,v3,0x683c66a5ea71d83a0c450f7bfbc0a8d0e04921903a842c8020b38b1c86e65d8c,25,58961359,2026-09-10T00:05:19+00:00,2026-09-10,buy_stock,43175193,-192811567627757900,-0.1928115676277579,43.175193,0.1928115676277579,0
4663:0x4ac23f2e58e2c4962dcd701c2beff581e87f3995152a29d527c07a3afd67d956:0,post_effective,2026-09-09T23:50:42+00:00,2026-09-10T00:00:30+00:00,2026-09-10T00:10:18+00:00,4663:0xf04e4df65efe0cd4728d727c5f0025280790d086b2ea71fc96fd852f3a6482dd:28,NVDA,v3,0xf04e4df65efe0cd4728d727c5f0025280790d086b2ea71fc96fd852f3a6482dd,28,58961369,2026-09-10T00:05:20+00:00,2026-09-10,buy_stablecoin,-42273700,188974617431965517,0.188974617431965517,-42.2737,0,42.2737
4663:0x4ac23f2e58e2c4962dcd701c2beff581e87f3995152a29d527c07a3afd67d956:0,post_effective,2026-09-09T23:50:42+00:00,2026-09-10T00:00:30+00:00,2026-09-10T00:10:18+00:00,4663:0x6976867c32db7750d099f3a1e9e70b358ca8fcf4a21fc9aeba5d4f90e57687f9:41,NVDA,v3,0x6976867c32db7750d099f3a1e9e70b358ca8fcf4a21fc9aeba5d4f90e57687f9,41,58961383,2026-09-10T00:05:21+00:00,2026-09-10,buy_stock,12222832,-54584667479718352,-0.054584667479718352,12.222832,0.054584667479718352,0
4663:0x4ac23f2e58e2c4962dcd701c2beff581e87f3995152a29d527c07a3afd67d956:0,post_effective,2026-09-09T23:50:42+00:00,2026-09-10T00:00:30+00:00,2026-09-10T00:10:18+00:00,4663:0x720a4cfc95817a2872f92c5076d61afa31ba9162b822615bba09e7b495a4524a:52,NVDA,v3,0x720a4cfc95817a2872f92c5076d61afa31ba9162b822615bba09e7b495a4524a,52,58961472,2026-09-10T00:05:30+00:00,2026-09-10,buy_stablecoin,-154239085,689489906802859231,0.689489906802859231,-154.239085,0,154.239085
4663:0x4ac23f2e58e2c4962dcd701c2beff581e87f3995152a29d527c07a3afd67d956:0,post_effective,2026-09-09T23:50:42+00:00,2026-09-10T00:00:30+00:00,2026-09-10T00:10:18+00:00,4663:0x15e46b007f86453a56013da7944aacadb32472ec3ffff85bd2473d449d2a1895:68,NVDA,v3,0x15e46b007f86453a56013da7944aacadb32472ec3ffff85bd2473d449d2a1895,68,58961472,2026-09-10T00:05:30+00:00,2026-09-10,buy_stablecoin,-154441975,690397634986076754,0.690397634986076754,-154.441975,0,154.441975
4663:0x4ac23f2e58e2c4962dcd701c2beff581e87f3995152a29d527c07a3afd67d956:0,post_effective,2026-09-09T23:50:42+00:00,2026-09-10T00:00:30+00:00,2026-09-10T00:10:18+00:00,4663:0x809d45b9ae7edd960e429458965fab0cff791aec1b1c8c5263c4713cc6cbe30c:85,NVDA,v3,0x809d45b9ae7edd960e429458965fab0cff791aec1b1c8c5263c4713cc6cbe30c,85,58961472,2026-09-10T00:05:30+00:00,2026-09-10,buy_stablecoin,-122957627,549654579664170614,0.549654579664170614,-122.957627,0,122.957627
4663:0x4ac23f2e58e2c4962dcd701c2beff581e87f3995152a29d527c07a3afd67d956:0,post_effective,2026-09-09T23:50:42+00:00,2026-09-10T00:00:30+00:00,2026-09-10T00:10:18+00:00,4663:0xe9137f450c788cecfe731d9a962fa801eb7be35a0969715cbb2a5a975428d120:24,NVDA,v3,0xe9137f450c788cecfe731d9a962fa801eb7be35a0969715cbb2a5a975428d120,24,58961477,2026-09-10T00:05:30+00:00,2026-09-10,buy_stock,24687500,-110249654014239469,-0.110249654014239469,24.6875,0.110249654014239469,0
4663:0x4ac23f2e58e2c4962dcd701c2beff581e87f3995152a29d527c07a3afd67d956:0,post_effective,2026-09-09T23:50:42+00:00,2026-09-10T00:00:30+00:00,2026-09-10T00:10:18+00:00,4663:0x23f449b86cc55005bf87980da59890e6172761b65ea4e467f260a5dad435cee2:59,NVDA,v3,0x23f449b86cc55005bf87980da59890e6172761b65ea4e467f260a5dad435cee2,59,58961477,2026-09-10T00:05:30+00:00,2026-09-10,buy_stock,73321862,-327441303026833982,-0.327441303026833982,73.321862,0.327441303026833982,0
4663:0x4ac23f2e58e2c4962dcd701c2beff581e87f3995152a29d527c07a3afd67d956:0,post_effective,2026-09-09T23:50:42+00:00,2026-09-10T00:00:30+00:00,2026-09-10T00:10:18+00:00,4663:0x9f4e01223780c853548bdffdb73f44634b235cbb097ad03cdc848cf9f1a27ef7:76,NVDA,v3,0x9f4e01223780c853548bdffdb73f44634b235cbb097ad03cdc848cf9f1a27ef7,76,58961477,2026-09-10T00:05:30+00:00,2026-09-10,buy_stock,97762450,-436587988958757603,-0.436587988958757603,97.76245,0.436587988958757603,0
4663:0x4ac23f2e58e2c4962dcd701c2beff581e87f3995152a29d527c07a3afd67d956:0,post_effective,2026-09-09T23:50:42+00:00,2026-09-10T00:00:30+00:00,2026-09-10T00:10:18+00:00,4663:0xe73d3d9f8b95fdfcc22f38ad0c68b5c8a46b7b8f92f232c501930e01ca512317:11,NVDA,v3,0xe73d3d9f8b95fdfcc22f38ad0c68b5c8a46b7b8f92f232c501930e01ca512317,11,58961484,2026-09-10T00:05:31+00:00,2026-09-10,buy_stablecoin,-67978929,303884385784536236,0.303884385784536236,-67.978929,0,67.978929
4663:0x4ac23f2e58e2c4962dcd701c2beff581e87f3995152a29d527c07a3afd67d956:0,post_effective,2026-09-09T23:50:42+00:00,2026-09-10T00:00:30+00:00,2026-09-10T00:10:18+00:00,4663:0xa396c71da41a69169e09e13bbcd6000a54aeb2ea1a577c1ba31ae35ad8aaa169:11,NVDA,v3,0xa396c71da41a69169e09e13bbcd6000a54aeb2ea1a577c1ba31ae35ad8aaa169,11,58961493,2026-09-10T00:05:32+00:00,2026-09-10,buy_stock,48881520,-218295304291833911,-0.218295304291833911,48.88152,0.218295304291833911,0
4663:0x4ac23f2e58e2c4962dcd701c2beff581e87f3995152a29d527c07a3afd67d956:0,post_effective,2026-09-09T23:50:42+00:00,2026-09-10T00:00:30+00:00,2026-09-10T00:10:18+00:00,4663:0xcb381d1ea82b7d594259e2c917eef6ae7fcf5ccb9646e2f6b37f58cea2d08ea3:54,NVDA,v3,0xcb381d1ea82b7d594259e2c917eef6ae7fcf5ccb9646e2f6b37f58cea2d08ea3,54,58961509,2026-09-10T00:05:34+00:00,2026-09-10,buy_stock,162935795,-727638834829267048,-0.727638834829267048,162.935795,0.727638834829267048,0
4663:0x4ac23f2e58e2c4962dcd701c2beff581e87f3995152a29d527c07a3afd67d956:0,post_effective,2026-09-09T23:50:42+00:00,2026-09-10T00:00:30+00:00,2026-09-10T00:10:18+00:00,4663:0x8ca63462995b666cc286fa396ef476b58fa36f491cd9729b31043a8692333b10:71,NVDA,v3,0x8ca63462995b666cc286fa396ef476b58fa36f491cd9729b31043a8692333b10,71,58961509,2026-09-10T00:05:34+00:00,2026-09-10,buy_stock,162935693,-727637534213298769,-0.727637534213298769,162.935693,0.727637534213298769,0
4663:0x4ac23f2e58e2c4962dcd701c2beff581e87f3995152a29d527c07a3afd67d956:0,post_effective,2026-09-09T23:50:42+00:00,2026-09-10T00:00:30+00:00,2026-09-10T00:10:18+00:00,4663:0xbe2ff5a71f885c7fb4c943777c442f6c2daa4da0001666170b164f53f2ff3e44:88,NVDA,v3,0xbe2ff5a71f885c7fb4c943777c442f6c2daa4da0001666170b164f53f2ff3e44,88,58961509,2026-09-10T00:05:34+00:00,2026-09-10,buy_stock,162935591,-727636233600389499,-0.727636233600389499,162.935591,0.727636233600389499,0
4663:0x4ac23f2e58e2c4962dcd701c2beff581e87f3995152a29d527c07a3afd67d956:0,post_effective,2026-09-09T23:50:42+00:00,2026-09-10T00:00:30+00:00,2026-09-10T00:10:18+00:00,4663:0xbef4cbe14227b7815cba7030e7928683c3fec45c54f151201796ba7070094571:10,NVDA,v3,0xbef4cbe14227b7815cba7030e7928683c3fec45c54f151201796ba7070094571,10,58961516,2026-09-10T00:05:34+00:00,2026-09-10,buy_stablecoin,-27596031,123361371757306067,0.123361371757306067,-27.596031,0,27.596031
4663:0x4ac23f2e58e2c4962dcd701c2beff581e87f3995152a29d527c07a3afd67d956:0,post_effective,2026-09-09T23:50:42+00:00,2026-09-10T00:00:30+00:00,2026-09-10T00:10:18+00:00,4663:0x316745db09fbb1c72f4b5f1e112279b0589c98a8f91098d972abb17d6891eb49:41,NVDA,v3,0x316745db09fbb1c72f4b5f1e112279b0589c98a8f91098d972abb17d6891eb49,41,58961597,2026-09-10T00:05:43+00:00,2026-09-10,buy_stock,61724907,-275650342051280470,-0.27565034205128047,61.724907,0.27565034205128047,0
4663:0x4ac23f2e58e2c4962dcd701c2beff581e87f3995152a29d527c07a3afd67d956:0,post_effective,2026-09-09T23:50:42+00:00,2026-09-10T00:00:30+00:00,2026-09-10T00:10:18+00:00,4663:0x54d8df9bd06a0e5dbbaa39e9bb11a38e7351383c1d7fcbe551ba13b3dc728737:11,NVDA,v3,0x54d8df9bd06a0e5dbbaa39e9bb11a38e7351383c1d7fcbe551ba13b3dc728737,11,58961624,2026-09-10T00:05:45+00:00,2026-09-10,buy_stock,146643376,-654877730553467617,-0.654877730553467617,146.643376,0.654877730553467617,0
4663:0x4ac23f2e58e2c4962dcd701c2beff581e87f3995152a29d527c07a3afd67d956:0,post_effective,2026-09-09T23:50:42+00:00,2026-09-10T00:00:30+00:00,2026-09-10T00:10:18+00:00,4663:0x3f44bcf44515069e416439b120fc1a8481a0607234c07bd238128a4efc30835d:31,NVDA,v3,0x3f44bcf44515069e416439b120fc1a8481a0607234c07bd238128a4efc30835d,31,58961624,2026-09-10T00:05:45+00:00,2026-09-10,buy_stock,146643293,-654876675350855339,-0.654876675350855339,146.643293,0.654876675350855339,0
4663:0x4ac23f2e58e2c4962dcd701c2beff581e87f3995152a29d527c07a3afd67d956:0,post_effective,2026-09-09T23:50:42+00:00,2026-09-10T00:00:30+00:00,2026-09-10T00:10:18+00:00,4663:0xa720c0158b68ee6df4c316d87b3d12ab0354ded9fe4095882724be291830a8c0:20,NVDA,v3,0xa720c0158b68ee6df4c316d87b3d12ab0354ded9fe4095882724be291830a8c0,20,58961625,2026-09-10T00:05:45+00:00,2026-09-10,buy_stock,48881084,-218292010485691236,-0.218292010485691236,48.881084,0.218292010485691236,0
4663:0x4ac23f2e58e2c4962dcd701c2beff581e87f3995152a29d527c07a3afd67d956:0,post_effective,2026-09-09T23:50:42+00:00,2026-09-10T00:00:30+00:00,2026-09-10T00:10:18+00:00,4663:0xd7f9b1a9f7762ffffd5f519c597662e23dd33f166326b4383e2ed420bc38560a:11,NVDA,v3,0xd7f9b1a9f7762ffffd5f519c597662e23dd33f166326b4383e2ed420bc38560a,11,58961648,2026-09-10T00:05:48+00:00,2026-09-10,buy_stock,244407,-1091463368767196,-0.001091463368767196,0.244407,0.001091463368767196,0
4663:0x4ac23f2e58e2c4962dcd701c2beff581e87f3995152a29d527c07a3afd67d956:0,post_effective,2026-09-09T23:50:42+00:00,2026-09-10T00:00:30+00:00,2026-09-10T00:10:18+00:00,4663:0x7325c1a55567389630af8bc3cd2b62a0d72961e100ffe7babadae8ab4d86ee55:3,NVDA,v3,0x7325c1a55567389630af8bc3cd2b62a0d72961e100ffe7babadae8ab4d86ee55,3,58961683,2026-09-10T00:05:51+00:00,2026-09-10,buy_stablecoin,-335551663,1500000000000000000,1.5,-335.551663,0,335.551663
4663:0x4ac23f2e58e2c4962dcd701c2beff581e87f3995152a29d527c07a3afd67d956:0,post_effective,2026-09-09T23:50:42+00:00,2026-09-10T00:00:30+00:00,2026-09-10T00:10:18+00:00,4663:0x8db05428d19920656b38cc1949ef70b190a3d02043af1a07e4efee58cae9d438:7,NVDA,v3,0x8db05428d19920656b38cc1949ef70b190a3d02043af1a07e4efee58cae9d438,7,58961683,2026-09-10T00:05:51+00:00,2026-09-10,buy_stablecoin,-541354991,2419999999999999929,2.419999999999999929,-541.354991,0,541.354991
4663:0x4ac23f2e58e2c4962dcd701c2beff581e87f3995152a29d527c07a3afd67d956:0,post_effective,2026-09-09T23:50:42+00:00,2026-09-10T00:00:30+00:00,2026-09-10T00:10:18+00:00,4663:0x7cbda54b98a9890591e5e3cbc67ec473164e2c74efb03167c3f306827d32349c:3,NVDA,v3,0x7cbda54b98a9890591e5e3cbc67ec473164e2c74efb03167c3f306827d32349c,3,58961684,2026-09-10T00:05:51+00:00,2026-09-10,buy_stablecoin,-903744999,4040000000000000036,4.040000000000000036,-903.744999,0,903.744999
4663:0x4ac23f2e58e2c4962dcd701c2beff581e87f3995152a29d527c07a3afd67d956:0,post_effective,2026-09-09T23:50:42+00:00,2026-09-10T00:00:30+00:00,2026-09-10T00:10:18+00:00,4663:0xbe7ca56241f1daa54cad1a060f6652806c7963f44c8fe6ff4d2b138fe2a6594e:67,NVDA,v3,0xbe7ca56241f1daa54cad1a060f6652806c7963f44c8fe6ff4d2b138fe2a6594e,67,58961684,2026-09-10T00:05:51+00:00,2026-09-10,buy_stablecoin,-3198893049,14300180846849268000,14.300180846849268,-3198.893049,0,3198.893049
4663:0x4ac23f2e58e2c4962dcd701c2beff581e87f3995152a29d527c07a3afd67d956:0,post_effective,2026-09-09T23:50:42+00:00,2026-09-10T00:00:30+00:00,2026-09-10T00:10:18+00:00,4663:0xc3025009f15fdbdf9353970bcb85bce63a8dc13a2731b594ad6a792400b68a14:15,NVDA,v3,0xc3025009f15fdbdf9353970bcb85bce63a8dc13a2731b594ad6a792400b68a14,15,58961685,2026-09-10T00:05:51+00:00,2026-09-10,buy_stablecoin,-187446825,837963575209946000,0.837963575209946,-187.446825,0,187.446825
4663:0x4ac23f2e58e2c4962dcd701c2beff581e87f3995152a29d527c07a3afd67d956:0,post_effective,2026-09-09T23:50:42+00:00,2026-09-10T00:00:30+00:00,2026-09-10T00:10:18+00:00,4663:0xe885c09a8c3e631fbdd3a77038de6801161a3f86c1520b698c9eeafba62ebe3b:10,NVDA,v3,0xe885c09a8c3e631fbdd3a77038de6801161a3f86c1520b698c9eeafba62ebe3b,10,58961693,2026-09-10T00:05:52+00:00,2026-09-10,buy_stock,91652950,-409316491764956083,-0.409316491764956083,91.65295,0.409316491764956083,0
4663:0x4ac23f2e58e2c4962dcd701c2beff581e87f3995152a29d527c07a3afd67d956:0,post_effective,2026-09-09T23:50:42+00:00,2026-09-10T00:00:30+00:00,2026-09-10T00:10:18+00:00,4663:0x083c985b9cfd1bf042b16a7414c02df02dd2781226dd283bd674e063ff1d8827:32,NVDA,v3,0x083c985b9cfd1bf042b16a7414c02df02dd2781226dd283bd674e063ff1d8827,32,58961693,2026-09-10T00:05:52+00:00,2026-09-10,buy_stock,91652918,-409316081437497517,-0.409316081437497517,91.652918,0.409316081437497517,0
4663:0x4ac23f2e58e2c4962dcd701c2beff581e87f3995152a29d527c07a3afd67d956:0,post_effective,2026-09-09T23:50:42+00:00,2026-09-10T00:00:30+00:00,2026-09-10T00:10:18+00:00,4663:0x11a128c5e9dbbdfd9ba17e6c5ffd6b44b037087cd431ee4cc5395f84a10d4f08:49,NVDA,v3,0x11a128c5e9dbbdfd9ba17e6c5ffd6b44b037087cd431ee4cc5395f84a10d4f08,49,58961693,2026-09-10T00:05:52+00:00,2026-09-10,buy_stock,91652886,-409315671110581043,-0.409315671110581043,91.652886,0.409315671110581043,0
4663:0x4ac23f2e58e2c4962dcd701c2beff581e87f3995152a29d527c07a3afd67d956:0,post_effective,2026-09-09T23:50:42+00:00,2026-09-10T00:00:30+00:00,2026-09-10T00:10:18+00:00,4663:0xd105fd1e0892789db179f292c787d63ba9930b4036d3fd2d6244254fbb858ba0:66,NVDA,v3,0xd105fd1e0892789db179f292c787d63ba9930b4036d3fd2d6244254fbb858ba0,66,58961693,2026-09-10T00:05:52+00:00,2026-09-10,buy_stock,91652853,-409315256316043677,-0.409315256316043677,91.652853,0.409315256316043677,0
4663:0x4ac23f2e58e2c4962dcd701c2beff581e87f3995152a29d527c07a3afd67d956:0,post_effective,2026-09-09T23:50:42+00:00,2026-09-10T00:00:30+00:00,2026-09-10T00:10:18+00:00,4663:0x83140ea6436400cecb76c3918c23b190af3b14c46c24235d6d7ddcfa20bf8f38:22,NVDA,v3,0x83140ea6436400cecb76c3918c23b190af3b14c46c24235d6d7ddcfa20bf8f38,22,58961705,2026-09-10T00:05:53+00:00,2026-09-10,buy_stablecoin,-1500159740,6706347242411699452,6.706347242411699452,-1500.15974,0,1500.15974
4663:0x4ac23f2e58e2c4962dcd701c2beff581e87f3995152a29d527c07a3afd67d956:0,post_effective,2026-09-09T23:50:42+00:00,2026-09-10T00:00:30+00:00,2026-09-10T00:10:18+00:00,4663:0x6654ffcdf385fdf8e960fe580761768f2672633da1b4bd5909e898234837af62:33,NVDA,v3,0x6654ffcdf385fdf8e960fe580761768f2672633da1b4bd5909e898234837af62,33,58961705,2026-09-10T00:05:53+00:00,2026-09-10,buy_stock,48881312,-218302759458076482,-0.218302759458076482,48.881312,0.218302759458076482,0
4663:0x4ac23f2e58e2c4962dcd701c2beff581e87f3995152a29d527c07a3afd67d956:0,post_effective,2026-09-09T23:50:42+00:00,2026-09-10T00:00:30+00:00,2026-09-10T00:10:18+00:00,4663:0xc2fca3e97f3b364b4ad59f1cf59201879f764ffab512e5b42a4c6539ecb2960a:11,NVDA,v3,0xc2fca3e97f3b364b4ad59f1cf59201879f764ffab512e5b42a4c6539ecb2960a,11,58961708,2026-09-10T00:05:54+00:00,2026-09-10,buy_stock,73321952,-327453927345087977,-0.327453927345087977,73.321952,0.327453927345087977,0
4663:0x4ac23f2e58e2c4962dcd701c2beff581e87f3995152a29d527c07a3afd67d956:0,post_effective,2026-09-09T23:50:42+00:00,2026-09-10T00:00:30+00:00,2026-09-10T00:10:18+00:00,4663:0x5d9c827275bb021db2f48726d948322ad54542e46adbc9b7cfada9cbe2f7bdfb:13,NVDA,v3,0x5d9c827275bb021db2f48726d948322ad54542e46adbc9b7cfada9cbe2f7bdfb,13,58961752,2026-09-10T00:05:58+00:00,2026-09-10,buy_stablecoin,-146521765,655017413344352744,0.655017413344352744,-146.521765,0,146.521765
4663:0x4ac23f2e58e2c4962dcd701c2beff581e87f3995152a29d527c07a3afd67d956:0,post_effective,2026-09-09T23:50:42+00:00,2026-09-10T00:00:30+00:00,2026-09-10T00:10:18+00:00,4663:0x001c0855ecf08e6ea64d4722748cd0dc5deff77a2ac66dee728b65aefe8982c4:29,NVDA,v3,0x001c0855ecf08e6ea64d4722748cd0dc5deff77a2ac66dee728b65aefe8982c4,29,58961752,2026-09-10T00:05:58+00:00,2026-09-10,buy_stablecoin,-146427809,654598068726105337,0.654598068726105337,-146.427809,0,146.427809
4663:0x4ac23f2e58e2c4962dcd701c2beff581e87f3995152a29d527c07a3afd67d956:0,post_effective,2026-09-09T23:50:42+00:00,2026-09-10T00:00:30+00:00,2026-09-10T00:10:18+00:00,4663:0x3a9df92f2a0dbc87bf230898e1fa59caab5c460e4b825c575fc7db056678e418:86,NVDA,v3,0x3a9df92f2a0dbc87bf230898e1fa59caab5c460e4b825c575fc7db056678e418,86,58961764,2026-09-10T00:05:59+00:00,2026-09-10,buy_stablecoin,-168819393,754699357700883502,0.754699357700883502,-168.819393,0,168.819393
4663:0x4ac23f2e58e2c4962dcd701c2beff581e87f3995152a29d527c07a3afd67d956:0,post_effective,2026-09-09T23:50:42+00:00,2026-09-10T00:00:30+00:00,2026-09-10T00:10:18+00:00,4663:0xf7d3e708876bae15a791747fd7bb238b62aaa427300071a5c7357e39a48d95bd:102,NVDA,v3,0xf7d3e708876bae15a791747fd7bb238b62aaa427300071a5c7357e39a48d95bd,102,58961764,2026-09-10T00:05:59+00:00,2026-09-10,buy_stablecoin,-168249376,752152023291678436,0.752152023291678436,-168.249376,0,168.249376
4663:0x4ac23f2e58e2c4962dcd701c2beff581e87f3995152a29d527c07a3afd67d956:0,post_effective,2026-09-09T23:50:42+00:00,2026-09-10T00:00:30+00:00,2026-09-10T00:10:18+00:00,4663:0x5580e5fecc127975123eda218411da297e26724cb47194d64e01534509327311:118,NVDA,v3,0x5580e5fecc127975123eda218411da297e26724cb47194d64e01534509327311,118,58961764,2026-09-10T00:05:59+00:00,2026-09-10,buy_stablecoin,-134122197,599588500906757229,0.599588500906757229,-134.122197,0,134.122197
4663:0x4ac23f2e58e2c4962dcd701c2beff581e87f3995152a29d527c07a3afd67d956:0,post_effective,2026-09-09T23:50:42+00:00,2026-09-10T00:00:30+00:00,2026-09-10T00:10:18+00:00,4663:0x7b55804c64f84604b236e742ce1778dabb4c237f785821bf08c04d960df9e054:74,NVDA,v3,0x7b55804c64f84604b236e742ce1778dabb4c237f785821bf08c04d960df9e054,74,58961765,2026-09-10T00:05:59+00:00,2026-09-10,buy_stock,97762526,-436607003519872014,-0.436607003519872014,97.762526,0.436607003519872014,0
4663:0x4ac23f2e58e2c4962dcd701c2beff581e87f3995152a29d527c07a3afd67d956:0,post_effective,2026-09-09T23:50:42+00:00,2026-09-10T00:00:30+00:00,2026-09-10T00:10:18+00:00,4663:0x5a66a0d23839e281a91cc345bbd5058df38094679f9d26495e8fe50e727d76da:28,NVDA,v3,0x5a66a0d23839e281a91cc345bbd5058df38094679f9d26495e8fe50e727d76da,28,58961783,2026-09-10T00:06:01+00:00,2026-09-10,buy_stablecoin,-9998232,44696732600000000,0.0446967326,-9.998232,0,9.998232
4663:0x4ac23f2e58e2c4962dcd701c2beff581e87f3995152a29d527c07a3afd67d956:0,post_effective,2026-09-09T23:50:42+00:00,2026-09-10T00:00:30+00:00,2026-09-10T00:10:18+00:00,4663:0x46fae25f447e4e2896fd14548529469c29978e840962f83dd6ebe012bbb53c7d:12,NVDA,v3,0x46fae25f447e4e2896fd14548529469c29978e840962f83dd6ebe012bbb53c7d,12,58961881,2026-09-10T00:06:11+00:00,2026-09-10,buy_stablecoin,-227027485,1014918946193382226,1.014918946193382226,-227.027485,0,227.027485
4663:0x4ac23f2e58e2c4962dcd701c2beff581e87f3995152a29d527c07a3afd67d956:0,post_effective,2026-09-09T23:50:42+00:00,2026-09-10T00:00:30+00:00,2026-09-10T00:10:18+00:00,4663:0xae7bd00eb3612a5d6adea6f9ab3daf23ee518e6c646c66957942c697e33156e3:3,NVDA,v3,0xae7bd00eb3612a5d6adea6f9ab3daf23ee518e6c646c66957942c697e33156e3,3,58961935,2026-09-10T00:06:17+00:00,2026-09-10,buy_stablecoin,-3998782463,17876695492838148000,17.876695492838148,-3998.782463,0,3998.782463
4663:0x4ac23f2e58e2c4962dcd701c2beff581e87f3995152a29d527c07a3afd67d956:0,post_effective,2026-09-09T23:50:42+00:00,2026-09-10T00:00:30+00:00,2026-09-10T00:10:18+00:00,4663:0x54fd48b2425f0bc7d9eed6b6a7de907a43ebf6e2c93a77aad2c274b7daa818af:14,NVDA,v3,0x54fd48b2425f0bc7d9eed6b6a7de907a43ebf6e2c93a77aad2c274b7daa818af,14,58961935,2026-09-10T00:06:17+00:00,2026-09-10,buy_stablecoin,-3998668454,17876695492838148000,17.876695492838148,-3998.668454,0,3998.668454
4663:0x4ac23f2e58e2c4962dcd701c2beff581e87f3995152a29d527c07a3afd67d956:0,post_effective,2026-09-09T23:50:42+00:00,2026-09-10T00:00:30+00:00,2026-09-10T00:10:18+00:00,4663:0xea35ff408b11e5808bcccb514078c4e190acd7e7eb69ccf41b0640ea73dd4f20:57,NVDA,v3,0xea35ff408b11e5808bcccb514078c4e190acd7e7eb69ccf41b0640ea73dd4f20,57,58961947,2026-09-10T00:06:18+00:00,2026-09-10,buy_stock,122190880,-545735537612740210,-0.54573553761274021,122.19088,0.54573553761274021,0
4663:0x4ac23f2e58e2c4962dcd701c2beff581e87f3995152a29d527c07a3afd67d956:0,post_effective,2026-09-09T23:50:42+00:00,2026-09-10T00:00:30+00:00,2026-09-10T00:10:18+00:00,4663:0x77c5a2d049aa9aae499b2cf94ba6075204bacc00be53f290caad37d95a5fd0ce:33,NVDA,v3,0x77c5a2d049aa9aae499b2cf94ba6075204bacc00be53f290caad37d95a5fd0ce,33,58961962,2026-09-10T00:06:19+00:00,2026-09-10,buy_stock,1924558,-8595558370915258,-0.008595558370915258,1.924558,0.008595558370915258,0
4663:0x4ac23f2e58e2c4962dcd701c2beff581e87f3995152a29d527c07a3afd67d956:0,post_effective,2026-09-09T23:50:42+00:00,2026-09-10T00:00:30+00:00,2026-09-10T00:10:18+00:00,4663:0x0f87426d822bc5c5de825ab053e6988c1341a7afc70c96e06836f90ccf1de5a0:40,NVDA,v3,0x0f87426d822bc5c5de825ab053e6988c1341a7afc70c96e06836f90ccf1de5a0,40,58961964,2026-09-10T00:06:20+00:00,2026-09-10,buy_stablecoin,-119639554,534875400414246679,0.534875400414246679,-119.639554,0,119.639554
4663:0x4ac23f2e58e2c4962dcd701c2beff581e87f3995152a29d527c07a3afd67d956:0,post_effective,2026-09-09T23:50:42+00:00,2026-09-10T00:00:30+00:00,2026-09-10T00:10:18+00:00,4663:0x8e37f6358fc91611a79edb3589ef855cfe5c47a4791136ef4b2b0f3df42644ec:33,NVDA,v3,0x8e37f6358fc91611a79edb3589ef855cfe5c47a4791136ef4b2b0f3df42644ec,33,58961967,2026-09-10T00:06:20+00:00,2026-09-10,buy_stablecoin,-83812135,374701177657591020,0.37470117765759102,-83.812135,0,83.812135
4663:0x4ac23f2e58e2c4962dcd701c2beff581e87f3995152a29d527c07a3afd67d956:0,post_effective,2026-09-09T23:50:42+00:00,2026-09-10T00:00:30+00:00,2026-09-10T00:10:18+00:00,4663:0x0eca080570c4a79a5ea38dfc787b41c2accd1e04c87030abf7e087cb750ad342:49,NVDA,v3,0x0eca080570c4a79a5ea38dfc787b41c2accd1e04c87030abf7e087cb750ad342,49,58961967,2026-09-10T00:06:20+00:00,2026-09-10,buy_stablecoin,-76274970,341004768224315755,0.341004768224315755,-76.27497,0,76.27497
4663:0x4ac23f2e58e2c4962dcd701c2beff581e87f3995152a29d527c07a3afd67d956:0,post_effective,2026-09-09T23:50:42+00:00,2026-09-10T00:00:30+00:00,2026-09-10T00:10:18+00:00,4663:0xa3b1f892588f0f66b14ccf169b6f8bebe8f57982a9a61a25ac5238fc2193e1be:19,NVDA,v3,0xa3b1f892588f0f66b14ccf169b6f8bebe8f57982a9a61a25ac5238fc2193e1be,19,58962000,2026-09-10T00:06:23+00:00,2026-09-10,buy_stock,12216185,-54560666362282458,-0.054560666362282458,12.216185,0.054560666362282458,0
4663:0x4ac23f2e58e2c4962dcd701c2beff581e87f3995152a29d527c07a3afd67d956:0,post_effective,2026-09-09T23:50:42+00:00,2026-09-10T00:00:30+00:00,2026-09-10T00:10:18+00:00,4663:0x0eabab78a255329a09dbab88fd62f339c06c8307d1cd015164afdefe72158696:118,NVDA,v3,0x0eabab78a255329a09dbab88fd62f339c06c8307d1cd015164afdefe72158696,118,58962011,2026-09-10T00:06:24+00:00,2026-09-10,buy_stablecoin,-137380022,614189343073696517,0.614189343073696517,-137.380022,0,137.380022
4663:0x4ac23f2e58e2c4962dcd701c2beff581e87f3995152a29d527c07a3afd67d956:0,post_effective,2026-09-09T23:50:42+00:00,2026-09-10T00:00:30+00:00,2026-09-10T00:10:18+00:00,4663:0xb6a22af14cabc566db6e253ac8be8d68457e8141dcb5b8370ed2ee6a8ee0f320:10,NVDA,v3,0xb6a22af14cabc566db6e253ac8be8d68457e8141dcb5b8370ed2ee6a8ee0f320,10,58962012,2026-09-10T00:06:24+00:00,2026-09-10,buy_stablecoin,-124221277,555360630963678810,0.55536063096367881,-124.221277,0,124.221277
4663:0x4ac23f2e58e2c4962dcd701c2beff581e87f3995152a29d527c07a3afd67d956:0,post_effective,2026-09-09T23:50:42+00:00,2026-09-10T00:00:30+00:00,2026-09-10T00:10:18+00:00,4663:0xf81ccea8cc2721d9f9a6b017bff68ae1a4876966f831952e4b83c07848f1c97d:27,NVDA,v3,0xf81ccea8cc2721d9f9a6b017bff68ae1a4876966f831952e4b83c07848f1c97d,27,58962012,2026-09-10T00:06:24+00:00,2026-09-10,buy_stablecoin,-108186510,483673808940667488,0.483673808940667488,-108.18651,0,108.18651
4663:0x4ac23f2e58e2c4962dcd701c2beff581e87f3995152a29d527c07a3afd67d956:0,post_effective,2026-09-09T23:50:42+00:00,2026-09-10T00:00:30+00:00,2026-09-10T00:10:18+00:00,4663:0x4a01ba3de5084978a7737489c29b170cbf816f5715f7be77c6431f73037e799b:44,NVDA,v3,0x4a01ba3de5084978a7737489c29b170cbf816f5715f7be77c6431f73037e799b,44,58962012,2026-09-10T00:06:24+00:00,2026-09-10,buy_stablecoin,-107681123,481414725143551098,0.481414725143551098,-107.681123,0,107.681123
4663:0x4ac23f2e58e2c4962dcd701c2beff581e87f3995152a29d527c07a3afd67d956:0,post_effective,2026-09-09T23:50:42+00:00,2026-09-10T00:00:30+00:00,2026-09-10T00:10:18+00:00,4663:0x79018cac55509ae163facdc30fa77c7751cbb131d3a1d1930ed66e07cf7c41e4:35,NVDA,v3,0x79018cac55509ae163facdc30fa77c7751cbb131d3a1d1930ed66e07cf7c41e4,35,58962013,2026-09-10T00:06:25+00:00,2026-09-10,buy_stablecoin,-78871808,352615891177878448,0.352615891177878448,-78.871808,0,78.871808
4663:0x4ac23f2e58e2c4962dcd701c2beff581e87f3995152a29d527c07a3afd67d956:0,post_effective,2026-09-09T23:50:42+00:00,2026-09-10T00:00:30+00:00,2026-09-10T00:10:18+00:00,4663:0xadc9854a433a81099abd4af3bfd0916e3ab2c37dc8660664e916e496177893f3:10,NVDA,v3,0xadc9854a433a81099abd4af3bfd0916e3ab2c37dc8660664e916e496177893f3,10,58962027,2026-09-10T00:06:26+00:00,2026-09-10,buy_stablecoin,-54149215,242087548945918632,0.242087548945918632,-54.149215,0,54.149215
4663:0x4ac23f2e58e2c4962dcd701c2beff581e87f3995152a29d527c07a3afd67d956:0,post_effective,2026-09-09T23:50:42+00:00,2026-09-10T00:00:30+00:00,2026-09-10T00:10:18+00:00,4663:0x5b127a2816241b9677cee714eb7ea418824ee44190fe9c7730ea051c9824f9fd:28,NVDA,v3,0x5b127a2816241b9677cee714eb7ea418824ee44190fe9c7730ea051c9824f9fd,28,58962033,2026-09-10T00:06:27+00:00,2026-09-10,buy_stock,244334693,-1091266255612339553,-1.091266255612339553,244.334693,1.091266255612339553,0
4663:0x4ac23f2e58e2c4962dcd701c2beff581e87f3995152a29d527c07a3afd67d956:0,post_effective,2026-09-09T23:50:42+00:00,2026-09-10T00:00:30+00:00,2026-09-10T00:10:18+00:00,4663:0x70d9446134a464baa73594784adb8843162638781adc28499bd801911667e5dd:22,NVDA,v3,0x70d9446134a464baa73594784adb8843162638781adc28499bd801911667e5dd,22,58962040,2026-09-10T00:06:27+00:00,2026-09-10,buy_stablecoin,-36208664,161879618870899112,0.161879618870899112,-36.208664,0,36.208664
4663:0x4ac23f2e58e2c4962dcd701c2beff581e87f3995152a29d527c07a3afd67d956:0,post_effective,2026-09-09T23:50:42+00:00,2026-09-10T00:00:30+00:00,2026-09-10T00:10:18+00:00,4663:0xdd14f148385f3f604fbd841d120c65a330744ecbcb2e783ec5281d6f21decc3c:27,NVDA,v3,0xdd14f148385f3f604fbd841d120c65a330744ecbcb2e783ec5281d6f21decc3c,27,58962046,2026-09-10T00:06:28+00:00,2026-09-10,buy_stablecoin,-236131103,1055682423245016051,1.055682423245016051,-236.131103,0,236.131103
4663:0x4ac23f2e58e2c4962dcd701c2beff581e87f3995152a29d527c07a3afd67d956:0,post_effective,2026-09-09T23:50:42+00:00,2026-09-10T00:00:30+00:00,2026-09-10T00:10:18+00:00,4663:0x6b47e7bfaaf899878f85d42c603b9613bbad1198448997ed58bae433075bff0b:25,NVDA,v3,0x6b47e7bfaaf899878f85d42c603b9613bbad1198448997ed58bae433075bff0b,25,58962052,2026-09-10T00:06:29+00:00,2026-09-10,buy_stablecoin,-14106348,63065971591978490,0.06306597159197849,-14.106348,0,14.106348
4663:0x4ac23f2e58e2c4962dcd701c2beff581e87f3995152a29d527c07a3afd67d956:0,post_effective,2026-09-09T23:50:42+00:00,2026-09-10T00:00:30+00:00,2026-09-10T00:10:18+00:00,4663:0xc8f7af86bbe36e5e69aacaf4c7c0b0c307c221034cd055dcd988e36fc6b58c96:8,NVDA,v3,0xc8f7af86bbe36e5e69aacaf4c7c0b0c307c221034cd055dcd988e36fc6b58c96,8,58962099,2026-09-10T00:06:33+00:00,2026-09-10,buy_stock,48867086,-218254125734121053,-0.218254125734121053,48.867086,0.218254125734121053,0
4663:0x4ac23f2e58e2c4962dcd701c2beff581e87f3995152a29d527c07a3afd67d956:0,post_effective,2026-09-09T23:50:42+00:00,2026-09-10T00:00:30+00:00,2026-09-10T00:10:18+00:00,4663:0x9e1594cf169edb5ff67fdeaf53f677d6a5f55054f0c2fbb7c9297a678344e9ff:32,NVDA,v3,0x9e1594cf169edb5ff67fdeaf53f677d6a5f55054f0c2fbb7c9297a678344e9ff,32,58962179,2026-09-10T00:06:41+00:00,2026-09-10,buy_stock,48869199,-218263487224214520,-0.21826348722421452,48.869199,0.21826348722421452,0
4663:0x4ac23f2e58e2c4962dcd701c2beff581e87f3995152a29d527c07a3afd67d956:0,post_effective,2026-09-09T23:50:42+00:00,2026-09-10T00:00:30+00:00,2026-09-10T00:10:18+00:00,4663:0xf79c674d322eabe3fef9d37ed4c8398331aadcb28f5af424dd52b112e3597ce3:39,NVDA,v3,0xf79c674d322eabe3fef9d37ed4c8398331aadcb28f5af424dd52b112e3597ce3,39,58962234,2026-09-10T00:06:47+00:00,2026-09-10,buy_stablecoin,-1062291615,4749256202967291989,4.749256202967291989,-1062.291615,0,1062.291615
4663:0x4ac23f2e58e2c4962dcd701c2beff581e87f3995152a29d527c07a3afd67d956:0,post_effective,2026-09-09T23:50:42+00:00,2026-09-10T00:00:30+00:00,2026-09-10T00:10:18+00:00,4663:0x44e7d4e21a8339185aa4944597fd6793dd49906f8b90162527287b5a845186d8:14,NVDA,v3,0x44e7d4e21a8339185aa4944597fd6793dd49906f8b90162527287b5a845186d8,14,58962290,2026-09-10T00:06:53+00:00,2026-09-10,buy_stock,244416771,-1091640675325317476,-1.091640675325317476,244.416771,1.091640675325317476,0
4663:0x4ac23f2e58e2c4962dcd701c2beff581e87f3995152a29d527c07a3afd67d956:0,post_effective,2026-09-09T23:50:42+00:00,2026-09-10T00:00:30+00:00,2026-09-10T00:10:18+00:00,4663:0x3f805327269f4ea4bbff2683916806c1086f921e240f69f04dbd2d29ca273b58:11,NVDA,v3,0x3f805327269f4ea4bbff2683916806c1086f921e240f69f04dbd2d29ca273b58,11,58962300,2026-09-10T00:06:54+00:00,2026-09-10,buy_stock,244417091,-1091640203754908691,-1.091640203754908691,244.417091,1.091640203754908691,0
4663:0x4ac23f2e58e2c4962dcd701c2beff581e87f3995152a29d527c07a3afd67d956:0,post_effective,2026-09-09T23:50:42+00:00,2026-09-10T00:00:30+00:00,2026-09-10T00:10:18+00:00,4663:0x79abcc2d7f4c36ea47a94bde0d2bc5b9afd8cd7a82a061f8fe8359adc3eb5b77:55,NVDA,v3,0x79abcc2d7f4c36ea47a94bde0d2bc5b9afd8cd7a82a061f8fe8359adc3eb5b77,55,58962326,2026-09-10T00:06:56+00:00,2026-09-10,buy_stablecoin,-469138219,2097410888682694459,2.097410888682694459,-469.138219,0,469.138219
4663:0x4ac23f2e58e2c4962dcd701c2beff581e87f3995152a29d527c07a3afd67d956:0,post_effective,2026-09-09T23:50:42+00:00,2026-09-10T00:00:30+00:00,2026-09-10T00:10:18+00:00,4663:0x1999ee5c14d9c87b3f8f1aa73e05300e54247874a7482c11b6852ac9789f0b91:11,NVDA,v3,0x1999ee5c14d9c87b3f8f1aa73e05300e54247874a7482c11b6852ac9789f0b91,11,58962360,2026-09-10T00:07:00+00:00,2026-09-10,buy_stock,242079,-1081195970544012,-0.001081195970544012,0.242079,0.001081195970544012,0
4663:0x4ac23f2e58e2c4962dcd701c2beff581e87f3995152a29d527c07a3afd67d956:0,post_effective,2026-09-09T23:50:42+00:00,2026-09-10T00:00:30+00:00,2026-09-10T00:10:18+00:00,4663:0x53bd456a46250bf125311ef7f3c38c2a579e44853e50a1e6c511fbb06d353443:13,NVDA,v3,0x53bd456a46250bf125311ef7f3c38c2a579e44853e50a1e6c511fbb06d353443,13,58962401,2026-09-10T00:07:04+00:00,2026-09-10,buy_stock,242043,-1081035101025219,-0.001081035101025219,0.242043,0.001081035101025219,0
4663:0x4ac23f2e58e2c4962dcd701c2beff581e87f3995152a29d527c07a3afd67d956:0,post_effective,2026-09-09T23:50:42+00:00,2026-09-10T00:00:30+00:00,2026-09-10T00:10:18+00:00,4663:0xf1fd4f894eb6a0989b86771bc7f1debe860d4843286cd1e6955646dcd9416d10:35,NVDA,v3,0xf1fd4f894eb6a0989b86771bc7f1debe860d4843286cd1e6955646dcd9416d10,35,58962404,2026-09-10T00:07:04+00:00,2026-09-10,buy_stablecoin,-610099500,2727627385195959734,2.727627385195959734,-610.0995,0,610.0995
4663:0x4ac23f2e58e2c4962dcd701c2beff581e87f3995152a29d527c07a3afd67d956:0,post_effective,2026-09-09T23:50:42+00:00,2026-09-10T00:00:30+00:00,2026-09-10T00:10:18+00:00,4663:0xa922a9d7b4eb8fdf6398eceb6e110960d5166901acc1ac2995c67d0a5fdade0a:115,NVDA,v3,0xa922a9d7b4eb8fdf6398eceb6e110960d5166901acc1ac2995c67d0a5fdade0a,115,58962422,2026-09-10T00:07:06+00:00,2026-09-10,buy_stablecoin,-3307447,14786939934272232,0.014786939934272232,-3.307447,0,3.307447
4663:0x4ac23f2e58e2c4962dcd701c2beff581e87f3995152a29d527c07a3afd67d956:0,post_effective,2026-09-09T23:50:42+00:00,2026-09-10T00:00:30+00:00,2026-09-10T00:10:18+00:00,4663:0xe063cb50565756c62cce659cf3658064dbe8d1c451f9ac4de43854807a84435b:23,NVDA,v3,0xe063cb50565756c62cce659cf3658064dbe8d1c451f9ac4de43854807a84435b,23,58962436,2026-09-10T00:07:07+00:00,2026-09-10,buy_stablecoin,-268375866,1199856208493632102,1.199856208493632102,-268.375866,0,268.375866
4663:0x4ac23f2e58e2c4962dcd701c2beff581e87f3995152a29d527c07a3afd67d956:0,post_effective,2026-09-09T23:50:42+00:00,2026-09-10T00:00:30+00:00,2026-09-10T00:10:18+00:00,4663:0x6431b268da7a2364bbf01d7d971df6693a994dd51c2bc7ba60a2eb2a28525d8f:14,NVDA,v3,0x6431b268da7a2364bbf01d7d971df6693a994dd51c2bc7ba60a2eb2a28525d8f,14,58962443,2026-09-10T00:07:08+00:00,2026-09-10,buy_stock,242045,-1081050833149273,-0.001081050833149273,0.242045,0.001081050833149273,0
4663:0x4ac23f2e58e2c4962dcd701c2beff581e87f3995152a29d527c07a3afd67d956:0,post_effective,2026-09-09T23:50:42+00:00,2026-09-10T00:00:30+00:00,2026-09-10T00:10:18+00:00,4663:0xc8545adb5c84ebda04bbf84205413067ac78365e6c74d68e819dea27e6baf2de:33,NVDA,v3,0xc8545adb5c84ebda04bbf84205413067ac78365e6c74d68e819dea27e6baf2de,33,58962554,2026-09-10T00:07:19+00:00,2026-09-10,buy_stablecoin,-103187955,461333853063883540,0.46133385306388354,-103.187955,0,103.187955
4663:0x4ac23f2e58e2c4962dcd701c2beff581e87f3995152a29d527c07a3afd67d956:0,post_effective,2026-09-09T23:50:42+00:00,2026-09-10T00:00:30+00:00,2026-09-10T00:10:18+00:00,4663:0x94c2054d28b2717abb612ff929f701144a537f106a07f95d011cc23a9076f0b6:10,NVDA,v3,0x94c2054d28b2717abb612ff929f701144a537f106a07f95d011cc23a9076f0b6,10,58962559,2026-09-10T00:07:20+00:00,2026-09-10,buy_stablecoin,-11714166,52371844549490500,0.0523718445494905,-11.714166,0,11.714166
4663:0x4ac23f2e58e2c4962dcd701c2beff581e87f3995152a29d527c07a3afd67d956:0,post_effective,2026-09-09T23:50:42+00:00,2026-09-10T00:00:30+00:00,2026-09-10T00:10:18+00:00,4663:0x896e569959015952c6e64eb4f8a4de7cf09696ca726f190c1cb3f6df8b1c2d99:21,NVDA,v3,0x896e569959015952c6e64eb4f8a4de7cf09696ca726f190c1cb3f6df8b1c2d99,21,58962565,2026-09-10T00:07:20+00:00,2026-09-10,buy_stock,244385678,-1091509406411936337,-1.091509406411936337,244.385678,1.091509406411936337,0
4663:0x4ac23f2e58e2c4962dcd701c2beff581e87f3995152a29d527c07a3afd67d956:0,post_effective,2026-09-09T23:50:42+00:00,2026-09-10T00:00:30+00:00,2026-09-10T00:10:18+00:00,4663:0x1e30d3a2cb7816322f50bad602d45bfb8ef7fc64ab94c7d033729ae6acc3ab8a:10,NVDA,v3,0x1e30d3a2cb7816322f50bad602d45bfb8ef7fc64ab94c7d033729ae6acc3ab8a,10,58962628,2026-09-10T00:07:27+00:00,2026-09-10,buy_stablecoin,-234506593,1048434198636686078,1.048434198636686078,-234.506593,0,234.506593
4663:0x4ac23f2e58e2c4962dcd701c2beff581e87f3995152a29d527c07a3afd67d956:0,post_effective,2026-09-09T23:50:42+00:00,2026-09-10T00:00:30+00:00,2026-09-10T00:10:18+00:00,4663:0xf76600602d345f984603e69e30d8c0d4b2100ba00ee32704b2dedb26cac509b4:42,NVDA,v3,0xf76600602d345f984603e69e30d8c0d4b2100ba00ee32704b2dedb26cac509b4,42,58962648,2026-09-10T00:07:29+00:00,2026-09-10,buy_stock,24435059,-109135345062042311,-0.109135345062042311,24.435059,0.109135345062042311,0
4663:0x4ac23f2e58e2c4962dcd701c2beff581e87f3995152a29d527c07a3afd67d956:0,post_effective,2026-09-09T23:50:42+00:00,2026-09-10T00:00:30+00:00,2026-09-10T00:10:18+00:00,4663:0x2ec994be24f788da7a92919fe36a6c02e0d6a7f86ecf118355d68f29f9178926:6,NVDA,v3,0x2ec994be24f788da7a92919fe36a6c02e0d6a7f86ecf118355d68f29f9178926,6,58962761,2026-09-10T00:07:40+00:00,2026-09-10,buy_stablecoin,-22133677,98955519412117956,0.098955519412117956,-22.133677,0,22.133677
4663:0x4ac23f2e58e2c4962dcd701c2beff581e87f3995152a29d527c07a3afd67d956:0,post_effective,2026-09-09T23:50:42+00:00,2026-09-10T00:00:30+00:00,2026-09-10T00:10:18+00:00,4663:0x0ffe391ce25d9ab58d0197d2bf21ca8f9a715b57488b215765709d61a24836b5:12,NVDA,v3,0x0ffe391ce25d9ab58d0197d2bf21ca8f9a715b57488b215765709d61a24836b5,12,58962843,2026-09-10T00:07:49+00:00,2026-09-10,buy_stablecoin,-70716553,316160546942922327,0.316160546942922327,-70.716553,0,70.716553
4663:0x4ac23f2e58e2c4962dcd701c2beff581e87f3995152a29d527c07a3afd67d956:0,post_effective,2026-09-09T23:50:42+00:00,2026-09-10T00:00:30+00:00,2026-09-10T00:10:18+00:00,4663:0x290fb0aa015e01e56bfb4e44468d19d7c9c4c89209b127c58031c6dff391aeb8:128,NVDA,v3,0x290fb0aa015e01e56bfb4e44468d19d7c9c4c89209b127c58031c6dff391aeb8,128,58962850,2026-09-10T00:07:49+00:00,2026-09-10,buy_stablecoin,-36528297,163311278971605371,0.163311278971605371,-36.528297,0,36.528297
4663:0x4ac23f2e58e2c4962dcd701c2beff581e87f3995152a29d527c07a3afd67d956:0,post_effective,2026-09-09T23:50:42+00:00,2026-09-10T00:00:30+00:00,2026-09-10T00:10:18+00:00,4663:0x0d2ced2c747a964cd3cb320548cc7f6b94da173c195518f36e0466d0828e8d16:44,NVDA,v3,0x0d2ced2c747a964cd3cb320548cc7f6b94da173c195518f36e0466d0828e8d16,44,58962904,2026-09-10T00:07:55+00:00,2026-09-10,buy_stablecoin,-132847789,593938321223238122,0.593938321223238122,-132.847789,0,132.847789
4663:0x4ac23f2e58e2c4962dcd701c2beff581e87f3995152a29d527c07a3afd67d956:0,post_effective,2026-09-09T23:50:42+00:00,2026-09-10T00:00:30+00:00,2026-09-10T00:10:18+00:00,4663:0x840adae92a0815b7d8556d6b54dca6eeadc4bb8849b432c65fa4dda69ecf3050:40,NVDA,v3,0x840adae92a0815b7d8556d6b54dca6eeadc4bb8849b432c65fa4dda69ecf3050,40,58962998,2026-09-10T00:08:04+00:00,2026-09-10,buy_stablecoin,-10888406,48680110782676829,0.048680110782676829,-10.888406,0,10.888406
4663:0x4ac23f2e58e2c4962dcd701c2beff581e87f3995152a29d527c07a3afd67d956:0,post_effective,2026-09-09T23:50:42+00:00,2026-09-10T00:00:30+00:00,2026-09-10T00:10:18+00:00,4663:0x93a68017d383a59e6b9e566900cdf3745b4409737df1d365f7fec2c9934a9a91:30,NVDA,v3,0x93a68017d383a59e6b9e566900cdf3745b4409737df1d365f7fec2c9934a9a91,30,58962999,2026-09-10T00:08:04+00:00,2026-09-10,buy_stablecoin,-197167255,881500068206358823,0.881500068206358823,-197.167255,0,197.167255
4663:0x4ac23f2e58e2c4962dcd701c2beff581e87f3995152a29d527c07a3afd67d956:0,post_effective,2026-09-09T23:50:42+00:00,2026-09-10T00:00:30+00:00,2026-09-10T00:10:18+00:00,4663:0x2ffda40982496677a870e47c50beab7611ae8e0efb53bd5113f91e5e66781ae7:127,NVDA,v3,0x2ffda40982496677a870e47c50beab7611ae8e0efb53bd5113f91e5e66781ae7,127,58963014,2026-09-10T00:08:06+00:00,2026-09-10,buy_stablecoin,-284669625,1272709938191921139,1.272709938191921139,-284.669625,0,284.669625
4663:0x4ac23f2e58e2c4962dcd701c2beff581e87f3995152a29d527c07a3afd67d956:0,post_effective,2026-09-09T23:50:42+00:00,2026-09-10T00:00:30+00:00,2026-09-10T00:10:18+00:00,4663:0xe44041e7d257cdfcf31cb235e407790252035089359dd3bbdec3ceeab8d1fb97:15,NVDA,v3,0xe44041e7d257cdfcf31cb235e407790252035089359dd3bbdec3ceeab8d1fb97,15,58963019,2026-09-10T00:08:06+00:00,2026-09-10,buy_stablecoin,-259505185,1160206216735027449,1.160206216735027449,-259.505185,0,259.505185
4663:0x4ac23f2e58e2c4962dcd701c2beff581e87f3995152a29d527c07a3afd67d956:0,post_effective,2026-09-09T23:50:42+00:00,2026-09-10T00:00:30+00:00,2026-09-10T00:10:18+00:00,4663:0xd973ba794e69b5b874d2d82cc1cc14c2f8fb02c2a4758012bdc3585fd6b0747e:77,NVDA,v3,0xd973ba794e69b5b874d2d82cc1cc14c2f8fb02c2a4758012bdc3585fd6b0747e,77,58963044,2026-09-10T00:08:09+00:00,2026-09-10,buy_stablecoin,-70757828,316347316587127399,0.316347316587127399,-70.757828,0,70.757828
4663:0x4ac23f2e58e2c4962dcd701c2beff581e87f3995152a29d527c07a3afd67d956:0,post_effective,2026-09-09T23:50:42+00:00,2026-09-10T00:00:30+00:00,2026-09-10T00:10:18+00:00,4663:0xb8892e90974643c7c1fe52a860528f9cb5e05f98c3d3796987c30f2f0f09d1c9:11,NVDA,v3,0xb8892e90974643c7c1fe52a860528f9cb5e05f98c3d3796987c30f2f0f09d1c9,11,58963131,2026-09-10T00:08:18+00:00,2026-09-10,buy_stablecoin,-29236770,130713127954955477,0.130713127954955477,-29.23677,0,29.23677
4663:0x4ac23f2e58e2c4962dcd701c2beff581e87f3995152a29d527c07a3afd67d956:0,post_effective,2026-09-09T23:50:42+00:00,2026-09-10T00:00:30+00:00,2026-09-10T00:10:18+00:00,4663:0xd778b385643753ac1b90489738b35fa47127e974d02b75cd3d514f13a1bdb866:56,NVDA,v3,0xd778b385643753ac1b90489738b35fa47127e974d02b75cd3d514f13a1bdb866,56,58963144,2026-09-10T00:08:19+00:00,2026-09-10,buy_stablecoin,-70755710,316338074648497241,0.316338074648497241,-70.75571,0,70.75571
4663:0x4ac23f2e58e2c4962dcd701c2beff581e87f3995152a29d527c07a3afd67d956:0,post_effective,2026-09-09T23:50:42+00:00,2026-09-10T00:00:30+00:00,2026-09-10T00:10:18+00:00,4663:0x014e31b5d6dc38259890087ad4f44af3bdbfe0ff855fdd40d8130832d294e905:12,NVDA,v3,0x014e31b5d6dc38259890087ad4f44af3bdbfe0ff855fdd40d8130832d294e905,12,58963181,2026-09-10T00:08:23+00:00,2026-09-10,buy_stablecoin,-420718,1880968928782120,0.00188096892878212,-0.420718,0,0.420718
4663:0x4ac23f2e58e2c4962dcd701c2beff581e87f3995152a29d527c07a3afd67d956:0,post_effective,2026-09-09T23:50:42+00:00,2026-09-10T00:00:30+00:00,2026-09-10T00:10:18+00:00,4663:0x03a188413ff90dd8fe0f3f1493890b3eb32a271701d5361b092f5568f7aeaaf4:12,NVDA,v3,0x03a188413ff90dd8fe0f3f1493890b3eb32a271701d5361b092f5568f7aeaaf4,12,58963265,2026-09-10T00:08:31+00:00,2026-09-10,buy_stablecoin,-283777203,1268726533167676920,1.26872653316767692,-283.777203,0,283.777203
4663:0x4ac23f2e58e2c4962dcd701c2beff581e87f3995152a29d527c07a3afd67d956:0,post_effective,2026-09-09T23:50:42+00:00,2026-09-10T00:00:30+00:00,2026-09-10T00:10:18+00:00,4663:0x2581917ee42a3bf9d6ac82de69877dc216e2177116a8867413b1cdd262d60493:9,NVDA,v3,0x2581917ee42a3bf9d6ac82de69877dc216e2177116a8867413b1cdd262d60493,9,58963311,2026-09-10T00:08:36+00:00,2026-09-10,buy_stock,2443157,-10912087809065765,-0.010912087809065765,2.443157,0.010912087809065765,0
4663:0x4ac23f2e58e2c4962dcd701c2beff581e87f3995152a29d527c07a3afd67d956:0,post_effective,2026-09-09T23:50:42+00:00,2026-09-10T00:00:30+00:00,2026-09-10T00:10:18+00:00,4663:0x0d8cc41a5c0b386411c328877efcc830e61ec8ac296df95c03c1f507f112ca7f:51,NVDA,v3,0x0d8cc41a5c0b386411c328877efcc830e61ec8ac296df95c03c1f507f112ca7f,51,58963351,2026-09-10T00:08:40+00:00,2026-09-10,buy_stock,14659337,-65474296907711116,-0.065474296907711116,14.659337,0.065474296907711116,0
4663:0x4ac23f2e58e2c4962dcd701c2beff581e87f3995152a29d527c07a3afd67d956:0,post_effective,2026-09-09T23:50:42+00:00,2026-09-10T00:00:30+00:00,2026-09-10T00:10:18+00:00,4663:0x03d0e6fc0b6bc703f9306bc39a20e07be4fbd2d4d1315985f9dabb6141a81e53:80,NVDA,v3,0x03d0e6fc0b6bc703f9306bc39a20e07be4fbd2d4d1315985f9dabb6141a81e53,80,58963351,2026-09-10T00:08:40+00:00,2026-09-10,buy_stablecoin,-111416795,498128902565801011,0.498128902565801011,-111.416795,0,111.416795
4663:0x4ac23f2e58e2c4962dcd701c2beff581e87f3995152a29d527c07a3afd67d956:0,post_effective,2026-09-09T23:50:42+00:00,2026-09-10T00:00:30+00:00,2026-09-10T00:10:18+00:00,4663:0xb6873aaafcae11e3a0ac3db990737fde1e91f217724a83cc4d071de4a29794fd:15,NVDA,v3,0xb6873aaafcae11e3a0ac3db990737fde1e91f217724a83cc4d071de4a29794fd,15,58963400,2026-09-10T00:08:45+00:00,2026-09-10,buy_stablecoin,-3306555,14783153167668812,0.014783153167668812,-3.306555,0,3.306555
4663:0x4ac23f2e58e2c4962dcd701c2beff581e87f3995152a29d527c07a3afd67d956:0,post_effective,2026-09-09T23:50:42+00:00,2026-09-10T00:00:30+00:00,2026-09-10T00:10:18+00:00,4663:0x02d196ea30fdb06e1066bf8fcef98e98331c8d234af89c328816b4a90ccbb58a:26,NVDA,v3,0x02d196ea30fdb06e1066bf8fcef98e98331c8d234af89c328816b4a90ccbb58a,26,58963414,2026-09-10T00:08:46+00:00,2026-09-10,buy_stablecoin,-432237149,1932475603329081770,1.93247560332908177,-432.237149,0,432.237149
4663:0x4ac23f2e58e2c4962dcd701c2beff581e87f3995152a29d527c07a3afd67d956:0,post_effective,2026-09-09T23:50:42+00:00,2026-09-10T00:00:30+00:00,2026-09-10T00:10:18+00:00,4663:0xfd4b8fedc5abeb6fa1b001ccfb9bfb9fd78db6e7722e7af3994c69feb5a33427:34,NVDA,v3,0xfd4b8fedc5abeb6fa1b001ccfb9bfb9fd78db6e7722e7af3994c69feb5a33427,34,58963428,2026-09-10T00:08:48+00:00,2026-09-10,buy_stock,36834407,-164517390237614593,-0.164517390237614593,36.834407,0.164517390237614593,0
4663:0x4ac23f2e58e2c4962dcd701c2beff581e87f3995152a29d527c07a3afd67d956:0,post_effective,2026-09-09T23:50:42+00:00,2026-09-10T00:00:30+00:00,2026-09-10T00:10:18+00:00,4663:0x3d825c745b395fca9d7faba5b2dd532f8e964a91002fc1e824a978df159b94bd:26,NVDA,v3,0x3d825c745b395fca9d7faba5b2dd532f8e964a91002fc1e824a978df159b94bd,26,58963477,2026-09-10T00:08:53+00:00,2026-09-10,buy_stablecoin,-7510854,33580087912030972,0.033580087912030972,-7.510854,0,7.510854
4663:0x4ac23f2e58e2c4962dcd701c2beff581e87f3995152a29d527c07a3afd67d956:0,post_effective,2026-09-09T23:50:42+00:00,2026-09-10T00:00:30+00:00,2026-09-10T00:10:18+00:00,4663:0x6ad885a170305a622c70748bcd8b1478199bedb527ab66d34e1f721f7f2f7969:48,NVDA,v3,0x6ad885a170305a622c70748bcd8b1478199bedb527ab66d34e1f721f7f2f7969,48,58963481,2026-09-10T00:08:53+00:00,2026-09-10,buy_stablecoin,-62846013,280976721375016489,0.280976721375016489,-62.846013,0,62.846013
4663:0x4ac23f2e58e2c4962dcd701c2beff581e87f3995152a29d527c07a3afd67d956:0,post_effective,2026-09-09T23:50:42+00:00,2026-09-10T00:00:30+00:00,2026-09-10T00:10:18+00:00,4663:0xa11b68e25be412b47f6add832cffeb957406793e768637737b6952b7327b6098:43,NVDA,v3,0xa11b68e25be412b47f6add832cffeb957406793e768637737b6952b7327b6098,43,58963548,2026-09-10T00:09:00+00:00,2026-09-10,buy_stablecoin,-138237545,618043339196670525,0.618043339196670525,-138.237545,0,138.237545
4663:0x4ac23f2e58e2c4962dcd701c2beff581e87f3995152a29d527c07a3afd67d956:0,post_effective,2026-09-09T23:50:42+00:00,2026-09-10T00:00:30+00:00,2026-09-10T00:10:18+00:00,4663:0xa1e0fdc372bff9269f22d82055539988019a2a433677c839eb07dced4e95565e:9,NVDA,v3,0xa1e0fdc372bff9269f22d82055539988019a2a433677c839eb07dced4e95565e,9,58963553,2026-09-10T00:09:00+00:00,2026-09-10,buy_stock,12487818,-55775730316620767,-0.055775730316620767,12.487818,0.055775730316620767,0
4663:0x4ac23f2e58e2c4962dcd701c2beff581e87f3995152a29d527c07a3afd67d956:0,post_effective,2026-09-09T23:50:42+00:00,2026-09-10T00:00:30+00:00,2026-09-10T00:10:18+00:00,4663:0xdb5b1f12813c748daf33f0c20c74614ffe19fd1d58f8bdee3a7cc2183aa3774e:4,NVDA,v3,0xdb5b1f12813c748daf33f0c20c74614ffe19fd1d58f8bdee3a7cc2183aa3774e,4,58963559,2026-09-10T00:09:01+00:00,2026-09-10,buy_stablecoin,-7590146,33934640255574914,0.033934640255574914,-7.590146,0,7.590146
4663:0x4ac23f2e58e2c4962dcd701c2beff581e87f3995152a29d527c07a3afd67d956:0,post_effective,2026-09-09T23:50:42+00:00,2026-09-10T00:00:30+00:00,2026-09-10T00:10:18+00:00,4663:0xadfdd6c40e126c07fe56c0ac2c346124a846ca423361672e324f43ab2d14016d:17,NVDA,v3,0xadfdd6c40e126c07fe56c0ac2c346124a846ca423361672e324f43ab2d14016d,17,58963627,2026-09-10T00:09:08+00:00,2026-09-10,buy_stock,21986371,-98200164251978468,-0.098200164251978468,21.986371,0.098200164251978468,0
4663:0x4ac23f2e58e2c4962dcd701c2beff581e87f3995152a29d527c07a3afd67d956:0,post_effective,2026-09-09T23:50:42+00:00,2026-09-10T00:00:30+00:00,2026-09-10T00:10:18+00:00,4663:0xe6afdaf2bade1d0db242da3b282e9e03d270115d49b22937d92f9a48b41b626b:10,NVDA,v3,0xe6afdaf2bade1d0db242da3b282e9e03d270115d49b22937d92f9a48b41b626b,10,58963639,2026-09-10T00:09:09+00:00,2026-09-10,buy_stock,13979569,-62438490906169101,-0.062438490906169101,13.979569,0.062438490906169101,0
4663:0x4ac23f2e58e2c4962dcd701c2beff581e87f3995152a29d527c07a3afd67d956:0,post_effective,2026-09-09T23:50:42+00:00,2026-09-10T00:00:30+00:00,2026-09-10T00:10:18+00:00,4663:0x6c9de90143ad469d1719d313191cf620aa4bbc81ca37eddabb11b12a9ec3f183:48,NVDA,v3,0x6c9de90143ad469d1719d313191cf620aa4bbc81ca37eddabb11b12a9ec3f183,48,58963702,2026-09-10T00:09:16+00:00,2026-09-10,buy_stablecoin,-283311221,1266651726570328169,1.266651726570328169,-283.311221,0,283.311221
4663:0x4ac23f2e58e2c4962dcd701c2beff581e87f3995152a29d527c07a3afd67d956:0,post_effective,2026-09-09T23:50:42+00:00,2026-09-10T00:00:30+00:00,2026-09-10T00:10:18+00:00,4663:0xa0b3f6131c83d6e5fc03bdba4c0411243506a0df3aab76447ba020e68c94e3a5:31,NVDA,v3,0xa0b3f6131c83d6e5fc03bdba4c0411243506a0df3aab76447ba020e68c94e3a5,31,58963704,2026-09-10T00:09:16+00:00,2026-09-10,buy_stablecoin,-9331774,41721330611047169,0.041721330611047169,-9.331774,0,9.331774
4663:0x4ac23f2e58e2c4962dcd701c2beff581e87f3995152a29d527c07a3afd67d956:0,post_effective,2026-09-09T23:50:42+00:00,2026-09-10T00:00:30+00:00,2026-09-10T00:10:18+00:00,4663:0xe41b48aaffe8f2b1871fab15ae0851291a88ed68e7e639e1af18796880e14986:44,NVDA,v3,0xe41b48aaffe8f2b1871fab15ae0851291a88ed68e7e639e1af18796880e14986,44,58963716,2026-09-10T00:09:17+00:00,2026-09-10,buy_stablecoin,-591233883,2643346776381147877,2.643346776381147877,-591.233883,0,591.233883
4663:0x4ac23f2e58e2c4962dcd701c2beff581e87f3995152a29d527c07a3afd67d956:0,post_effective,2026-09-09T23:50:42+00:00,2026-09-10T00:00:30+00:00,2026-09-10T00:10:18+00:00,4663:0x22b179233270f1acef1c7bd539f77c8bd933eacb99da4c922c2ec6428dcf1a3a:8,NVDA,v3,0x22b179233270f1acef1c7bd539f77c8bd933eacb99da4c922c2ec6428dcf1a3a,8,58963748,2026-09-10T00:09:20+00:00,2026-09-10,buy_stock,73733203,-329324712860845927,-0.329324712860845927,73.733203,0.329324712860845927,0
4663:0x4ac23f2e58e2c4962dcd701c2beff581e87f3995152a29d527c07a3afd67d956:0,post_effective,2026-09-09T23:50:42+00:00,2026-09-10T00:00:30+00:00,2026-09-10T00:10:18+00:00,4663:0x948193689390fd178d64805020aafbe4cb4c0410d7ff869c452a20896b7f0c4d:21,NVDA,v3,0x948193689390fd178d64805020aafbe4cb4c0410d7ff869c452a20896b7f0c4d,21,58963748,2026-09-10T00:09:20+00:00,2026-09-10,buy_stock,67465369,-301329675197923885,-0.301329675197923885,67.465369,0.301329675197923885,0
4663:0x4ac23f2e58e2c4962dcd701c2beff581e87f3995152a29d527c07a3afd67d956:0,post_effective,2026-09-09T23:50:42+00:00,2026-09-10T00:00:30+00:00,2026-09-10T00:10:18+00:00,4663:0x8dab76759c6cc86c605cc9b531f74d92688d04a236af41b952d15cca6d648821:50,NVDA,v3,0x8dab76759c6cc86c605cc9b531f74d92688d04a236af41b952d15cca6d648821,50,58963748,2026-09-10T00:09:20+00:00,2026-09-10,buy_stock,217569994,-971761220809444391,-0.971761220809444391,217.569994,0.971761220809444391,0
4663:0x4ac23f2e58e2c4962dcd701c2beff581e87f3995152a29d527c07a3afd67d956:0,post_effective,2026-09-09T23:50:42+00:00,2026-09-10T00:00:30+00:00,2026-09-10T00:10:18+00:00,4663:0xe1807517c1b733cffe3b9fc63274db1127834d992dbd2e454e0c46898a5b8da9:43,NVDA,v3,0xe1807517c1b733cffe3b9fc63274db1127834d992dbd2e454e0c46898a5b8da9,43,58963749,2026-09-10T00:09:20+00:00,2026-09-10,buy_stock,217558324,-971707587175964697,-0.971707587175964697,217.558324,0.971707587175964697,0
4663:0x4ac23f2e58e2c4962dcd701c2beff581e87f3995152a29d527c07a3afd67d956:0,post_effective,2026-09-09T23:50:42+00:00,2026-09-10T00:00:30+00:00,2026-09-10T00:10:18+00:00,4663:0x503c9ed64fa39f1b8104215d429c0d4f4c902ad333d618c63f6c90d154b84436:4,NVDA,v3,0x503c9ed64fa39f1b8104215d429c0d4f4c902ad333d618c63f6c90d154b84436,4,58963752,2026-09-10T00:09:21+00:00,2026-09-10,buy_stablecoin,-12762791,57061037215745019,0.057061037215745019,-12.762791,0,12.762791
4663:0x4ac23f2e58e2c4962dcd701c2beff581e87f3995152a29d527c07a3afd67d956:0,post_effective,2026-09-09T23:50:42+00:00,2026-09-10T00:00:30+00:00,2026-09-10T00:10:18+00:00,4663:0x3aeff34f680d5fd1bd6e4bfca25a56f739209fe4ce55c4b73e7be461c662595a:127,NVDA,v3,0x3aeff34f680d5fd1bd6e4bfca25a56f739209fe4ce55c4b73e7be461c662595a,127,58963755,2026-09-10T00:09:21+00:00,2026-09-10,buy_stock,122143712,-545544923045401286,-0.545544923045401286,122.143712,0.545544923045401286,0
4663:0x4ac23f2e58e2c4962dcd701c2beff581e87f3995152a29d527c07a3afd67d956:0,post_effective,2026-09-09T23:50:42+00:00,2026-09-10T00:00:30+00:00,2026-09-10T00:10:18+00:00,4663:0x81f3492ec72a360e825c0f7bcabd1257cf6cd63dee36b6a9af6dbade2b66de75:39,NVDA,v3,0x81f3492ec72a360e825c0f7bcabd1257cf6cd63dee36b6a9af6dbade2b66de75,39,58963760,2026-09-10T00:09:21+00:00,2026-09-10,buy_stock,49351965,-220426390161613207,-0.220426390161613207,49.351965,0.220426390161613207,0
4663:0x4ac23f2e58e2c4962dcd701c2beff581e87f3995152a29d527c07a3afd67d956:0,post_effective,2026-09-09T23:50:42+00:00,2026-09-10T00:00:30+00:00,2026-09-10T00:10:18+00:00,4663:0x76f52ca2d54a8174d3255d70219272f4e23a3c301077788dc039d87b1c21e94e:44,NVDA,v3,0x76f52ca2d54a8174d3255d70219272f4e23a3c301077788dc039d87b1c21e94e,44,58963762,2026-09-10T00:09:22+00:00,2026-09-10,buy_stock,49351906,-220426048983255820,-0.22042604898325582,49.351906,0.22042604898325582,0
4663:0x4ac23f2e58e2c4962dcd701c2beff581e87f3995152a29d527c07a3afd67d956:0,post_effective,2026-09-09T23:50:42+00:00,2026-09-10T00:00:30+00:00,2026-09-10T00:10:18+00:00,4663:0x2f15ed073d90ce9a079eb95604be7e522f54fd8399d109a6355dbf5092983a2c:61,NVDA,v3,0x2f15ed073d90ce9a079eb95604be7e522f54fd8399d109a6355dbf5092983a2c,61,58963762,2026-09-10T00:09:22+00:00,2026-09-10,buy_stock,49351897,-220425931237521238,-0.220425931237521238,49.351897,0.220425931237521238,0
4663:0x4ac23f2e58e2c4962dcd701c2beff581e87f3995152a29d527c07a3afd67d956:0,post_effective,2026-09-09T23:50:42+00:00,2026-09-10T00:00:30+00:00,2026-09-10T00:10:18+00:00,4663:0x0ccb6effec3f7a25c20e5ed8baf9d2cb0c02c6a7f36720d6ddd790ffb31d193e:53,NVDA,v3,0x0ccb6effec3f7a25c20e5ed8baf9d2cb0c02c6a7f36720d6ddd790ffb31d193e,53,58963765,2026-09-10T00:09:22+00:00,2026-09-10,buy_stock,43967587,-196377315557957718,-0.196377315557957718,43.967587,0.196377315557957718,0
4663:0x4ac23f2e58e2c4962dcd701c2beff581e87f3995152a29d527c07a3afd67d956:0,post_effective,2026-09-09T23:50:42+00:00,2026-09-10T00:00:30+00:00,2026-09-10T00:10:18+00:00,4663:0xa423525fc24c712d33914b7da967316fbb61d461161103969025a348abc8dec3:24,NVDA,v3,0xa423525fc24c712d33914b7da967316fbb61d461161103969025a348abc8dec3,24,58963769,2026-09-10T00:09:22+00:00,2026-09-10,buy_stock,49352034,-220426392375633257,-0.220426392375633257,49.352034,0.220426392375633257,0
4663:0x4ac23f2e58e2c4962dcd701c2beff581e87f3995152a29d527c07a3afd67d956:0,post_effective,2026-09-09T23:50:42+00:00,2026-09-10T00:00:30+00:00,2026-09-10T00:10:18+00:00,4663:0x8448281c21f8a09b568cb693b3c6bf0a700126d07802dfbe3ca1be1bd3d33383:36,NVDA,v3,0x8448281c21f8a09b568cb693b3c6bf0a700126d07802dfbe3ca1be1bd3d33383,36,58963777,2026-09-10T00:09:23+00:00,2026-09-10,buy_stablecoin,-152085207,679954857147321489,0.679954857147321489,-152.085207,0,152.085207
4663:0x4ac23f2e58e2c4962dcd701c2beff581e87f3995152a29d527c07a3afd67d956:0,post_effective,2026-09-09T23:50:42+00:00,2026-09-10T00:00:30+00:00,2026-09-10T00:10:18+00:00,4663:0x66fabe876ebadf3037fb0eeb0a8242b9103444524b251172cfaeb11d22d9fe07:53,NVDA,v3,0x66fabe876ebadf3037fb0eeb0a8242b9103444524b251172cfaeb11d22d9fe07,53,58963777,2026-09-10T00:09:23+00:00,2026-09-10,buy_stablecoin,-224421544,1003363356212718694,1.003363356212718694,-224.421544,0,224.421544
4663:0x4ac23f2e58e2c4962dcd701c2beff581e87f3995152a29d527c07a3afd67d956:0,post_effective,2026-09-09T23:50:42+00:00,2026-09-10T00:00:30+00:00,2026-09-10T00:10:18+00:00,4663:0xbc04337b94f2f51473965f5252087f87b65561105bd361e97716e6874a00bf9c:46,NVDA,v3,0xbc04337b94f2f51473965f5252087f87b65561105bd361e97716e6874a00bf9c,46,58963780,2026-09-10T00:09:23+00:00,2026-09-10,buy_stablecoin,-51670596,231013622447624611,0.231013622447624611,-51.670596,0,51.670596
4663:0x4ac23f2e58e2c4962dcd701c2beff581e87f3995152a29d527c07a3afd67d956:0,post_effective,2026-09-09T23:50:42+00:00,2026-09-10T00:00:30+00:00,2026-09-10T00:10:18+00:00,4663:0x6cd25dcae8eea68dad8667b17cf965d7e889a249e77d9397414b5295d50fa493:12,NVDA,v3,0x6cd25dcae8eea68dad8667b17cf965d7e889a249e77d9397414b5295d50fa493,12,58963781,2026-09-10T00:09:24+00:00,2026-09-10,buy_stablecoin,-42641183,190644163219221452,0.190644163219221452,-42.641183,0,42.641183
4663:0x4ac23f2e58e2c4962dcd701c2beff581e87f3995152a29d527c07a3afd67d956:0,post_effective,2026-09-09T23:50:42+00:00,2026-09-10T00:00:30+00:00,2026-09-10T00:10:18+00:00,4663:0xda89d3162b4c99978f39885e0c5a95d36a32ddd22d3c0bb88bd8e8cccfee1c9e:26,NVDA,v3,0xda89d3162b4c99978f39885e0c5a95d36a32ddd22d3c0bb88bd8e8cccfee1c9e,26,58963793,2026-09-10T00:09:25+00:00,2026-09-10,buy_stock,97717312,-436446772022661744,-0.436446772022661744,97.717312,0.436446772022661744,0
4663:0x4ac23f2e58e2c4962dcd701c2beff581e87f3995152a29d527c07a3afd67d956:0,post_effective,2026-09-09T23:50:42+00:00,2026-09-10T00:00:30+00:00,2026-09-10T00:10:18+00:00,4663:0x6a505f026457bef11b248c2f961da13a6d07937ebdb48efe28c2815a14626f58:46,NVDA,v3,0x6a505f026457bef11b248c2f961da13a6d07937ebdb48efe28c2815a14626f58,46,58963794,2026-09-10T00:09:25+00:00,2026-09-10,buy_stock,73287960,-327334773422865598,-0.327334773422865598,73.28796,0.327334773422865598,0
4663:0x4ac23f2e58e2c4962dcd701c2beff581e87f3995152a29d527c07a3afd67d956:0,post_effective,2026-09-09T23:50:42+00:00,2026-09-10T00:00:30+00:00,2026-09-10T00:10:18+00:00,4663:0x485843d1cb48adff5d51a4d6be2881bdd88a3fe5f5b6092242b5f9de225008a3:29,NVDA,v3,0x485843d1cb48adff5d51a4d6be2881bdd88a3fe5f5b6092242b5f9de225008a3,29,58963795,2026-09-10T00:09:25+00:00,2026-09-10,buy_stock,537444416,-2400446991152011892,-2.400446991152011892,537.444416,2.400446991152011892,0
4663:0x4ac23f2e58e2c4962dcd701c2beff581e87f3995152a29d527c07a3afd67d956:0,post_effective,2026-09-09T23:50:42+00:00,2026-09-10T00:00:30+00:00,2026-09-10T00:10:18+00:00,4663:0xac86ffb22aafa1645cbe95082ffe3c0949f04363efa35e510dac574ad56fc783:50,NVDA,v3,0xac86ffb22aafa1645cbe95082ffe3c0949f04363efa35e510dac574ad56fc783,50,58963795,2026-09-10T00:09:25+00:00,2026-09-10,buy_stock,610730954,-2727763541946820300,-2.7277635419468203,610.730954,2.7277635419468203,0
4663:0x4ac23f2e58e2c4962dcd701c2beff581e87f3995152a29d527c07a3afd67d956:0,post_effective,2026-09-09T23:50:42+00:00,2026-09-10T00:00:30+00:00,2026-09-10T00:10:18+00:00,4663:0xc7dbf637e6ec4a503526d90f45b08f2a195738eb9dda7a90383b067d207fba61:47,NVDA,v3,0xc7dbf637e6ec4a503526d90f45b08f2a195738eb9dda7a90383b067d207fba61,47,58963799,2026-09-10T00:09:25+00:00,2026-09-10,buy_stock,64236182,-286903243436324665,-0.286903243436324665,64.236182,0.286903243436324665,0
4663:0x4ac23f2e58e2c4962dcd701c2beff581e87f3995152a29d527c07a3afd67d956:0,post_effective,2026-09-09T23:50:42+00:00,2026-09-10T00:00:30+00:00,2026-09-10T00:10:18+00:00,4663:0x6a11fb42e78ff4069e1f285d34969677f347e8609b20f6bf96a1aa3a94937030:43,NVDA,v3,0x6a11fb42e78ff4069e1f285d34969677f347e8609b20f6bf96a1aa3a94937030,43,58963830,2026-09-10T00:09:29+00:00,2026-09-10,buy_stock,185659036,-829223206100866518,-0.829223206100866518,185.659036,0.829223206100866518,0
4663:0x4ac23f2e58e2c4962dcd701c2beff581e87f3995152a29d527c07a3afd67d956:0,post_effective,2026-09-09T23:50:42+00:00,2026-09-10T00:00:30+00:00,2026-09-10T00:10:18+00:00,4663:0xa37438335def976afe13445547500a9404d818974d0588b01a1b259ecce0f69f:33,NVDA,v3,0xa37438335def976afe13445547500a9404d818974d0588b01a1b259ecce0f69f,33,58963842,2026-09-10T00:09:30+00:00,2026-09-10,buy_stock,122144098,-545540961085424247,-0.545540961085424247,122.144098,0.545540961085424247,0
4663:0x4ac23f2e58e2c4962dcd701c2beff581e87f3995152a29d527c07a3afd67d956:0,post_effective,2026-09-09T23:50:42+00:00,2026-09-10T00:00:30+00:00,2026-09-10T00:10:18+00:00,4663:0x8611f83f87a241da8fa016579a3a47e6271c2586a7db992b66246b3af541d19b:7,NVDA,v3,0x8611f83f87a241da8fa016579a3a47e6271c2586a7db992b66246b3af541d19b,7,58963844,2026-09-10T00:09:30+00:00,2026-09-10,buy_stock,61072027,-272770201917057908,-0.272770201917057908,61.072027,0.272770201917057908,0
4663:0x4ac23f2e58e2c4962dcd701c2beff581e87f3995152a29d527c07a3afd67d956:0,post_effective,2026-09-09T23:50:42+00:00,2026-09-10T00:00:30+00:00,2026-09-10T00:10:18+00:00,4663:0xf8c6b80b6ef2004dd8acfa9bb4ae19d7717548652701aa8e82f45e51eefc4eaa:8,NVDA,v3,0xf8c6b80b6ef2004dd8acfa9bb4ae19d7717548652701aa8e82f45e51eefc4eaa,8,58963846,2026-09-10T00:09:30+00:00,2026-09-10,buy_stock,244287933,-1091078856327236002,-1.091078856327236002,244.287933,1.091078856327236002,0
4663:0x4ac23f2e58e2c4962dcd701c2beff581e87f3995152a29d527c07a3afd67d956:0,post_effective,2026-09-09T23:50:42+00:00,2026-09-10T00:00:30+00:00,2026-09-10T00:10:18+00:00,4663:0x1a060d315d78d8ab7d1967871edd172146b44f3c9e584e65981954dfbccb2f40:48,NVDA,v3,0x1a060d315d78d8ab7d1967871edd172146b44f3c9e584e65981954dfbccb2f40,48,58963847,2026-09-10T00:09:30+00:00,2026-09-10,buy_stablecoin,-36624098,163740136566986304,0.163740136566986304,-36.624098,0,36.624098
4663:0x4ac23f2e58e2c4962dcd701c2beff581e87f3995152a29d527c07a3afd67d956:0,post_effective,2026-09-09T23:50:42+00:00,2026-09-10T00:00:30+00:00,2026-09-10T00:10:18+00:00,4663:0x1b9094413fc0eb254cfa7c04687087b12d9e6e43295829292be5adf8cb2bb247:91,NVDA,v3,0x1b9094413fc0eb254cfa7c04687087b12d9e6e43295829292be5adf8cb2bb247,91,58963847,2026-09-10T00:09:30+00:00,2026-09-10,buy_stock,51818630,-231440682442259646,-0.231440682442259646,51.81863,0.231440682442259646,0
4663:0x4ac23f2e58e2c4962dcd701c2beff581e87f3995152a29d527c07a3afd67d956:0,post_effective,2026-09-09T23:50:42+00:00,2026-09-10T00:00:30+00:00,2026-09-10T00:10:18+00:00,4663:0xcd9e88d70d97234df566006645a08d1eaa52887d94e4b80dc84ec46c420b0a0b:8,NVDA,v3,0xcd9e88d70d97234df566006645a08d1eaa52887d94e4b80dc84ec46c420b0a0b,8,58963865,2026-09-10T00:09:32+00:00,2026-09-10,buy_stock,183215438,-818305520372256584,-0.818305520372256584,183.215438,0.818305520372256584,0
4663:0x4ac23f2e58e2c4962dcd701c2beff581e87f3995152a29d527c07a3afd67d956:0,post_effective,2026-09-09T23:50:42+00:00,2026-09-10T00:00:30+00:00,2026-09-10T00:10:18+00:00,4663:0x67cf0722e758e6e6f9149b0aa8295ac1529a6454df67dbba2a66ee13e80463de:14,NVDA,v3,0x67cf0722e758e6e6f9149b0aa8295ac1529a6454df67dbba2a66ee13e80463de,14,58963885,2026-09-10T00:09:34+00:00,2026-09-10,buy_stock,9352152,-41770015105872881,-0.041770015105872881,9.352152,0.041770015105872881,0
4663:0x4ac23f2e58e2c4962dcd701c2beff581e87f3995152a29d527c07a3afd67d956:0,post_effective,2026-09-09T23:50:42+00:00,2026-09-10T00:00:30+00:00,2026-09-10T00:10:18+00:00,4663:0x1040b48d9aeb62f071a83c4490b314b5cca0ae73e49a2bb2f89311a0030a482e:12,NVDA,v3,0x1040b48d9aeb62f071a83c4490b314b5cca0ae73e49a2bb2f89311a0030a482e,12,58963886,2026-09-10T00:09:34+00:00,2026-09-10,buy_stock,61071824,-272768301814989456,-0.272768301814989456,61.071824,0.272768301814989456,0
4663:0x4ac23f2e58e2c4962dcd701c2beff581e87f3995152a29d527c07a3afd67d956:0,post_effective,2026-09-09T23:50:42+00:00,2026-09-10T00:00:30+00:00,2026-09-10T00:10:18+00:00,4663:0x87d39df41ae1d65fc3544d9c4d92e23a9696835092cb4e301fdb1085c40083ce:10,NVDA,v3,0x87d39df41ae1d65fc3544d9c4d92e23a9696835092cb4e301fdb1085c40083ce,10,58963903,2026-09-10T00:09:36+00:00,2026-09-10,buy_stock,9558458,-42691429910247498,-0.042691429910247498,9.558458,0.042691429910247498,0
4663:0x4ac23f2e58e2c4962dcd701c2beff581e87f3995152a29d527c07a3afd67d956:0,post_effective,2026-09-09T23:50:42+00:00,2026-09-10T00:00:30+00:00,2026-09-10T00:10:18+00:00,4663:0xb1107b9ae1b08b0f3f01a1d74287928fee127a9c9d622ea6e2385979ff0193c3:52,NVDA,v3,0xb1107b9ae1b08b0f3f01a1d74287928fee127a9c9d622ea6e2385979ff0193c3,52,58963904,2026-09-10T00:09:36+00:00,2026-09-10,buy_stablecoin,-690803011,3088464262400885069,3.088464262400885069,-690.803011,0,690.803011
4663:0x4ac23f2e58e2c4962dcd701c2beff581e87f3995152a29d527c07a3afd67d956:0,post_effective,2026-09-09T23:50:42+00:00,2026-09-10T00:00:30+00:00,2026-09-10T00:10:18+00:00,4663:0x8e17eccf85f157bf2f175bded11a1215b9ddd46377fd4428a949547eeb76323a:13,NVDA,v3,0x8e17eccf85f157bf2f175bded11a1215b9ddd46377fd4428a949547eeb76323a,13,58963911,2026-09-10T00:09:37+00:00,2026-09-10,buy_stablecoin,-61375980,274402437446651361,0.274402437446651361,-61.37598,0,61.37598
4663:0x4ac23f2e58e2c4962dcd701c2beff581e87f3995152a29d527c07a3afd67d956:0,post_effective,2026-09-09T23:50:42+00:00,2026-09-10T00:00:30+00:00,2026-09-10T00:10:18+00:00,4663:0x0c1ee584a0c5ab83f220ca8608d8d2d19961562c00c06bc33e07fd4678277f0d:8,NVDA,v3,0x0c1ee584a0c5ab83f220ca8608d8d2d19961562c00c06bc33e07fd4678277f0d,8,58963912,2026-09-10T00:09:37+00:00,2026-09-10,buy_stock,97714102,-436427696959367455,-0.436427696959367455,97.714102,0.436427696959367455,0
4663:0x4ac23f2e58e2c4962dcd701c2beff581e87f3995152a29d527c07a3afd67d956:0,post_effective,2026-09-09T23:50:42+00:00,2026-09-10T00:00:30+00:00,2026-09-10T00:10:18+00:00,4663:0x59484bddf606f19583e13e8cd33b0acd635c39fb9eeb9bea9ac301a73f1ba0a1:39,NVDA,v3,0x59484bddf606f19583e13e8cd33b0acd635c39fb9eeb9bea9ac301a73f1ba0a1,39,58963915,2026-09-10T00:09:37+00:00,2026-09-10,buy_stablecoin,-10111678,45207718478003989,0.045207718478003989,-10.111678,0,10.111678
4663:0x4ac23f2e58e2c4962dcd701c2beff581e87f3995152a29d527c07a3afd67d956:0,post_effective,2026-09-09T23:50:42+00:00,2026-09-10T00:00:30+00:00,2026-09-10T00:10:18+00:00,4663:0x6ae3dd83ae94b7eda14450eea6def3fee25117e12ce2779541e3e5a0e866d2db:14,NVDA,v3,0x6ae3dd83ae94b7eda14450eea6def3fee25117e12ce2779541e3e5a0e866d2db,14,58963916,2026-09-10T00:09:37+00:00,2026-09-10,buy_stablecoin,-225447912,1007942864133739802,1.007942864133739802,-225.447912,0,225.447912
4663:0x4ac23f2e58e2c4962dcd701c2beff581e87f3995152a29d527c07a3afd67d956:0,post_effective,2026-09-09T23:50:42+00:00,2026-09-10T00:00:30+00:00,2026-09-10T00:10:18+00:00,4663:0xc8e42a4f662dd0ed5be8be1f041ca54d0a1657379478fac510ad1dcca32f13b1:9,NVDA,v3,0xc8e42a4f662dd0ed5be8be1f041ca54d0a1657379478fac510ad1dcca32f13b1,9,58963917,2026-09-10T00:09:37+00:00,2026-09-10,buy_stock,14338934,-64043118184573825,-0.064043118184573825,14.338934,0.064043118184573825,0
4663:0x4ac23f2e58e2c4962dcd701c2beff581e87f3995152a29d527c07a3afd67d956:0,post_effective,2026-09-09T23:50:42+00:00,2026-09-10T00:00:30+00:00,2026-09-10T00:10:18+00:00,4663:0x0b46436ecba3021e9a250d036288995826a3d8a79314ac42d96c1821c3e74669:10,NVDA,v3,0x0b46436ecba3021e9a250d036288995826a3d8a79314ac42d96c1821c3e74669,10,58963920,2026-09-10T00:09:38+00:00,2026-09-10,buy_stock,73285618,-327321277275264977,-0.327321277275264977,73.285618,0.327321277275264977,0
4663:0x4ac23f2e58e2c4962dcd701c2beff581e87f3995152a29d527c07a3afd67d956:0,post_effective,2026-09-09T23:50:42+00:00,2026-09-10T00:00:30+00:00,2026-09-10T00:10:18+00:00,4663:0x040499d4812e6ea34dcda496718e9e8f5b8901c22a0711ec828815ab291cb474:83,NVDA,v3,0x040499d4812e6ea34dcda496718e9e8f5b8901c22a0711ec828815ab291cb474,83,58963920,2026-09-10T00:09:38+00:00,2026-09-10,buy_stock,537427245,-2400348043667862174,-2.400348043667862174,537.427245,2.400348043667862174,0
4663:0x4ac23f2e58e2c4962dcd701c2beff581e87f3995152a29d527c07a3afd67d956:0,post_effective,2026-09-09T23:50:42+00:00,2026-09-10T00:00:30+00:00,2026-09-10T00:10:18+00:00,4663:0xde21448078bae58d8c83874f5e1d093ae017a47f111b84df38657ad2608115c6:4,NVDA,v3,0xde21448078bae58d8c83874f5e1d093ae017a47f111b84df38657ad2608115c6,4,58963926,2026-09-10T00:09:38+00:00,2026-09-10,buy_stablecoin,-7111377,31793756062610393,0.031793756062610393,-7.111377,0,7.111377
4663:0x4ac23f2e58e2c4962dcd701c2beff581e87f3995152a29d527c07a3afd67d956:0,post_effective,2026-09-09T23:50:42+00:00,2026-09-10T00:00:30+00:00,2026-09-10T00:10:18+00:00,4663:0x6f14dde86bf3f5f41beb60f4513c9830222c42777dd4ec66ea8f8ef6d450d78b:25,NVDA,v3,0x6f14dde86bf3f5f41beb60f4513c9830222c42777dd4ec66ea8f8ef6d450d78b,25,58963929,2026-09-10T00:09:39+00:00,2026-09-10,buy_stablecoin,-8867010,39642896968459682,0.039642896968459682,-8.86701,0,8.86701
4663:0x4ac23f2e58e2c4962dcd701c2beff581e87f3995152a29d527c07a3afd67d956:0,post_effective,2026-09-09T23:50:42+00:00,2026-09-10T00:00:30+00:00,2026-09-10T00:10:18+00:00,4663:0x5ddb8830372e86ba2f32532f70e73c0159aab7bdd6d2a2e3516c86e7249c17af:12,NVDA,v3,0x5ddb8830372e86ba2f32532f70e73c0159aab7bdd6d2a2e3516c86e7249c17af,12,58963934,2026-09-10T00:09:39+00:00,2026-09-10,buy_stablecoin,-9679035,43273325543145675,0.043273325543145675,-9.679035,0,9.679035
4663:0x4ac23f2e58e2c4962dcd701c2beff581e87f3995152a29d527c07a3afd67d956:0,post_effective,2026-09-09T23:50:42+00:00,2026-09-10T00:00:30+00:00,2026-09-10T00:10:18+00:00,4663:0xf1292812efb2288a2f99eb8133cc59db5853f862a39666e10bda737142b27142:32,NVDA,v3,0xf1292812efb2288a2f99eb8133cc59db5853f862a39666e10bda737142b27142,32,58963934,2026-09-10T00:09:39+00:00,2026-09-10,buy_stablecoin,-9500480,42475039601605906,0.042475039601605906,-9.50048,0,9.50048
4663:0x4ac23f2e58e2c4962dcd701c2beff581e87f3995152a29d527c07a3afd67d956:0,post_effective,2026-09-09T23:50:42+00:00,2026-09-10T00:00:30+00:00,2026-09-10T00:10:18+00:00,4663:0x566d4d08a1c484def84b3f58a23dbb610215d8b2a8502df121ac374b3d74825e:44,NVDA,v3,0x566d4d08a1c484def84b3f58a23dbb610215d8b2a8502df121ac374b3d74825e,44,58963935,2026-09-10T00:09:39+00:00,2026-09-10,buy_stock,24428318,-109105671869593753,-0.109105671869593753,24.428318,0.109105671869593753,0
4663:0x4ac23f2e58e2c4962dcd701c2beff581e87f3995152a29d527c07a3afd67d956:0,post_effective,2026-09-09T23:50:42+00:00,2026-09-10T00:00:30+00:00,2026-09-10T00:10:18+00:00,4663:0x85f5f52da7989a845cacb599a7f000d102f1404e6cdf981fcf3a45b90533d6bf:103,NVDA,v3,0x85f5f52da7989a845cacb599a7f000d102f1404e6cdf981fcf3a45b90533d6bf,103,58963936,2026-09-10T00:09:39+00:00,2026-09-10,buy_stablecoin,-8223191,36764492854235956,0.036764492854235956,-8.223191,0,8.223191
4663:0x4ac23f2e58e2c4962dcd701c2beff581e87f3995152a29d527c07a3afd67d956:0,post_effective,2026-09-09T23:50:42+00:00,2026-09-10T00:00:30+00:00,2026-09-10T00:10:18+00:00,4663:0x5282e48ebcef0a3ca0cd892ac8048521859cb6858128c13c49db809e4d332800:10,NVDA,v3,0x5282e48ebcef0a3ca0cd892ac8048521859cb6858128c13c49db809e4d332800,10,58963955,2026-09-10T00:09:41+00:00,2026-09-10,buy_stablecoin,-228963267,1023656711938336106,1.023656711938336106,-228.963267,0,228.963267
4663:0x4ac23f2e58e2c4962dcd701c2beff581e87f3995152a29d527c07a3afd67d956:0,post_effective,2026-09-09T23:50:42+00:00,2026-09-10T00:00:30+00:00,2026-09-10T00:10:18+00:00,4663:0x0a4aead48f65960c33fcddea2647792459fc2a9b1fb8c170b0d9a427a1a862f1:8,NVDA,v3,0x0a4aead48f65960c33fcddea2647792459fc2a9b1fb8c170b0d9a427a1a862f1,8,58963958,2026-09-10T00:09:41+00:00,2026-09-10,buy_stablecoin,-99641373,445480541180777755,0.445480541180777755,-99.641373,0,99.641373
4663:0x4ac23f2e58e2c4962dcd701c2beff581e87f3995152a29d527c07a3afd67d956:0,post_effective,2026-09-09T23:50:42+00:00,2026-09-10T00:00:30+00:00,2026-09-10T00:10:18+00:00,4663:0x51ec8310803df95ad06d5064e31aef795b1325906d54f978f129c58a69249a6a:29,NVDA,v3,0x51ec8310803df95ad06d5064e31aef795b1325906d54f978f129c58a69249a6a,29,58963960,2026-09-10T00:09:42+00:00,2026-09-10,buy_stock,4584853,-20477651031820234,-0.020477651031820234,4.584853,0.020477651031820234,0
4663:0x4ac23f2e58e2c4962dcd701c2beff581e87f3995152a29d527c07a3afd67d956:0,post_effective,2026-09-09T23:50:42+00:00,2026-09-10T00:00:30+00:00,2026-09-10T00:10:18+00:00,4663:0x81415513a7416a1bcce21b7dc1c902e15f744516fc8fd495ed2f06ddb8370567:121,NVDA,v3,0x81415513a7416a1bcce21b7dc1c902e15f744516fc8fd495ed2f06ddb8370567,121,58963977,2026-09-10T00:09:43+00:00,2026-09-10,buy_stock,14537307,-64928997627727077,-0.064928997627727077,14.537307,0.064928997627727077,0
4663:0x4ac23f2e58e2c4962dcd701c2beff581e87f3995152a29d527c07a3afd67d956:0,post_effective,2026-09-09T23:50:42+00:00,2026-09-10T00:00:30+00:00,2026-09-10T00:10:18+00:00,4663:0xf7bf6d5c5d9b9972804328273b0bde4307fe03daaf56ef0ae13b6b3902b9fa48:11,NVDA,v3,0xf7bf6d5c5d9b9972804328273b0bde4307fe03daaf56ef0ae13b6b3902b9fa48,11,58963990,2026-09-10T00:09:45+00:00,2026-09-10,buy_stock,1784487,-7970176255523379,-0.007970176255523379,1.784487,0.007970176255523379,0
4663:0x4ac23f2e58e2c4962dcd701c2beff581e87f3995152a29d527c07a3afd67d956:0,post_effective,2026-09-09T23:50:42+00:00,2026-09-10T00:00:30+00:00,2026-09-10T00:10:18+00:00,4663:0xe6f4f51454918634df7656f11909fd853a5f4951d91fa82b470bf61cf2f5df99:20,NVDA,v3,0xe6f4f51454918634df7656f11909fd853a5f4951d91fa82b470bf61cf2f5df99,20,58964000,2026-09-10T00:09:46+00:00,2026-09-10,buy_stock,14537298,-64928949857702421,-0.064928949857702421,14.537298,0.064928949857702421,0
4663:0x4ac23f2e58e2c4962dcd701c2beff581e87f3995152a29d527c07a3afd67d956:0,post_effective,2026-09-09T23:50:42+00:00,2026-09-10T00:00:30+00:00,2026-09-10T00:10:18+00:00,4663:0x6ee2fbd39fdf3048f625b9c3aa9a7b727a4b62f50ecb4088cd2c882cbc6c2fa9:12,NVDA,v3,0x6ee2fbd39fdf3048f625b9c3aa9a7b727a4b62f50ecb4088cd2c882cbc6c2fa9,12,58964012,2026-09-10T00:09:47+00:00,2026-09-10,buy_stock,6466200,-28880435403083047,-0.028880435403083047,6.4662,0.028880435403083047,0
4663:0x4ac23f2e58e2c4962dcd701c2beff581e87f3995152a29d527c07a3afd67d956:0,post_effective,2026-09-09T23:50:42+00:00,2026-09-10T00:00:30+00:00,2026-09-10T00:10:18+00:00,4663:0xddef3793b14a1ff381b17ef7878b122b84ee71798a77daa4a08b97a07c01be9a:34,NVDA,v3,0xddef3793b14a1ff381b17ef7878b122b84ee71798a77daa4a08b97a07c01be9a,34,58964017,2026-09-10T00:09:47+00:00,2026-09-10,buy_stock,30535348,-136382132092331013,-0.136382132092331013,30.535348,0.136382132092331013,0
4663:0x4ac23f2e58e2c4962dcd701c2beff581e87f3995152a29d527c07a3afd67d956:0,post_effective,2026-09-09T23:50:42+00:00,2026-09-10T00:00:30+00:00,2026-09-10T00:10:18+00:00,4663:0x34ff2105a9fa44a0671060da20bccd65471ac13474308b9d2375344bae66497a:51,NVDA,v3,0x34ff2105a9fa44a0671060da20bccd65471ac13474308b9d2375344bae66497a,51,58964017,2026-09-10T00:09:47+00:00,2026-09-10,buy_stock,30535344,-136382084538908321,-0.136382084538908321,30.535344,0.136382084538908321,0
4663:0x4ac23f2e58e2c4962dcd701c2beff581e87f3995152a29d527c07a3afd67d956:0,post_effective,2026-09-09T23:50:42+00:00,2026-09-10T00:00:30+00:00,2026-09-10T00:10:18+00:00,4663:0xacc359f6127dab28c5308a92cbbaaa426193a2cf3a6a103b973d4d697855acad:68,NVDA,v3,0xacc359f6127dab28c5308a92cbbaaa426193a2cf3a6a103b973d4d697855acad,68,58964017,2026-09-10T00:09:47+00:00,2026-09-10,buy_stock,30535341,-136382041454107918,-0.136382041454107918,30.535341,0.136382041454107918,0
4663:0x4ac23f2e58e2c4962dcd701c2beff581e87f3995152a29d527c07a3afd67d956:0,post_effective,2026-09-09T23:50:42+00:00,2026-09-10T00:00:30+00:00,2026-09-10T00:10:18+00:00,4663:0xda342c5a6c1b62427ef796bcbb8037339a0e3cbccbd736ca891efb605a766c7a:85,NVDA,v3,0xda342c5a6c1b62427ef796bcbb8037339a0e3cbccbd736ca891efb605a766c7a,85,58964017,2026-09-10T00:09:47+00:00,2026-09-10,buy_stock,30535337,-136381993900725996,-0.136381993900725996,30.535337,0.136381993900725996,0
4663:0x4ac23f2e58e2c4962dcd701c2beff581e87f3995152a29d527c07a3afd67d956:0,post_effective,2026-09-09T23:50:42+00:00,2026-09-10T00:00:30+00:00,2026-09-10T00:10:18+00:00,4663:0x89177a764bf1d0ee28deef7d77a85a9d970e81bfcfe630664bc02084f2b98467:32,NVDA,v3,0x89177a764bf1d0ee28deef7d77a85a9d970e81bfcfe630664bc02084f2b98467,32,58964021,2026-09-10T00:09:48+00:00,2026-09-10,buy_stock,30535301,-136381803352197883,-0.136381803352197883,30.535301,0.136381803352197883,0
4663:0x4ac23f2e58e2c4962dcd701c2beff581e87f3995152a29d527c07a3afd67d956:0,post_effective,2026-09-09T23:50:42+00:00,2026-09-10T00:00:30+00:00,2026-09-10T00:10:18+00:00,4663:0x7137c0949d86594413a58d74f89ba8b434b5285da12cd2e47eedbe336633e93c:49,NVDA,v3,0x7137c0949d86594413a58d74f89ba8b434b5285da12cd2e47eedbe336633e93c,49,58964021,2026-09-10T00:09:48+00:00,2026-09-10,buy_stock,30535298,-136381760267518925,-0.136381760267518925,30.535298,0.136381760267518925,0
4663:0x4ac23f2e58e2c4962dcd701c2beff581e87f3995152a29d527c07a3afd67d956:0,post_effective,2026-09-09T23:50:42+00:00,2026-09-10T00:00:30+00:00,2026-09-10T00:10:18+00:00,4663:0xfdc0563664748abfc6f6d7c7eea0f459ba977c56e9e163aa20dfaa60a7ebd722:66,NVDA,v3,0xfdc0563664748abfc6f6d7c7eea0f459ba977c56e9e163aa20dfaa60a7ebd722,66,58964021,2026-09-10T00:09:48+00:00,2026-09-10,buy_stock,30535294,-136381712714261366,-0.136381712714261366,30.535294,0.136381712714261366,0
4663:0x4ac23f2e58e2c4962dcd701c2beff581e87f3995152a29d527c07a3afd67d956:0,post_effective,2026-09-09T23:50:42+00:00,2026-09-10T00:00:30+00:00,2026-09-10T00:10:18+00:00,4663:0xa0b873f42debeb3cd1b5fde5f89f57e8be6681378bab0839069c17170756d5c9:83,NVDA,v3,0xa0b873f42debeb3cd1b5fde5f89f57e8be6681378bab0839069c17170756d5c9,83,58964021,2026-09-10T00:09:48+00:00,2026-09-10,buy_stock,30535291,-136381669629621233,-0.136381669629621233,30.535291,0.136381669629621233,0
4663:0x4ac23f2e58e2c4962dcd701c2beff581e87f3995152a29d527c07a3afd67d956:0,post_effective,2026-09-09T23:50:42+00:00,2026-09-10T00:00:30+00:00,2026-09-10T00:10:18+00:00,4663:0xeec7ad8b37f455bb73e8faab1d9a586f68551a9867289488897b9ea653b76636:15,NVDA,v3,0xeec7ad8b37f455bb73e8faab1d9a586f68551a9867289488897b9ea653b76636,15,58964024,2026-09-10T00:09:48+00:00,2026-09-10,buy_stablecoin,-133593218,597273052898294456,0.597273052898294456,-133.593218,0,133.593218
4663:0x4ac23f2e58e2c4962dcd701c2beff581e87f3995152a29d527c07a3afd67d956:0,post_effective,2026-09-09T23:50:42+00:00,2026-09-10T00:00:30+00:00,2026-09-10T00:10:18+00:00,4663:0x1854bc7853906e51f408f2bbb13396af8a4d87d7ffeec5aa94fd8c5f745566cd:25,NVDA,v3,0x1854bc7853906e51f408f2bbb13396af8a4d87d7ffeec5aa94fd8c5f745566cd,25,58964024,2026-09-10T00:09:48+00:00,2026-09-10,buy_stock,30535288,-136381756456208307,-0.136381756456208307,30.535288,0.136381756456208307,0
4663:0x4ac23f2e58e2c4962dcd701c2beff581e87f3995152a29d527c07a3afd67d956:0,post_effective,2026-09-09T23:50:42+00:00,2026-09-10T00:00:30+00:00,2026-09-10T00:10:18+00:00,4663:0x0524fe9db15b75d29667b24c929dd5eb148991530d6e9793a8df6a8629ab232e:42,NVDA,v3,0x0524fe9db15b75d29667b24c929dd5eb148991530d6e9793a8df6a8629ab232e,42,58964024,2026-09-10T00:09:48+00:00,2026-09-10,buy_stock,30535285,-136381713371549877,-0.136381713371549877,30.535285,0.136381713371549877,0
4663:0x4ac23f2e58e2c4962dcd701c2beff581e87f3995152a29d527c07a3afd67d956:0,post_effective,2026-09-09T23:50:42+00:00,2026-09-10T00:00:30+00:00,2026-09-10T00:10:18+00:00,4663:0x5a61c49e2c16dde011578c571820d9c1b83163281d203bcc305daad045a618aa:77,NVDA,v3,0x5a61c49e2c16dde011578c571820d9c1b83163281d203bcc305daad045a618aa,77,58964026,2026-09-10T00:09:48+00:00,2026-09-10,buy_stock,39424738,-176085206152436485,-0.176085206152436485,39.424738,0.176085206152436485,0
4663:0x4ac23f2e58e2c4962dcd701c2beff581e87f3995152a29d527c07a3afd67d956:0,post_effective,2026-09-09T23:50:42+00:00,2026-09-10T00:00:30+00:00,2026-09-10T00:10:18+00:00,4663:0x277c9365b2888651b5b721287e5ed71611af5fc094915a4f5e39b04dacfe7ecb:94,NVDA,v3,0x277c9365b2888651b5b721287e5ed71611af5fc094915a4f5e39b04dacfe7ecb,94,58964026,2026-09-10T00:09:48+00:00,2026-09-10,buy_stock,39424732,-176085129866462470,-0.17608512986646247,39.424732,0.17608512986646247,0
4663:0x4ac23f2e58e2c4962dcd701c2beff581e87f3995152a29d527c07a3afd67d956:0,post_effective,2026-09-09T23:50:42+00:00,2026-09-10T00:00:30+00:00,2026-09-10T00:10:18+00:00,4663:0x732074a2d1ee7fb5a2353bd34a248f1a5daaaba6bd5e491d6b1093758e8c6efa:14,NVDA,v3,0x732074a2d1ee7fb5a2353bd34a248f1a5daaaba6bd5e491d6b1093758e8c6efa,14,58964027,2026-09-10T00:09:48+00:00,2026-09-10,buy_stablecoin,-153904953,688083457485294510,0.68808345748529451,-153.904953,0,153.904953
4663:0x4ac23f2e58e2c4962dcd701c2beff581e87f3995152a29d527c07a3afd67d956:0,post_effective,2026-09-09T23:50:42+00:00,2026-09-10T00:00:30+00:00,2026-09-10T00:10:18+00:00,4663:0xfb73c924b17e38bb2d9dcf87b7ec54b95a3d78474cfdc605b72293bc7573effd:11,NVDA,v3,0xfb73c924b17e38bb2d9dcf87b7ec54b95a3d78474cfdc605b72293bc7573effd,11,58964028,2026-09-10T00:09:49+00:00,2026-09-10,buy_stablecoin,-113305425,506570202120206151,0.506570202120206151,-113.305425,0,113.305425
4663:0x4ac23f2e58e2c4962dcd701c2beff581e87f3995152a29d527c07a3afd67d956:0,post_effective,2026-09-09T23:50:42+00:00,2026-09-10T00:00:30+00:00,2026-09-10T00:10:18+00:00,4663:0x622bead06615c3f3c57351d9e969513d5efcd5e778e0da1dd06c8628205f5e82:11,NVDA,v3,0x622bead06615c3f3c57351d9e969513d5efcd5e778e0da1dd06c8628205f5e82,11,58964029,2026-09-10T00:09:49+00:00,2026-09-10,buy_stock,39424766,-176085567816878012,-0.176085567816878012,39.424766,0.176085567816878012,0
4663:0x4ac23f2e58e2c4962dcd701c2beff581e87f3995152a29d527c07a3afd67d956:0,post_effective,2026-09-09T23:50:42+00:00,2026-09-10T00:00:30+00:00,2026-09-10T00:10:18+00:00,4663:0x1134f6dc74a6083e95d01062c5c64739d9c0111b571478550221385ba713f2ab:28,NVDA,v3,0x1134f6dc74a6083e95d01062c5c64739d9c0111b571478550221385ba713f2ab,28,58964029,2026-09-10T00:09:49+00:00,2026-09-10,buy_stock,39424761,-176085495999299849,-0.176085495999299849,39.424761,0.176085495999299849,0
4663:0x4ac23f2e58e2c4962dcd701c2beff581e87f3995152a29d527c07a3afd67d956:0,post_effective,2026-09-09T23:50:42+00:00,2026-09-10T00:00:30+00:00,2026-09-10T00:10:18+00:00,4663:0x7be91fdbf805acf703e6f7a5c658813cefc6c536ac09a7fe210d73c1155f4874:8,NVDA,v3,0x7be91fdbf805acf703e6f7a5c658813cefc6c536ac09a7fe210d73c1155f4874,8,58964032,2026-09-10T00:09:49+00:00,2026-09-10,buy_stock,100495331,-448848925201527485,-0.448848925201527485,100.495331,0.448848925201527485,0
4663:0x4ac23f2e58e2c4962dcd701c2beff581e87f3995152a29d527c07a3afd67d956:0,post_effective,2026-09-09T23:50:42+00:00,2026-09-10T00:00:30+00:00,2026-09-10T00:10:18+00:00,4663:0xf1e4d1cfd34a99c8c07a73d26c10e306943bf20856e9cdf318683f797ca8d103:28,NVDA,v3,0xf1e4d1cfd34a99c8c07a73d26c10e306943bf20856e9cdf318683f797ca8d103,28,58964032,2026-09-10T00:09:49+00:00,2026-09-10,buy_stablecoin,-35496461,158698808313373351,0.158698808313373351,-35.496461,0,35.496461
4663:0x4ac23f2e58e2c4962dcd701c2beff581e87f3995152a29d527c07a3afd67d956:0,post_effective,2026-09-09T23:50:42+00:00,2026-09-10T00:00:30+00:00,2026-09-10T00:10:18+00:00,4663:0xe15f86634565f66c400fd90f879f525c4f592457c8f4149851091a0d86de3fc0:173,NVDA,v3,0xe15f86634565f66c400fd90f879f525c4f592457c8f4149851091a0d86de3fc0,173,58964033,2026-09-10T00:09:49+00:00,2026-09-10,buy_stock,100495292,-448848543063714542,-0.448848543063714542,100.495292,0.448848543063714542,0
4663:0x4ac23f2e58e2c4962dcd701c2beff581e87f3995152a29d527c07a3afd67d956:0,post_effective,2026-09-09T23:50:42+00:00,2026-09-10T00:00:30+00:00,2026-09-10T00:10:18+00:00,4663:0x9aaedb3184ac09886737fdf15269c034d9729f552654110262af888c86d2a7d6:31,NVDA,v3,0x9aaedb3184ac09886737fdf15269c034d9729f552654110262af888c86d2a7d6,31,58964034,2026-09-10T00:09:49+00:00,2026-09-10,buy_stablecoin,-5388023757,24089411866322807385,24.089411866322807385,-5388.023757,0,5388.023757
4663:0x4ac23f2e58e2c4962dcd701c2beff581e87f3995152a29d527c07a3afd67d956:0,post_effective,2026-09-09T23:50:42+00:00,2026-09-10T00:00:30+00:00,2026-09-10T00:10:18+00:00,4663:0xd108e92c61cf004e6fafbddfcbf6fb0815066e031cd23ad822d5191510dfaea0:30,NVDA,v3,0xd108e92c61cf004e6fafbddfcbf6fb0815066e031cd23ad822d5191510dfaea0,30,58964037,2026-09-10T00:09:49+00:00,2026-09-10,buy_stock,2580618,-11526414580685069,-0.011526414580685069,2.580618,0.011526414580685069,0
4663:0x4ac23f2e58e2c4962dcd701c2beff581e87f3995152a29d527c07a3afd67d956:0,post_effective,2026-09-09T23:50:42+00:00,2026-09-10T00:00:30+00:00,2026-09-10T00:10:18+00:00,4663:0x8d79000f80b35eb1e25de93906ab7d87383522f3c2f2aa63318dc7db1576b06a:8,NVDA,v3,0x8d79000f80b35eb1e25de93906ab7d87383522f3c2f2aa63318dc7db1576b06a,8,58964039,2026-09-10T00:09:50+00:00,2026-09-10,buy_stock,2931389487,-13093013503059931489,-13.093013503059931489,2931.389487,13.093013503059931489,0
4663:0x4ac23f2e58e2c4962dcd701c2beff581e87f3995152a29d527c07a3afd67d956:0,post_effective,2026-09-09T23:50:42+00:00,2026-09-10T00:00:30+00:00,2026-09-10T00:10:18+00:00,4663:0x824fad4c7ad114e0cded4e3816913d3bc609483f0ec3045b0ab1ca98e355a1dc:29,NVDA,v3,0x824fad4c7ad114e0cded4e3816913d3bc609483f0ec3045b0ab1ca98e355a1dc,29,58964040,2026-09-10T00:09:50+00:00,2026-09-10,buy_stablecoin,-2548761,11395282656010717,0.011395282656010717,-2.548761,0,2.548761
4663:0x4ac23f2e58e2c4962dcd701c2beff581e87f3995152a29d527c07a3afd67d956:0,post_effective,2026-09-09T23:50:42+00:00,2026-09-10T00:00:30+00:00,2026-09-10T00:10:18+00:00,4663:0x5c5c75bf266b1ba79633e0abf88a09b0ac9016af8c5564340ca8d4a93a06815b:47,NVDA,v3,0x5c5c75bf266b1ba79633e0abf88a09b0ac9016af8c5564340ca8d4a93a06815b,47,58964040,2026-09-10T00:09:50+00:00,2026-09-10,buy_stablecoin,-169393817,757345033804897220,0.75734503380489722,-169.393817,0,169.393817
4663:0x4ac23f2e58e2c4962dcd701c2beff581e87f3995152a29d527c07a3afd67d956:0,post_effective,2026-09-09T23:50:42+00:00,2026-09-10T00:00:30+00:00,2026-09-10T00:10:18+00:00,4663:0xec243633d935f869895ff387db00b1dc894c9bf10671e180b559e0ae557c0d19:59,NVDA,v3,0xec243633d935f869895ff387db00b1dc894c9bf10671e180b559e0ae557c0d19,59,58964042,2026-09-10T00:09:50+00:00,2026-09-10,buy_stablecoin,-279520595,1249714285714285714,1.249714285714285714,-279.520595,0,279.520595
4663:0x4ac23f2e58e2c4962dcd701c2beff581e87f3995152a29d527c07a3afd67d956:0,post_effective,2026-09-09T23:50:42+00:00,2026-09-10T00:00:30+00:00,2026-09-10T00:10:18+00:00,4663:0x5d5f1ab40523bc37d420062e81de1de4e39d470afd035ab6ca4e8087e8d7d3f9:9,NVDA,v3,0x5d5f1ab40523bc37d420062e81de1de4e39d470afd035ab6ca4e8087e8d7d3f9,9,58964051,2026-09-10T00:09:51+00:00,2026-09-10,buy_stock,122140249,-545533670123089710,-0.54553367012308971,122.140249,0.54553367012308971,0
4663:0x4ac23f2e58e2c4962dcd701c2beff581e87f3995152a29d527c07a3afd67d956:0,post_effective,2026-09-09T23:50:42+00:00,2026-09-10T00:00:30+00:00,2026-09-10T00:10:18+00:00,4663:0x38e0dc1cb5ba7a9ec572a05cb777716eb621aa34a9056b139a9d62bf52ec32f5:72,NVDA,v3,0x38e0dc1cb5ba7a9ec572a05cb777716eb621aa34a9056b139a9d62bf52ec32f5,72,58964055,2026-09-10T00:09:51+00:00,2026-09-10,buy_stablecoin,-37567421,167960990796001018,0.167960990796001018,-37.567421,0,37.567421
4663:0x4ac23f2e58e2c4962dcd701c2beff581e87f3995152a29d527c07a3afd67d956:0,post_effective,2026-09-09T23:50:42+00:00,2026-09-10T00:00:30+00:00,2026-09-10T00:10:18+00:00,4663:0xde262431561c955341458d4dd05fe91f3cf479074f3455dfdf2cb76b9d78705b:50,NVDA,v3,0xde262431561c955341458d4dd05fe91f3cf479074f3455dfdf2cb76b9d78705b,50,58964058,2026-09-10T00:09:52+00:00,2026-09-10,buy_stock,279154246,-1246827849438558438,-1.246827849438558438,279.154246,1.246827849438558438,0
4663:0x4ac23f2e58e2c4962dcd701c2beff581e87f3995152a29d527c07a3afd67d956:0,post_effective,2026-09-09T23:50:42+00:00,2026-09-10T00:00:30+00:00,2026-09-10T00:10:18+00:00,4663:0x045c38d1dda4a5861efa582a9f5c21eeef80132697e887cd6bbc4ddacadcabf6:65,NVDA,v3,0x045c38d1dda4a5861efa582a9f5c21eeef80132697e887cd6bbc4ddacadcabf6,65,58964058,2026-09-10T00:09:52+00:00,2026-09-10,buy_stock,229842081,-1026575778808731124,-1.026575778808731124,229.842081,1.026575778808731124,0
4663:0x4ac23f2e58e2c4962dcd701c2beff581e87f3995152a29d527c07a3afd67d956:0,post_effective,2026-09-09T23:50:42+00:00,2026-09-10T00:00:30+00:00,2026-09-10T00:10:18+00:00,4663:0x5c4a1591d16ce4c8b3addeeb1d6307ebbb6979823c49414cac1c4434a598714e:80,NVDA,v3,0x5c4a1591d16ce4c8b3addeeb1d6307ebbb6979823c49414cac1c4434a598714e,80,58964058,2026-09-10T00:09:52+00:00,2026-09-10,buy_stock,223846884,-999796978690820376,-0.999796978690820376,223.846884,0.999796978690820376,0
4663:0x4ac23f2e58e2c4962dcd701c2beff581e87f3995152a29d527c07a3afd67d956:0,post_effective,2026-09-09T23:50:42+00:00,2026-09-10T00:00:30+00:00,2026-09-10T00:10:18+00:00,4663:0xa1aa7f3907e9affe061582de75b1a8f679ee5a8f959484322a272a01272d6b01:8,NVDA,v3,0xa1aa7f3907e9affe061582de75b1a8f679ee5a8f959484322a272a01272d6b01,8,58964061,2026-09-10T00:09:52+00:00,2026-09-10,buy_stock,48856256,-218212950073235137,-0.218212950073235137,48.856256,0.218212950073235137,0
4663:0x4ac23f2e58e2c4962dcd701c2beff581e87f3995152a29d527c07a3afd67d956:0,post_effective,2026-09-09T23:50:42+00:00,2026-09-10T00:00:30+00:00,2026-09-10T00:10:18+00:00,4663:0x1c33e0ab8fb8f030d154d349cfd826eac6597c863cabe8ab406b4831b945af58:33,NVDA,v3,0x1c33e0ab8fb8f030d154d349cfd826eac6597c863cabe8ab406b4831b945af58,33,58964062,2026-09-10T00:09:52+00:00,2026-09-10,buy_stablecoin,-15213906,68019811814439129,0.068019811814439129,-15.213906,0,15.213906
4663:0x4ac23f2e58e2c4962dcd701c2beff581e87f3995152a29d527c07a3afd67d956:0,post_effective,2026-09-09T23:50:42+00:00,2026-09-10T00:00:30+00:00,2026-09-10T00:10:18+00:00,4663:0x33f299f6b385dff0b52c97ee24aee728865d32e28cdcae709c68b93b7069beb7:12,NVDA,v3,0x33f299f6b385dff0b52c97ee24aee728865d32e28cdcae709c68b93b7069beb7,12,58964066,2026-09-10T00:09:52+00:00,2026-09-10,buy_stablecoin,-3510146,15693504577492396,0.015693504577492396,-3.510146,0,3.510146
4663:0x4ac23f2e58e2c4962dcd701c2beff581e87f3995152a29d527c07a3afd67d956:0,post_effective,2026-09-09T23:50:42+00:00,2026-09-10T00:00:30+00:00,2026-09-10T00:10:18+00:00,4663:0x01754d4bbad3c9b500b2196e1b6632112792461d991a9f839c9053ee13ac1b75:25,NVDA,v3,0x01754d4bbad3c9b500b2196e1b6632112792461d991a9f839c9053ee13ac1b75,25,58964066,2026-09-10T00:09:52+00:00,2026-09-10,buy_stock,61070311,-272766078062130815,-0.272766078062130815,61.070311,0.272766078062130815,0
4663:0x4ac23f2e58e2c4962dcd701c2beff581e87f3995152a29d527c07a3afd67d956:0,post_effective,2026-09-09T23:50:42+00:00,2026-09-10T00:00:30+00:00,2026-09-10T00:10:18+00:00,4663:0xcb6128a2e61dd1beae115006c8d27e54ad07985ba74fc1a2b2ea4128aca5554b:31,NVDA,v3,0xcb6128a2e61dd1beae115006c8d27e54ad07985ba74fc1a2b2ea4128aca5554b,31,58964071,2026-09-10T00:09:53+00:00,2026-09-10,buy_stablecoin,-5775841,25823184769846327,0.025823184769846327,-5.775841,0,5.775841
4663:0x4ac23f2e58e2c4962dcd701c2beff581e87f3995152a29d527c07a3afd67d956:0,post_effective,2026-09-09T23:50:42+00:00,2026-09-10T00:00:30+00:00,2026-09-10T00:10:18+00:00,4663:0x1eebe0e09152ced256a330028061fe0eb4dacad1933ce45321a7d1e2d618bef7:27,NVDA,v3,0x1eebe0e09152ced256a330028061fe0eb4dacad1933ce45321a7d1e2d618bef7,27,58964076,2026-09-10T00:09:53+00:00,2026-09-10,buy_stock,103231024,-461073572743135008,-0.461073572743135008,103.231024,0.461073572743135008,0
4663:0x4ac23f2e58e2c4962dcd701c2beff581e87f3995152a29d527c07a3afd67d956:0,post_effective,2026-09-09T23:50:42+00:00,2026-09-10T00:00:30+00:00,2026-09-10T00:10:18+00:00,4663:0x99f4e38c4a20a0cdfb1a2f60d74c26f67a470505e363228939621eac1f3fc8c7:41,NVDA,v3,0x99f4e38c4a20a0cdfb1a2f60d74c26f67a470505e363228939621eac1f3fc8c7,41,58964076,2026-09-10T00:09:53+00:00,2026-09-10,buy_stock,141049503,-629986406653533388,-0.629986406653533388,141.049503,0.629986406653533388,0
4663:0x4ac23f2e58e2c4962dcd701c2beff581e87f3995152a29d527c07a3afd67d956:0,post_effective,2026-09-09T23:50:42+00:00,2026-09-10T00:00:30+00:00,2026-09-10T00:10:18+00:00,4663:0x4b5d5391fcb47401bddb2be17d157290eafa71dd134d39f1ea595d0752ea4ccc:44,NVDA,v3,0x4b5d5391fcb47401bddb2be17d157290eafa71dd134d39f1ea595d0752ea4ccc,44,58964078,2026-09-10T00:09:54+00:00,2026-09-10,buy_stock,122140179,-545528897567753374,-0.545528897567753374,122.140179,0.545528897567753374,0
4663:0x4ac23f2e58e2c4962dcd701c2beff581e87f3995152a29d527c07a3afd67d956:0,post_effective,2026-09-09T23:50:42+00:00,2026-09-10T00:00:30+00:00,2026-09-10T00:10:18+00:00,4663:0xd33cd2e9071e651e33d1ba8bd1eead0de9d46560aeedc8188ddfece2c19afb54:61,NVDA,v3,0xd33cd2e9071e651e33d1ba8bd1eead0de9d46560aeedc8188ddfece2c19afb54,61,58964078,2026-09-10T00:09:54+00:00,2026-09-10,buy_stock,122140122,-545528167992859573,-0.545528167992859573,122.140122,0.545528167992859573,0
4663:0x4ac23f2e58e2c4962dcd701c2beff581e87f3995152a29d527c07a3afd67d956:0,post_effective,2026-09-09T23:50:42+00:00,2026-09-10T00:00:30+00:00,2026-09-10T00:10:18+00:00,4663:0x3b6da3262073d581ae05b438def45daca5e95552729bc76eff180935922c1569:78,NVDA,v3,0x3b6da3262073d581ae05b438def45daca5e95552729bc76eff180935922c1569,78,58964078,2026-09-10T00:09:54+00:00,2026-09-10,buy_stock,122140065,-545527438419250949,-0.545527438419250949,122.140065,0.545527438419250949,0
4663:0x4ac23f2e58e2c4962dcd701c2beff581e87f3995152a29d527c07a3afd67d956:0,post_effective,2026-09-09T23:50:42+00:00,2026-09-10T00:00:30+00:00,2026-09-10T00:10:18+00:00,4663:0xaddf6e41a18c0fe4d15921d68358c9e9c7335d5f80a71dba9cac409a8aaed873:32,NVDA,v3,0xaddf6e41a18c0fe4d15921d68358c9e9c7335d5f80a71dba9cac409a8aaed873,32,58964081,2026-09-10T00:09:54+00:00,2026-09-10,buy_stablecoin,-99858954,446457207586838044,0.446457207586838044,-99.858954,0,99.858954
4663:0x4ac23f2e58e2c4962dcd701c2beff581e87f3995152a29d527c07a3afd67d956:0,post_effective,2026-09-09T23:50:42+00:00,2026-09-10T00:00:30+00:00,2026-09-10T00:10:18+00:00,4663:0x7b5346dedfd0ff6528814c33898c56b1f3c463ef9c3412acb8bce5b57fbbf7f2:15,NVDA,v3,0x7b5346dedfd0ff6528814c33898c56b1f3c463ef9c3412acb8bce5b57fbbf7f2,15,58964082,2026-09-10T00:09:54+00:00,2026-09-10,buy_stablecoin,-232363806,1038871476121988769,1.038871476121988769,-232.363806,0,232.363806
4663:0x4ac23f2e58e2c4962dcd701c2beff581e87f3995152a29d527c07a3afd67d956:0,post_effective,2026-09-09T23:50:42+00:00,2026-09-10T00:00:30+00:00,2026-09-10T00:10:18+00:00,4663:0x5ba6cfc0cf12f356b894e2158788a47f5bc66d690b8c841099b65d9b5c030b67:34,NVDA,v3,0x5ba6cfc0cf12f356b894e2158788a47f5bc66d690b8c841099b65d9b5c030b67,34,58964082,2026-09-10T00:09:54+00:00,2026-09-10,buy_stablecoin,-14147822,63253318855960331,0.063253318855960331,-14.147822,0,14.147822
4663:0x4ac23f2e58e2c4962dcd701c2beff581e87f3995152a29d527c07a3afd67d956:0,post_effective,2026-09-09T23:50:42+00:00,2026-09-10T00:00:30+00:00,2026-09-10T00:10:18+00:00,4663:0x11cff3294da02e24e386a483dd90666fbabcc05f0262cc41b1638add231f1a2f:40,NVDA,v3,0x11cff3294da02e24e386a483dd90666fbabcc05f0262cc41b1638add231f1a2f,40,58964084,2026-09-10T00:09:54+00:00,2026-09-10,buy_stablecoin,-333999608,1493276455779465520,1.49327645577946552,-333.999608,0,333.999608
4663:0x4ac23f2e58e2c4962dcd701c2beff581e87f3995152a29d527c07a3afd67d956:0,post_effective,2026-09-09T23:50:42+00:00,2026-09-10T00:00:30+00:00,2026-09-10T00:10:18+00:00,4663:0xc250b70633ce1e7db3fe645c717bc848d66620b478b8bcf4c0240b704b67cc59:29,NVDA,v3,0xc250b70633ce1e7db3fe645c717bc848d66620b478b8bcf4c0240b704b67cc59,29,58964089,2026-09-10T00:09:55+00:00,2026-09-10,buy_stablecoin,-12336664,55155974590283697,0.055155974590283697,-12.336664,0,12.336664
4663:0x4ac23f2e58e2c4962dcd701c2beff581e87f3995152a29d527c07a3afd67d956:0,post_effective,2026-09-09T23:50:42+00:00,2026-09-10T00:00:30+00:00,2026-09-10T00:10:18+00:00,4663:0x7856a3ae2ef023d2d53d4374de5a52102e1a5128ac4567748aa98e3a3d4be52a:37,NVDA,v3,0x7856a3ae2ef023d2d53d4374de5a52102e1a5128ac4567748aa98e3a3d4be52a,37,58964091,2026-09-10T00:09:55+00:00,2026-09-10,buy_stablecoin,-46637612,208512069041238351,0.208512069041238351,-46.637612,0,46.637612
4663:0x4ac23f2e58e2c4962dcd701c2beff581e87f3995152a29d527c07a3afd67d956:0,post_effective,2026-09-09T23:50:42+00:00,2026-09-10T00:00:30+00:00,2026-09-10T00:10:18+00:00,4663:0x05478626c79941360978338622176c28d35a0ffd89659344a732bd8c91e51348:14,NVDA,v3,0x05478626c79941360978338622176c28d35a0ffd89659344a732bd8c91e51348,14,58964100,2026-09-10T00:09:56+00:00,2026-09-10,buy_stablecoin,-225970411,1010291935216205980,1.01029193521620598,-225.970411,0,225.970411
4663:0x4ac23f2e58e2c4962dcd701c2beff581e87f3995152a29d527c07a3afd67d956:0,post_effective,2026-09-09T23:50:42+00:00,2026-09-10T00:00:30+00:00,2026-09-10T00:10:18+00:00,4663:0x72faa44f179f0a140a6bd8519277ef0acad757b4a2c76c812b677b62a05741c3:44,NVDA,v3,0x72faa44f179f0a140a6bd8519277ef0acad757b4a2c76c812b677b62a05741c3,44,58964103,2026-09-10T00:09:56+00:00,2026-09-10,buy_stablecoin,-30344396,135666995022389291,0.135666995022389291,-30.344396,0,30.344396
4663:0x4ac23f2e58e2c4962dcd701c2beff581e87f3995152a29d527c07a3afd67d956:0,post_effective,2026-09-09T23:50:42+00:00,2026-09-10T00:00:30+00:00,2026-09-10T00:10:18+00:00,4663:0x18a2d612bad0b547346eece0e9ac0f5e1cd11e920c554f9956e478ce9313ae3f:17,NVDA,v3,0x18a2d612bad0b547346eece0e9ac0f5e1cd11e920c554f9956e478ce9313ae3f,17,58964106,2026-09-10T00:09:56+00:00,2026-09-10,buy_stock,9451709,-42215474085151044,-0.042215474085151044,9.451709,0.042215474085151044,0
4663:0x4ac23f2e58e2c4962dcd701c2beff581e87f3995152a29d527c07a3afd67d956:0,post_effective,2026-09-09T23:50:42+00:00,2026-09-10T00:00:30+00:00,2026-09-10T00:10:18+00:00,4663:0x3b67adf64c782bc7cff3984adca3964bb9355d45a6d7b612b333b1d80f75d7c7:8,NVDA,v3,0x3b67adf64c782bc7cff3984adca3964bb9355d45a6d7b612b333b1d80f75d7c7,8,58964115,2026-09-10T00:09:57+00:00,2026-09-10,buy_stock,154506157,-690091804307920819,-0.690091804307920819,154.506157,0.690091804307920819,0
4663:0x4ac23f2e58e2c4962dcd701c2beff581e87f3995152a29d527c07a3afd67d956:0,post_effective,2026-09-09T23:50:42+00:00,2026-09-10T00:00:30+00:00,2026-09-10T00:10:18+00:00,4663:0xbfa3b314b344d23a649e9c06dec1004a20fbc30b25dc2358a721c1151f507c76:44,NVDA,v3,0xbfa3b314b344d23a649e9c06dec1004a20fbc30b25dc2358a721c1151f507c76,44,58964116,2026-09-10T00:09:57+00:00,2026-09-10,buy_stock,36644867,-163671826498362690,-0.16367182649836269,36.644867,0.16367182649836269,0
4663:0x4ac23f2e58e2c4962dcd701c2beff581e87f3995152a29d527c07a3afd67d956:0,post_effective,2026-09-09T23:50:42+00:00,2026-09-10T00:00:30+00:00,2026-09-10T00:10:18+00:00,4663:0xd05f9a7ef11ee0703a87219d8499663735af5ee2d4285f35c641928d1bcb18bd:43,NVDA,v3,0xd05f9a7ef11ee0703a87219d8499663735af5ee2d4285f35c641928d1bcb18bd,43,58964118,2026-09-10T00:09:58+00:00,2026-09-10,buy_stablecoin,-190125394,850032547087486895,0.850032547087486895,-190.125394,0,190.125394
4663:0x4ac23f2e58e2c4962dcd701c2beff581e87f3995152a29d527c07a3afd67d956:0,post_effective,2026-09-09T23:50:42+00:00,2026-09-10T00:00:30+00:00,2026-09-10T00:10:18+00:00,4663:0xb02c14d1eb76f401a4d5a135f12538967713fb9f0adfd0b8be592d50b99f03ee:131,NVDA,v3,0xb02c14d1eb76f401a4d5a135f12538967713fb9f0adfd0b8be592d50b99f03ee,131,58964124,2026-09-10T00:09:58+00:00,2026-09-10,buy_stock,15953092,-71253491582107256,-0.071253491582107256,15.953092,0.071253491582107256,0
4663:0x4ac23f2e58e2c4962dcd701c2beff581e87f3995152a29d527c07a3afd67d956:0,post_effective,2026-09-09T23:50:42+00:00,2026-09-10T00:00:30+00:00,2026-09-10T00:10:18+00:00,4663:0xaa163054e748b9b06444ff1dbd8a24471435432b56fe1d69c9771eb96bd38a30:9,NVDA,v3,0xaa163054e748b9b06444ff1dbd8a24471435432b56fe1d69c9771eb96bd38a30,9,58964134,2026-09-10T00:09:59+00:00,2026-09-10,buy_stock,122149505,-545572900432597635,-0.545572900432597635,122.149505,0.545572900432597635,0
4663:0x4ac23f2e58e2c4962dcd701c2beff581e87f3995152a29d527c07a3afd67d956:0,post_effective,2026-09-09T23:50:42+00:00,2026-09-10T00:00:30+00:00,2026-09-10T00:10:18+00:00,4663:0xe510ed78457b1e416f74643751a7d8649cf0dbb83b9e5abf2d3aa107071b7c33:23,NVDA,v3,0xe510ed78457b1e416f74643751a7d8649cf0dbb83b9e5abf2d3aa107071b7c33,23,58964134,2026-09-10T00:09:59+00:00,2026-09-10,buy_stock,122149448,-545572170781021004,-0.545572170781021004,122.149448,0.545572170781021004,0
4663:0x4ac23f2e58e2c4962dcd701c2beff581e87f3995152a29d527c07a3afd67d956:0,post_effective,2026-09-09T23:50:42+00:00,2026-09-10T00:00:30+00:00,2026-09-10T00:10:18+00:00,4663:0x6063f0a6a317c6220ee36f6ff57bbba91cce788c13cd3a9a5ea6e68725d4d54b:11,NVDA,v3,0x6063f0a6a317c6220ee36f6ff57bbba91cce788c13cd3a9a5ea6e68725d4d54b,11,58964142,2026-09-10T00:10:00+00:00,2026-09-10,buy_stablecoin,-141117309,630921635879292906,0.630921635879292906,-141.117309,0,141.117309
4663:0x4ac23f2e58e2c4962dcd701c2beff581e87f3995152a29d527c07a3afd67d956:0,post_effective,2026-09-09T23:50:42+00:00,2026-09-10T00:00:30+00:00,2026-09-10T00:10:18+00:00,4663:0x8783bcc21bf5c8296967b126b569fb315a9f7d4cc46359b9904563729e3a726d:29,NVDA,v3,0x8783bcc21bf5c8296967b126b569fb315a9f7d4cc46359b9904563729e3a726d,29,58964142,2026-09-10T00:10:00+00:00,2026-09-10,buy_stablecoin,-202960045,907415553435187469,0.907415553435187469,-202.960045,0,202.960045
4663:0x4ac23f2e58e2c4962dcd701c2beff581e87f3995152a29d527c07a3afd67d956:0,post_effective,2026-09-09T23:50:42+00:00,2026-09-10T00:00:30+00:00,2026-09-10T00:10:18+00:00,4663:0x9b54db4bc907f3914a731b8aa3c53f46e5f413a3b31975b162d024443ca604d5:14,NVDA,v3,0x9b54db4bc907f3914a731b8aa3c53f46e5f413a3b31975b162d024443ca604d5,14,58964143,2026-09-10T00:10:00+00:00,2026-09-10,buy_stock,2442986,-10911449879642364,-0.010911449879642364,2.442986,0.010911449879642364,0
4663:0x4ac23f2e58e2c4962dcd701c2beff581e87f3995152a29d527c07a3afd67d956:0,post_effective,2026-09-09T23:50:42+00:00,2026-09-10T00:00:30+00:00,2026-09-10T00:10:18+00:00,4663:0x73e38204a2d7351029f3ede40ba964b86dcb03db418fac838a558a0dc068559e:18,NVDA,v3,0x73e38204a2d7351029f3ede40ba964b86dcb03db418fac838a558a0dc068559e,18,58964151,2026-09-10T00:10:01+00:00,2026-09-10,buy_stock,19392248,-86614315437735064,-0.086614315437735064,19.392248,0.086614315437735064,0
4663:0x4ac23f2e58e2c4962dcd701c2beff581e87f3995152a29d527c07a3afd67d956:0,post_effective,2026-09-09T23:50:42+00:00,2026-09-10T00:00:30+00:00,2026-09-10T00:10:18+00:00,4663:0xd4999f36daefe8eda8d3b02ca5196088a9b532515c97ac89dd0698b16df80984:12,NVDA,v3,0xd4999f36daefe8eda8d3b02ca5196088a9b532515c97ac89dd0698b16df80984,12,58964173,2026-09-10T00:10:03+00:00,2026-09-10,buy_stablecoin,-450596911,2014581408504906842,2.014581408504906842,-450.596911,0,450.596911
4663:0x4ac23f2e58e2c4962dcd701c2beff581e87f3995152a29d527c07a3afd67d956:0,post_effective,2026-09-09T23:50:42+00:00,2026-09-10T00:00:30+00:00,2026-09-10T00:10:18+00:00,4663:0x4f78750b733f64a370b6b27ffa7d2b313044824ba6e20982d03baca12cdd34f1:54,NVDA,v3,0x4f78750b733f64a370b6b27ffa7d2b313044824ba6e20982d03baca12cdd34f1,54,58964181,2026-09-10T00:10:04+00:00,2026-09-10,buy_stock,92885454,-414868507356184826,-0.414868507356184826,92.885454,0.414868507356184826,0
4663:0x4ac23f2e58e2c4962dcd701c2beff581e87f3995152a29d527c07a3afd67d956:0,post_effective,2026-09-09T23:50:42+00:00,2026-09-10T00:00:30+00:00,2026-09-10T00:10:18+00:00,4663:0xad7a3b156daf7a1f1ae4973f54adf699be7052b83da1d801730176148d2a19de:68,NVDA,v3,0xad7a3b156daf7a1f1ae4973f54adf699be7052b83da1d801730176148d2a19de,68,58964181,2026-09-10T00:10:04+00:00,2026-09-10,buy_stock,66059757,-295052627838705113,-0.295052627838705113,66.059757,0.295052627838705113,0
4663:0x4ac23f2e58e2c4962dcd701c2beff581e87f3995152a29d527c07a3afd67d956:0,post_effective,2026-09-09T23:50:42+00:00,2026-09-10T00:00:30+00:00,2026-09-10T00:10:18+00:00,4663:0xcadb6116de9a209467cfe8c9001d9c5f2fb0d74fd7cfe4637ce831c4c56b88a6:84,NVDA,v3,0xcadb6116de9a209467cfe8c9001d9c5f2fb0d74fd7cfe4637ce831c4c56b88a6,84,58964181,2026-09-10T00:10:04+00:00,2026-09-10,buy_stock,85352320,-381221694761038613,-0.381221694761038613,85.35232,0.381221694761038613,0
4663:0x4ac23f2e58e2c4962dcd701c2beff581e87f3995152a29d527c07a3afd67d956:0,post_effective,2026-09-09T23:50:42+00:00,2026-09-10T00:00:30+00:00,2026-09-10T00:10:18+00:00,4663:0x3eeaace1759542e8d578efbe08ca8766d2d6f3722b5ac32454e20e0b442545cf:13,NVDA,v3,0x3eeaace1759542e8d578efbe08ca8766d2d6f3722b5ac32454e20e0b442545cf,13,58964196,2026-09-10T00:10:05+00:00,2026-09-10,buy_stablecoin,-25274818,113001611583718366,0.113001611583718366,-25.274818,0,25.274818
4663:0x4ac23f2e58e2c4962dcd701c2beff581e87f3995152a29d527c07a3afd67d956:0,post_effective,2026-09-09T23:50:42+00:00,2026-09-10T00:00:30+00:00,2026-09-10T00:10:18+00:00,4663:0x6e6e19415f7b08c1937715d4a4f25cf81892796e9de9fd23f7d9833cde4c74ca:16,NVDA,v3,0x6e6e19415f7b08c1937715d4a4f25cf81892796e9de9fd23f7d9833cde4c74ca,16,58964201,2026-09-10T00:10:06+00:00,2026-09-10,buy_stablecoin,-8004408,35787050271180859,0.035787050271180859,-8.004408,0,8.004408
4663:0x4ac23f2e58e2c4962dcd701c2beff581e87f3995152a29d527c07a3afd67d956:0,post_effective,2026-09-09T23:50:42+00:00,2026-09-10T00:00:30+00:00,2026-09-10T00:10:18+00:00,4663:0x062ba2be6e3021ca732e4057c8b832a6a6d2c17ec1570c9c265ab2c67cad4e21:32,NVDA,v3,0x062ba2be6e3021ca732e4057c8b832a6a6d2c17ec1570c9c265ab2c67cad4e21,32,58964208,2026-09-10T00:10:07+00:00,2026-09-10,buy_stock,69052514,-308419362862182162,-0.308419362862182162,69.052514,0.308419362862182162,0
4663:0x4ac23f2e58e2c4962dcd701c2beff581e87f3995152a29d527c07a3afd67d956:0,post_effective,2026-09-09T23:50:42+00:00,2026-09-10T00:00:30+00:00,2026-09-10T00:10:18+00:00,4663:0x245c3f68dbcaabb878a1825b2fa7627548e4299abf01caa23efe77e60ffd7efb:46,NVDA,v3,0x245c3f68dbcaabb878a1825b2fa7627548e4299abf01caa23efe77e60ffd7efb,46,58964208,2026-09-10T00:10:07+00:00,2026-09-10,buy_stock,93078190,-415728520772831213,-0.415728520772831213,93.07819,0.415728520772831213,0
4663:0x4ac23f2e58e2c4962dcd701c2beff581e87f3995152a29d527c07a3afd67d956:0,post_effective,2026-09-09T23:50:42+00:00,2026-09-10T00:00:30+00:00,2026-09-10T00:10:18+00:00,4663:0x8161925fb3e7dd6b6df13e6c9dcbc7e5053472f5975414ba97e95a12d4908e21:60,NVDA,v3,0x8161925fb3e7dd6b6df13e6c9dcbc7e5053472f5975414ba97e95a12d4908e21,60,58964208,2026-09-10T00:10:07+00:00,2026-09-10,buy_stock,82164643,-366983545919343995,-0.366983545919343995,82.164643,0.366983545919343995,0
4663:0x4ac23f2e58e2c4962dcd701c2beff581e87f3995152a29d527c07a3afd67d956:0,post_effective,2026-09-09T23:50:42+00:00,2026-09-10T00:00:30+00:00,2026-09-10T00:10:18+00:00,4663:0x5d976b384d2d06052d3ba3aff9f3a951541ea3a9ecfad4ecc16d48006786d871:9,NVDA,v3,0x5d976b384d2d06052d3ba3aff9f3a951541ea3a9ecfad4ecc16d48006786d871,9,58964233,2026-09-10T00:10:09+00:00,2026-09-10,buy_stock,516226026,-2305688284496887452,-2.305688284496887452,516.226026,2.305688284496887452,0
4663:0x4ac23f2e58e2c4962dcd701c2beff581e87f3995152a29d527c07a3afd67d956:0,post_effective,2026-09-09T23:50:42+00:00,2026-09-10T00:00:30+00:00,2026-09-10T00:10:18+00:00,4663:0xa842ea5825105437aff2134ce3361e8fd4128d1db79d037a602d70957b60913e:16,NVDA,v3,0xa842ea5825105437aff2134ce3361e8fd4128d1db79d037a602d70957b60913e,16,58964239,2026-09-10T00:10:10+00:00,2026-09-10,buy_stablecoin,-15152033,67743126937137235,0.067743126937137235,-15.152033,0,15.152033
4663:0x4ac23f2e58e2c4962dcd701c2beff581e87f3995152a29d527c07a3afd67d956:0,post_effective,2026-09-09T23:50:42+00:00,2026-09-10T00:00:30+00:00,2026-09-10T00:10:18+00:00,4663:0x52dc36d494923ce1f192ef184a3908508ec09f342f3576d43c32b0e5730aa780:91,NVDA,v3,0x52dc36d494923ce1f192ef184a3908508ec09f342f3576d43c32b0e5730aa780,91,58964245,2026-09-10T00:10:10+00:00,2026-09-10,buy_stablecoin,-514176433,2298832416230684546,2.298832416230684546,-514.176433,0,514.176433
4663:0x4ac23f2e58e2c4962dcd701c2beff581e87f3995152a29d527c07a3afd67d956:0,post_effective,2026-09-09T23:50:42+00:00,2026-09-10T00:00:30+00:00,2026-09-10T00:10:18+00:00,4663:0x97d055477db1d2b32cbbf10b8df37cc1a5a013a854bd17d4520755583dbf496a:30,NVDA,v3,0x97d055477db1d2b32cbbf10b8df37cc1a5a013a854bd17d4520755583dbf496a,30,58964250,2026-09-10T00:10:11+00:00,2026-09-10,buy_stablecoin,-13164958,58859351101902499,0.058859351101902499,-13.164958,0,13.164958
4663:0x4ac23f2e58e2c4962dcd701c2beff581e87f3995152a29d527c07a3afd67d956:0,post_effective,2026-09-09T23:50:42+00:00,2026-09-10T00:00:30+00:00,2026-09-10T00:10:18+00:00,4663:0x08546d4e33f430a094716e0af1805c6c02c80b49691818b99c60ae202030beb4:73,NVDA,v3,0x08546d4e33f430a094716e0af1805c6c02c80b49691818b99c60ae202030beb4,73,58964252,2026-09-10T00:10:11+00:00,2026-09-10,buy_stablecoin,-11338854,50695005099793981,0.050695005099793981,-11.338854,0,11.338854
4663:0x4ac23f2e58e2c4962dcd701c2beff581e87f3995152a29d527c07a3afd67d956:0,post_effective,2026-09-09T23:50:42+00:00,2026-09-10T00:00:30+00:00,2026-09-10T00:10:18+00:00,4663:0xc765c4e9a54380c09975a71e8a1ec930030113e11dd2bb7b50356083250a38c8:33,NVDA,v3,0xc765c4e9a54380c09975a71e8a1ec930030113e11dd2bb7b50356083250a38c8,33,58964285,2026-09-10T00:10:13+00:00,2026-09-10,buy_stablecoin,-8870538,39659387576578213,0.039659387576578213,-8.870538,0,8.870538
4663:0x4ac23f2e58e2c4962dcd701c2beff581e87f3995152a29d527c07a3afd67d956:0,post_effective,2026-09-09T23:50:42+00:00,2026-09-10T00:00:30+00:00,2026-09-10T00:10:18+00:00,4663:0xa3ccfe0d95c8c43f2c8616592fa57b3aaad0848b0e9e5b479d717274f7eb5232:8,NVDA,v3,0xa3ccfe0d95c8c43f2c8616592fa57b3aaad0848b0e9e5b479d717274f7eb5232,8,58964295,2026-09-10T00:10:14+00:00,2026-09-10,buy_stock,76014215,-339512941546654965,-0.339512941546654965,76.014215,0.339512941546654965,0
4663:0x4ac23f2e58e2c4962dcd701c2beff581e87f3995152a29d527c07a3afd67d956:0,post_effective,2026-09-09T23:50:42+00:00,2026-09-10T00:00:30+00:00,2026-09-10T00:10:18+00:00,4663:0x3ca470b8b407d9f859e20850dd1dfc9d331631d356d3ad89152eff0cf0c5877b:22,NVDA,v3,0x3ca470b8b407d9f859e20850dd1dfc9d331631d356d3ad89152eff0cf0c5877b,22,58964295,2026-09-10T00:10:14+00:00,2026-09-10,buy_stock,96261982,-429948122014495802,-0.429948122014495802,96.261982,0.429948122014495802,0
4663:0x4ac23f2e58e2c4962dcd701c2beff581e87f3995152a29d527c07a3afd67d956:0,post_effective,2026-09-09T23:50:42+00:00,2026-09-10T00:00:30+00:00,2026-09-10T00:10:18+00:00,4663:0x84ab59939e601f6feb94aef4fd429bb46c4aad0f7955febdfaba5ea8e2101642:36,NVDA,v3,0x84ab59939e601f6feb94aef4fd429bb46c4aad0f7955febdfaba5ea8e2101642,36,58964295,2026-09-10T00:10:14+00:00,2026-09-10,buy_stock,72013794,-321644913587392916,-0.321644913587392916,72.013794,0.321644913587392916,0
4663:0x4ac23f2e58e2c4962dcd701c2beff581e87f3995152a29d527c07a3afd67d956:0,post_effective,2026-09-09T23:50:42+00:00,2026-09-10T00:00:30+00:00,2026-09-10T00:10:18+00:00,4663:0x4be7fa4d795d8af2eed2c8e20c421dbd8293959ec97a93b8b4369b4dd7c07303:10,NVDA,v3,0x4be7fa4d795d8af2eed2c8e20c421dbd8293959ec97a93b8b4369b4dd7c07303,10,58964296,2026-09-10T00:10:14+00:00,2026-09-10,buy_stock,91652539,-409359845714824205,-0.409359845714824205,91.652539,0.409359845714824205,0
4663:0x4ac23f2e58e2c4962dcd701c2beff581e87f3995152a29d527c07a3afd67d956:0,post_effective,2026-09-09T23:50:42+00:00,2026-09-10T00:00:30+00:00,2026-09-10T00:10:18+00:00,4663:0x37047f2274de621a82f8d455507b652f087aaafbdc700fa69483b88f3d3a0938:24,NVDA,v3,0x37047f2274de621a82f8d455507b652f087aaafbdc700fa69483b88f3d3a0938,24,58964296,2026-09-10T00:10:14+00:00,2026-09-10,buy_stock,76635446,-342286815152019713,-0.342286815152019713,76.635446,0.342286815152019713,0
4663:0x4ac23f2e58e2c4962dcd701c2beff581e87f3995152a29d527c07a3afd67d956:0,post_effective,2026-09-09T23:50:42+00:00,2026-09-10T00:00:30+00:00,2026-09-10T00:10:18+00:00,4663:0x087f41d21ed37e3fd154f50e09dc0c742993cab0dec5ce6c765f0d890f505690:38,NVDA,v3,0x087f41d21ed37e3fd154f50e09dc0c742993cab0dec5ce6c765f0d890f505690,38,58964296,2026-09-10T00:10:14+00:00,2026-09-10,buy_stock,76001778,-339456397816602994,-0.339456397816602994,76.001778,0.339456397816602994,0
4663:0x4ac23f2e58e2c4962dcd701c2beff581e87f3995152a29d527c07a3afd67d956:0,post_effective,2026-09-09T23:50:42+00:00,2026-09-10T00:00:30+00:00,2026-09-10T00:10:18+00:00,4663:0x5dfbdbbf6e3525ae0056560c33a8d29d40a90b5efec493a84e154e329ea88a87:22,NVDA,v3,0x5dfbdbbf6e3525ae0056560c33a8d29d40a90b5efec493a84e154e329ea88a87,22,58964298,2026-09-10T00:10:14+00:00,2026-09-10,buy_stablecoin,-527861,2360012521211247,0.002360012521211247,-0.527861,0,0.527861
4663:0x4ac23f2e58e2c4962dcd701c2beff581e87f3995152a29d527c07a3afd67d956:0,post_effective,2026-09-09T23:50:42+00:00,2026-09-10T00:00:30+00:00,2026-09-10T00:10:18+00:00,4663:0x28339d6786c1046db6ddbb5e5d53dd97c967b81947a5fd28d027064149cd5125:14,NVDA,v3,0x28339d6786c1046db6ddbb5e5d53dd97c967b81947a5fd28d027064149cd5125,14,58964305,2026-09-10T00:10:15+00:00,2026-09-10,buy_stock,89386015,-399235878487336559,-0.399235878487336559,89.386015,0.399235878487336559,0
4663:0x4ac23f2e58e2c4962dcd701c2beff581e87f3995152a29d527c07a3afd67d956:0,post_effective,2026-09-09T23:50:42+00:00,2026-09-10T00:00:30+00:00,2026-09-10T00:10:18+00:00,4663:0xe3d1479ddabf1d67baf21ef2d356784af13f9f4543e6b56940968747ca78c96e:28,NVDA,v3,0xe3d1479ddabf1d67baf21ef2d356784af13f9f4543e6b56940968747ca78c96e,28,58964305,2026-09-10T00:10:15+00:00,2026-09-10,buy_stock,66686136,-297848418523632612,-0.297848418523632612,66.686136,0.297848418523632612,0
4663:0x4ac23f2e58e2c4962dcd701c2beff581e87f3995152a29d527c07a3afd67d956:0,post_effective,2026-09-09T23:50:42+00:00,2026-09-10T00:00:30+00:00,2026-09-10T00:10:18+00:00,4663:0x067ecd30685dbda1223d738b594196425dd312933dc2bb0ab6c333f97edc12d7:42,NVDA,v3,0x067ecd30685dbda1223d738b594196425dd312933dc2bb0ab6c333f97edc12d7,42,58964305,2026-09-10T00:10:15+00:00,2026-09-10,buy_stock,88216826,-394013349347662345,-0.394013349347662345,88.216826,0.394013349347662345,0
4663:0x4ac23f2e58e2c4962dcd701c2beff581e87f3995152a29d527c07a3afd67d956:0,post_effective,2026-09-09T23:50:42+00:00,2026-09-10T00:00:30+00:00,2026-09-10T00:10:18+00:00,4663:0xe081874bedd018e6a181f1db2f466e04ee5e0652e9850043add5fb58be69894c:24,NVDA,v3,0xe081874bedd018e6a181f1db2f466e04ee5e0652e9850043add5fb58be69894c,24,58964311,2026-09-10T00:10:15+00:00,2026-09-10,buy_stock,9554671,-42675151043608829,-0.042675151043608829,9.554671,0.042675151043608829,0
4663:0x4ac23f2e58e2c4962dcd701c2beff581e87f3995152a29d527c07a3afd67d956:0,post_effective,2026-09-09T23:50:42+00:00,2026-09-10T00:00:30+00:00,2026-09-10T00:10:18+00:00,4663:0x3b27c298a4db003a5fb51a0707d2267f62d2287f46596bd7492940380361dcaf:14,NVDA,v3,0x3b27c298a4db003a5fb51a0707d2267f62d2287f46596bd7492940380361dcaf,14,58964313,2026-09-10T00:10:15+00:00,2026-09-10,buy_stock,24428904,-109109679540835409,-0.109109679540835409,24.428904,0.109109679540835409,0
4663:0x4ac23f2e58e2c4962dcd701c2beff581e87f3995152a29d527c07a3afd67d956:0,post_effective,2026-09-09T23:50:42+00:00,2026-09-10T00:00:30+00:00,2026-09-10T00:10:18+00:00,4663:0x1a1e631333e28ffae67a9613bf7e2d188ab537a663a348df59f5636354c6ab03:31,NVDA,v3,0x1a1e631333e28ffae67a9613bf7e2d188ab537a663a348df59f5636354c6ab03,31,58964315,2026-09-10T00:10:16+00:00,2026-09-10,buy_stablecoin,-262234033,1172419770985140036,1.172419770985140036,-262.234033,0,262.234033
4663:0x4ac23f2e58e2c4962dcd701c2beff581e87f3995152a29d527c07a3afd67d956:0,post_effective,2026-09-09T23:50:42+00:00,2026-09-10T00:00:30+00:00,2026-09-10T00:10:18+00:00,4663:0x664ce15d3b2b836197cf2b63621c49b60c170a7517142be489844a662ccc61c1:32,NVDA,v3,0x664ce15d3b2b836197cf2b63621c49b60c170a7517142be489844a662ccc61c1,32,58964333,2026-09-10T00:10:17+00:00,2026-09-10,buy_stock,1221446795,-5455477201742032332,-5.455477201742032332,1221.446795,5.455477201742032332,0
4663:0x4ac23f2e58e2c4962dcd701c2beff581e87f3995152a29d527c07a3afd67d956:0,post_effective,2026-09-09T23:50:42+00:00,2026-09-10T00:00:30+00:00,2026-09-10T00:10:18+00:00,4663:0xbd0123b2bc7f6910e8d96161a23eedaaab17f5ac265cd5c94681fcfd34a0bd6f:27,NVDA,v3,0xbd0123b2bc7f6910e8d96161a23eedaaab17f5ac265cd5c94681fcfd34a0bd6f,27,58964338,2026-09-10T00:10:18+00:00,2026-09-10,buy_stablecoin,-14353258,64171358399247664,0.064171358399247664,-14.353258,0,14.353258
4663:0x8b9babad437e92388a66f13a03db0ee998a96831c244d1620d88115810b65c51:21,pre_effective,2026-09-15T15:00:42+00:00,2026-09-15T15:10:27+00:00,2026-09-15T15:20:12+00:00,4663:0xdc66c0b4afe1c3c2be0052e0eda0620cf602b9982167203c26066820ed0a2f9f:85,GOOGL,v3,0xdc66c0b4afe1c3c2be0052e0eda0620cf602b9982167203c26066820ed0a2f9f,85,63746959,2026-09-15T15:00:55+00:00,2026-09-15,buy_stablecoin,681570994415506123,-234703059,0.681570994415506123,-234.703059,0,234.703059
4663:0x8b9babad437e92388a66f13a03db0ee998a96831c244d1620d88115810b65c51:21,pre_effective,2026-09-15T15:00:42+00:00,2026-09-15T15:10:27+00:00,2026-09-15T15:20:12+00:00,4663:0x9480bfe14b155ae768935f5692f98ccad835c5c29220fae1929d67844daaeacd:112,GOOGL,v3,0x9480bfe14b155ae768935f5692f98ccad835c5c29220fae1929d67844daaeacd,112,63747132,2026-09-15T15:01:13+00:00,2026-09-15,buy_stablecoin,616084719698120972,-212151106,0.616084719698120972,-212.151106,0,212.151106
4663:0x8b9babad437e92388a66f13a03db0ee998a96831c244d1620d88115810b65c51:21,pre_effective,2026-09-15T15:00:42+00:00,2026-09-15T15:10:27+00:00,2026-09-15T15:20:12+00:00,4663:0x1a9b4f8b029a7d3505c000c86477ec3e54cbbdfb4be4c00cf23a8b4aa6a7fe96:8,GOOGL,v3,0x1a9b4f8b029a7d3505c000c86477ec3e54cbbdfb4be4c00cf23a8b4aa6a7fe96,8,63747364,2026-09-15T15:01:37+00:00,2026-09-15,buy_stock,-117142916929879561,40378877,-0.117142916929879561,40.378877,0.117142916929879561,0
4663:0x8b9babad437e92388a66f13a03db0ee998a96831c244d1620d88115810b65c51:21,pre_effective,2026-09-15T15:00:42+00:00,2026-09-15T15:10:27+00:00,2026-09-15T15:20:12+00:00,4663:0xf7d0c475aa7e2f4fe7ff78c974ace0378f3fab6b6c2a63b22bf576b541d66cce:72,GOOGL,v3,0xf7d0c475aa7e2f4fe7ff78c974ace0378f3fab6b6c2a63b22bf576b541d66cce,72,63747378,2026-09-15T15:01:39+00:00,2026-09-15,buy_stablecoin,3732547143588705003,-1285290600,3.732547143588705003,-1285.2906,0,1285.2906
4663:0x8b9babad437e92388a66f13a03db0ee998a96831c244d1620d88115810b65c51:21,pre_effective,2026-09-15T15:00:42+00:00,2026-09-15T15:10:27+00:00,2026-09-15T15:20:12+00:00,4663:0xaa01e47ed024b16a146e53a1e1d4194417ecc333ca692ddde433d3a34ccd0477:41,GOOGL,v3,0xaa01e47ed024b16a146e53a1e1d4194417ecc333ca692ddde433d3a34ccd0477,41,63747437,2026-09-15T15:01:45+00:00,2026-09-15,buy_stock,-344995068561152692,118914838,-0.344995068561152692,118.914838,0.344995068561152692,0
4663:0x8b9babad437e92388a66f13a03db0ee998a96831c244d1620d88115810b65c51:21,pre_effective,2026-09-15T15:00:42+00:00,2026-09-15T15:10:27+00:00,2026-09-15T15:20:12+00:00,4663:0x27bdf911c512fe33067e455e9883febae4b61fa1fd953a10f0eca9306c61f5fd:55,GOOGL,v3,0x27bdf911c512fe33067e455e9883febae4b61fa1fd953a10f0eca9306c61f5fd,55,63747562,2026-09-15T15:01:58+00:00,2026-09-15,buy_stablecoin,6428980794173574563,-2213610880,6.428980794173574563,-2213.61088,0,2213.61088
4663:0x8b9babad437e92388a66f13a03db0ee998a96831c244d1620d88115810b65c51:21,pre_effective,2026-09-15T15:00:42+00:00,2026-09-15T15:10:27+00:00,2026-09-15T15:20:12+00:00,4663:0x101bca993f863269078ffd1e075dc2aac2948493a5f384fce24931da8b888637:14,GOOGL,v3,0x101bca993f863269078ffd1e075dc2aac2948493a5f384fce24931da8b888637,14,63747582,2026-09-15T15:02:00+00:00,2026-09-15,buy_stock,-345379982930525415,119026488,-0.345379982930525415,119.026488,0.345379982930525415,0
4663:0x8b9babad437e92388a66f13a03db0ee998a96831c244d1620d88115810b65c51:21,pre_effective,2026-09-15T15:00:42+00:00,2026-09-15T15:10:27+00:00,2026-09-15T15:20:12+00:00,4663:0x62fa181295cf5ad998952266641ed345438e92363389ae5f5a56dc117380250f:36,GOOGL,v3,0x62fa181295cf5ad998952266641ed345438e92363389ae5f5a56dc117380250f,36,63747862,2026-09-15T15:02:31+00:00,2026-09-15,buy_stablecoin,2888406706687495012,-994370516,2.888406706687495012,-994.370516,0,994.370516
4663:0x8b9babad437e92388a66f13a03db0ee998a96831c244d1620d88115810b65c51:21,pre_effective,2026-09-15T15:00:42+00:00,2026-09-15T15:10:27+00:00,2026-09-15T15:20:12+00:00,4663:0x8b8550cc53025e4e24357774c6cf73bbbd6e3b8af3e196cb498ca9521ccb184b:124,GOOGL,v3,0x8b8550cc53025e4e24357774c6cf73bbbd6e3b8af3e196cb498ca9521ccb184b,124,63747866,2026-09-15T15:02:31+00:00,2026-09-15,buy_stock,-345114805679909578,118922966,-0.345114805679909578,118.922966,0.345114805679909578,0
4663:0x8b9babad437e92388a66f13a03db0ee998a96831c244d1620d88115810b65c51:21,pre_effective,2026-09-15T15:00:42+00:00,2026-09-15T15:10:27+00:00,2026-09-15T15:20:12+00:00,4663:0xad16926e907938bf845ac8fcadd2feaf58c0182d2b403a749f3ad99c94505adc:53,GOOGL,v3,0xad16926e907938bf845ac8fcadd2feaf58c0182d2b403a749f3ad99c94505adc,53,63747871,2026-09-15T15:02:31+00:00,2026-09-15,buy_stock,-69022341509404015,23784578,-0.069022341509404015,23.784578,0.069022341509404015,0
4663:0x8b9babad437e92388a66f13a03db0ee998a96831c244d1620d88115810b65c51:21,pre_effective,2026-09-15T15:00:42+00:00,2026-09-15T15:10:27+00:00,2026-09-15T15:20:12+00:00,4663:0x410e388061e268453d58b354c5b6be8f0b1676f103573df2174ee40e3939b3bb:84,GOOGL,v3,0x410e388061e268453d58b354c5b6be8f0b1676f103573df2174ee40e3939b3bb,84,63747933,2026-09-15T15:02:38+00:00,2026-09-15,buy_stablecoin,2640954205592821051,-909096129,2.640954205592821051,-909.096129,0,909.096129
4663:0x8b9babad437e92388a66f13a03db0ee998a96831c244d1620d88115810b65c51:21,pre_effective,2026-09-15T15:00:42+00:00,2026-09-15T15:10:27+00:00,2026-09-15T15:20:12+00:00,4663:0xf629a30a66aee79421f9a0bc1d1b7a5cc3a03e0a58407bad1b000b5657e6dc79:39,GOOGL,v3,0xf629a30a66aee79421f9a0bc1d1b7a5cc3a03e0a58407bad1b000b5657e6dc79,39,63747980,2026-09-15T15:02:43+00:00,2026-09-15,buy_stock,-345710886248375572,119117728,-0.345710886248375572,119.117728,0.345710886248375572,0
4663:0x8b9babad437e92388a66f13a03db0ee998a96831c244d1620d88115810b65c51:21,pre_effective,2026-09-15T15:00:42+00:00,2026-09-15T15:10:27+00:00,2026-09-15T15:20:12+00:00,4663:0x566ff727e9c918e8027a5c35f625b8d06fb13df078ac64076c521e1980dc5fe5:66,GOOGL,v3,0x566ff727e9c918e8027a5c35f625b8d06fb13df078ac64076c521e1980dc5fe5,66,63747981,2026-09-15T15:02:43+00:00,2026-09-15,buy_stock,-975644165517558158,336175698,-0.975644165517558158,336.175698,0.975644165517558158,0
4663:0x8b9babad437e92388a66f13a03db0ee998a96831c244d1620d88115810b65c51:21,pre_effective,2026-09-15T15:00:42+00:00,2026-09-15T15:10:27+00:00,2026-09-15T15:20:12+00:00,4663:0xb84daa4a31ae11c1f67c9305a2e24b70501e6b5d0bf4ef4acabd848b37fa901d:95,GOOGL,v3,0xb84daa4a31ae11c1f67c9305a2e24b70501e6b5d0bf4ef4acabd848b37fa901d,95,63747981,2026-09-15T15:02:43+00:00,2026-09-15,buy_stock,-1393711096321854847,480250997,-1.393711096321854847,480.250997,1.393711096321854847,0
4663:0x8b9babad437e92388a66f13a03db0ee998a96831c244d1620d88115810b65c51:21,pre_effective,2026-09-15T15:00:42+00:00,2026-09-15T15:10:27+00:00,2026-09-15T15:20:12+00:00,4663:0x8805abff5631cbbfb96341f6206e459dd3af08ae9e391af05bcb15e95579cfd2:22,GOOGL,v3,0x8805abff5631cbbfb96341f6206e459dd3af08ae9e391af05bcb15e95579cfd2,22,63748094,2026-09-15T15:02:54+00:00,2026-09-15,buy_stablecoin,1589933269377250040,-547316205,1.58993326937725004,-547.316205,0,547.316205
4663:0x8b9babad437e92388a66f13a03db0ee998a96831c244d1620d88115810b65c51:21,pre_effective,2026-09-15T15:00:42+00:00,2026-09-15T15:10:27+00:00,2026-09-15T15:20:12+00:00,4663:0x39f53513a44d1ba31669e77d17920e7e19bc92fcf8d3ad2900982c3a8694ae3f:8,GOOGL,v3,0x39f53513a44d1ba31669e77d17920e7e19bc92fcf8d3ad2900982c3a8694ae3f,8,63748143,2026-09-15T15:02:59+00:00,2026-09-15,buy_stock,-5579243148626279272,1922666176,-5.579243148626279272,1922.666176,5.579243148626279272,0
4663:0x8b9babad437e92388a66f13a03db0ee998a96831c244d1620d88115810b65c51:21,pre_effective,2026-09-15T15:00:42+00:00,2026-09-15T15:10:27+00:00,2026-09-15T15:20:12+00:00,4663:0xe282fe2b84b0c1b2e91b90852ac72796930f803d86e323d36b1e38ad5b0a7154:18,GOOGL,v3,0xe282fe2b84b0c1b2e91b90852ac72796930f803d86e323d36b1e38ad5b0a7154,18,63748517,2026-09-15T15:03:38+00:00,2026-09-15,buy_stock,-1380643516932721912,475850827,-1.380643516932721912,475.850827,1.380643516932721912,0
4663:0x8b9babad437e92388a66f13a03db0ee998a96831c244d1620d88115810b65c51:21,pre_effective,2026-09-15T15:00:42+00:00,2026-09-15T15:10:27+00:00,2026-09-15T15:20:12+00:00,4663:0x3e947fa8f62ce031f6cc6c0db345744eb779ad0601fc87b1462c4c27858cf96b:102,GOOGL,v3,0x3e947fa8f62ce031f6cc6c0db345744eb779ad0601fc87b1462c4c27858cf96b,102,63748651,2026-09-15T15:03:52+00:00,2026-09-15,buy_stablecoin,74576381135544016,-25678376,0.074576381135544016,-25.678376,0,25.678376
4663:0x8b9babad437e92388a66f13a03db0ee998a96831c244d1620d88115810b65c51:21,pre_effective,2026-09-15T15:00:42+00:00,2026-09-15T15:10:27+00:00,2026-09-15T15:20:12+00:00,4663:0x5ca34a8030d373e4035b4493da48f0ea3bdb42b4d39f3dc8b8dcf8454dbcca9f:70,GOOGL,v3,0x5ca34a8030d373e4035b4493da48f0ea3bdb42b4d39f3dc8b8dcf8454dbcca9f,70,63748663,2026-09-15T15:03:53+00:00,2026-09-15,buy_stablecoin,1704816382255820357,-586986831,1.704816382255820357,-586.986831,0,586.986831
4663:0x8b9babad437e92388a66f13a03db0ee998a96831c244d1620d88115810b65c51:21,pre_effective,2026-09-15T15:00:42+00:00,2026-09-15T15:10:27+00:00,2026-09-15T15:20:12+00:00,4663:0x7e26c9efed3960acd80acba71c1ae3621b2cd41c4e6ac58c54e84e26c51b06bc:65,GOOGL,v3,0x7e26c9efed3960acd80acba71c1ae3621b2cd41c4e6ac58c54e84e26c51b06bc,65,63748732,2026-09-15T15:04:00+00:00,2026-09-15,buy_stablecoin,85028190490048220,-29275079,0.08502819049004822,-29.275079,0,29.275079
4663:0x8b9babad437e92388a66f13a03db0ee998a96831c244d1620d88115810b65c51:21,pre_effective,2026-09-15T15:00:42+00:00,2026-09-15T15:10:27+00:00,2026-09-15T15:20:12+00:00,4663:0x7ea2b6009095c5e8fb6350ec6855c275c3bf033bec05f90eb232b1287fb08b15:39,GOOGL,v3,0x7ea2b6009095c5e8fb6350ec6855c275c3bf033bec05f90eb232b1287fb08b15,39,63748734,2026-09-15T15:04:00+00:00,2026-09-15,buy_stablecoin,468781283103582647,-161398907,0.468781283103582647,-161.398907,0,161.398907
4663:0x8b9babad437e92388a66f13a03db0ee998a96831c244d1620d88115810b65c51:21,pre_effective,2026-09-15T15:00:42+00:00,2026-09-15T15:10:27+00:00,2026-09-15T15:20:12+00:00,4663:0x7cd7a5c92f0d26ec60b8e7827a80a5e51d2f3da68883396530e778ecd8447ac7:18,GOOGL,v3,0x7cd7a5c92f0d26ec60b8e7827a80a5e51d2f3da68883396530e778ecd8447ac7,18,63748869,2026-09-15T15:04:14+00:00,2026-09-15,buy_stablecoin,1066931835131811488,-367327649,1.066931835131811488,-367.327649,0,367.327649
4663:0x8b9babad437e92388a66f13a03db0ee998a96831c244d1620d88115810b65c51:21,pre_effective,2026-09-15T15:00:42+00:00,2026-09-15T15:10:27+00:00,2026-09-15T15:20:12+00:00,4663:0x8d1e39c8ca1468609db5ec7042a8f5357ea9de89211cb88c25b6ad9c18108a8d:34,GOOGL,v3,0x8d1e39c8ca1468609db5ec7042a8f5357ea9de89211cb88c25b6ad9c18108a8d,34,63749311,2026-09-15T15:05:00+00:00,2026-09-15,buy_stock,-435256646941110898,150000000,-0.435256646941110898,150,0.435256646941110898,0
4663:0x8b9babad437e92388a66f13a03db0ee998a96831c244d1620d88115810b65c51:21,pre_effective,2026-09-15T15:00:42+00:00,2026-09-15T15:10:27+00:00,2026-09-15T15:20:12+00:00,4663:0x8651bca063f0ca31b8c9a9c7dcab98c5de7fb2d819d9cc280bf2cd744c5ecd2d:58,GOOGL,v3,0x8651bca063f0ca31b8c9a9c7dcab98c5de7fb2d819d9cc280bf2cd744c5ecd2d,58,63749325,2026-09-15T15:05:02+00:00,2026-09-15,buy_stock,-259844592656399527,89550000,-0.259844592656399527,89.55,0.259844592656399527,0
4663:0x8b9babad437e92388a66f13a03db0ee998a96831c244d1620d88115810b65c51:21,pre_effective,2026-09-15T15:00:42+00:00,2026-09-15T15:10:27+00:00,2026-09-15T15:20:12+00:00,4663:0xd52dc91c2c6c31840a44917a7a2a7c1ab49a08b6ccd5ac0dfec23a07795ce159:37,GOOGL,v3,0xd52dc91c2c6c31840a44917a7a2a7c1ab49a08b6ccd5ac0dfec23a07795ce159,37,63749861,2026-09-15T15:05:57+00:00,2026-09-15,buy_stablecoin,17616252775954479,-6065032,0.017616252775954479,-6.065032,0,6.065032
4663:0x8b9babad437e92388a66f13a03db0ee998a96831c244d1620d88115810b65c51:21,pre_effective,2026-09-15T15:00:42+00:00,2026-09-15T15:10:27+00:00,2026-09-15T15:20:12+00:00,4663:0x91fc29e1df36ec2a4f918dd0d4e1548f2dcc4988e6db366ca67057eab5ec8f38:10,GOOGL,v3,0x91fc29e1df36ec2a4f918dd0d4e1548f2dcc4988e6db366ca67057eab5ec8f38,10,63749874,2026-09-15T15:05:59+00:00,2026-09-15,buy_stablecoin,34573683544902913,-11903229,0.034573683544902913,-11.903229,0,11.903229
4663:0x8b9babad437e92388a66f13a03db0ee998a96831c244d1620d88115810b65c51:21,pre_effective,2026-09-15T15:00:42+00:00,2026-09-15T15:10:27+00:00,2026-09-15T15:20:12+00:00,4663:0xe2c3286dceb07311fa18e80ad58be2d3cd42a22b38179c5190123c45ffd54a71:10,GOOGL,v3,0xe2c3286dceb07311fa18e80ad58be2d3cd42a22b38179c5190123c45ffd54a71,10,63749903,2026-09-15T15:06:02+00:00,2026-09-15,buy_stock,-20764475082533639,7156068,-0.020764475082533639,7.156068,0.020764475082533639,0
4663:0x8b9babad437e92388a66f13a03db0ee998a96831c244d1620d88115810b65c51:21,pre_effective,2026-09-15T15:00:42+00:00,2026-09-15T15:10:27+00:00,2026-09-15T15:20:12+00:00,4663:0x769c33b5e6fe963bb742c9f6753a63071db5b4a5c5116ae4f7bf1b744e29851b:17,GOOGL,v3,0x769c33b5e6fe963bb742c9f6753a63071db5b4a5c5116ae4f7bf1b744e29851b,17,63749912,2026-09-15T15:06:03+00:00,2026-09-15,buy_stock,-2874195098975080760,990592251,-2.87419509897508076,990.592251,2.87419509897508076,0
4663:0x8b9babad437e92388a66f13a03db0ee998a96831c244d1620d88115810b65c51:21,pre_effective,2026-09-15T15:00:42+00:00,2026-09-15T15:10:27+00:00,2026-09-15T15:20:12+00:00,4663:0xded86fcec26a025d92fe116509644b49e21568d3ea2bae3cfae0256f2472aea3:19,GOOGL,v3,0xded86fcec26a025d92fe116509644b49e21568d3ea2bae3cfae0256f2472aea3,19,63750306,2026-09-15T15:06:40+00:00,2026-09-15,buy_stock,-346322683459906045,119367939,-0.346322683459906045,119.367939,0.346322683459906045,0
4663:0x8b9babad437e92388a66f13a03db0ee998a96831c244d1620d88115810b65c51:21,pre_effective,2026-09-15T15:00:42+00:00,2026-09-15T15:10:27+00:00,2026-09-15T15:20:12+00:00,4663:0x6afae4a687a3c2b0ac79049eb25f3f9583fbebfc64c338a18f4aeb1520e6a5cd:104,GOOGL,v3,0x6afae4a687a3c2b0ac79049eb25f3f9583fbebfc64c338a18f4aeb1520e6a5cd,104,63750472,2026-09-15T15:06:57+00:00,2026-09-15,buy_stock,-248697170558110024,85720120,-0.248697170558110024,85.72012,0.248697170558110024,0
4663:0x8b9babad437e92388a66f13a03db0ee998a96831c244d1620d88115810b65c51:21,pre_effective,2026-09-15T15:00:42+00:00,2026-09-15T15:10:27+00:00,2026-09-15T15:20:12+00:00,4663:0xf852a154a78b0981fe42000bb9f7c5dd15f3e7bcf74a22ecf4c70a41226aa9a5:270,GOOGL,v3,0xf852a154a78b0981fe42000bb9f7c5dd15f3e7bcf74a22ecf4c70a41226aa9a5,270,63750696,2026-09-15T15:07:21+00:00,2026-09-15,buy_stablecoin,17854017671558916263,-6145540994,17.854017671558916263,-6145.540994,0,6145.540994
4663:0x8b9babad437e92388a66f13a03db0ee998a96831c244d1620d88115810b65c51:21,pre_effective,2026-09-15T15:00:42+00:00,2026-09-15T15:10:27+00:00,2026-09-15T15:20:12+00:00,4663:0x92b76e900ed75a5dfe7d926f3a8a152ea5eafc3b14368d46c5e425c0c268dbad:21,GOOGL,v3,0x92b76e900ed75a5dfe7d926f3a8a152ea5eafc3b14368d46c5e425c0c268dbad,21,63750698,2026-09-15T15:07:21+00:00,2026-09-15,buy_stock,-17976603835638391215,6193945047,-17.976603835638391215,6193.945047,17.976603835638391215,0
4663:0x8b9babad437e92388a66f13a03db0ee998a96831c244d1620d88115810b65c51:21,pre_effective,2026-09-15T15:00:42+00:00,2026-09-15T15:10:27+00:00,2026-09-15T15:20:12+00:00,4663:0xcd3c14300e021b4767453a4ca03cb244bf02f5ce92246cfa7095f969bbc99bd8:41,GOOGL,v3,0xcd3c14300e021b4767453a4ca03cb244bf02f5ce92246cfa7095f969bbc99bd8,41,63751537,2026-09-15T15:08:48+00:00,2026-09-15,buy_stock,-13673946608157024629,4713435068,-13.673946608157024629,4713.435068,13.673946608157024629,0
4663:0x8b9babad437e92388a66f13a03db0ee998a96831c244d1620d88115810b65c51:21,pre_effective,2026-09-15T15:00:42+00:00,2026-09-15T15:10:27+00:00,2026-09-15T15:20:12+00:00,4663:0x05ac4c6625d2ccb1c82a58a979efee4d0fe84c55afcb9a7eadace2b5973c8503:42,GOOGL,v3,0x05ac4c6625d2ccb1c82a58a979efee4d0fe84c55afcb9a7eadace2b5973c8503,42,63751538,2026-09-15T15:08:48+00:00,2026-09-15,buy_stock,-1440081190592032063,496435807,-1.440081190592032063,496.435807,1.440081190592032063,0
4663:0x8b9babad437e92388a66f13a03db0ee998a96831c244d1620d88115810b65c51:21,pre_effective,2026-09-15T15:00:42+00:00,2026-09-15T15:10:27+00:00,2026-09-15T15:20:12+00:00,4663:0x8945de79f5ebfef758d7e9cad39c6ae41e2630ae2826ccd3dbd43778340153b4:158,GOOGL,v3,0x8945de79f5ebfef758d7e9cad39c6ae41e2630ae2826ccd3dbd43778340153b4,158,63751539,2026-09-15T15:08:48+00:00,2026-09-15,buy_stock,-5423429610879193415,1869669635,-5.423429610879193415,1869.669635,5.423429610879193415,0
4663:0x8b9babad437e92388a66f13a03db0ee998a96831c244d1620d88115810b65c51:21,pre_effective,2026-09-15T15:00:42+00:00,2026-09-15T15:10:27+00:00,2026-09-15T15:20:12+00:00,4663:0x95e1228e468fe04a55eb6d14fbc0d0c7897553506c9bdd64fb4bcecc9331eb11:29,GOOGL,v3,0x95e1228e468fe04a55eb6d14fbc0d0c7897553506c9bdd64fb4bcecc9331eb11,29,63751547,2026-09-15T15:08:49+00:00,2026-09-15,buy_stock,-10494063013606022178,3618001434,-10.494063013606022178,3618.001434,10.494063013606022178,0
4663:0x8b9babad437e92388a66f13a03db0ee998a96831c244d1620d88115810b65c51:21,pre_effective,2026-09-15T15:00:42+00:00,2026-09-15T15:10:27+00:00,2026-09-15T15:20:12+00:00,4663:0x58eea8562df78f39a2b0837a818c590ddca4e80ec38ac4e898a9d3f3adc6829a:18,GOOGL,v3,0x58eea8562df78f39a2b0837a818c590ddca4e80ec38ac4e898a9d3f3adc6829a,18,63751609,2026-09-15T15:08:56+00:00,2026-09-15,buy_stablecoin,34101273957987710,-11745830,0.03410127395798771,-11.74583,0,11.74583
4663:0x8b9babad437e92388a66f13a03db0ee998a96831c244d1620d88115810b65c51:21,pre_effective,2026-09-15T15:00:42+00:00,2026-09-15T15:10:27+00:00,2026-09-15T15:20:12+00:00,4663:0x0fe52015a6eb512b8cdaa826b16646d33f2f6015b45661ee5f9c313ba357fffc:13,GOOGL,v3,0x0fe52015a6eb512b8cdaa826b16646d33f2f6015b45661ee5f9c313ba357fffc,13,63751688,2026-09-15T15:09:04+00:00,2026-09-15,buy_stablecoin,151912075641072626,-52324493,0.151912075641072626,-52.324493,0,52.324493
4663:0x8b9babad437e92388a66f13a03db0ee998a96831c244d1620d88115810b65c51:21,pre_effective,2026-09-15T15:00:42+00:00,2026-09-15T15:10:27+00:00,2026-09-15T15:20:12+00:00,4663:0xc7f6f802a655598026791d4ce0c8799a40777f24d504495f97567b4e8db2ee5d:125,GOOGL,v3,0xc7f6f802a655598026791d4ce0c8799a40777f24d504495f97567b4e8db2ee5d,125,63751961,2026-09-15T15:09:32+00:00,2026-09-15,buy_stablecoin,181839810963527691,-62632679,0.181839810963527691,-62.632679,0,62.632679
4663:0x8b9babad437e92388a66f13a03db0ee998a96831c244d1620d88115810b65c51:21,pre_effective,2026-09-15T15:00:42+00:00,2026-09-15T15:10:27+00:00,2026-09-15T15:20:12+00:00,4663:0x1670e50bf3d51a640e599a7549b06945891103eea7cb23d938b376e6c7502671:3,GOOGL,v3,0x1670e50bf3d51a640e599a7549b06945891103eea7cb23d938b376e6c7502671,3,63752138,2026-09-15T15:09:51+00:00,2026-09-15,buy_stock,-4622995668867456598,1593967474,-4.622995668867456598,1593.967474,4.622995668867456598,0
4663:0x8b9babad437e92388a66f13a03db0ee998a96831c244d1620d88115810b65c51:21,pre_effective,2026-09-15T15:00:42+00:00,2026-09-15T15:10:27+00:00,2026-09-15T15:20:12+00:00,4663:0x6e75c4d1d94c2ac4940c68953bd008531889d08ff7a69cbe3d4f2c245173079f:7,GOOGL,v3,0x6e75c4d1d94c2ac4940c68953bd008531889d08ff7a69cbe3d4f2c245173079f,7,63752139,2026-09-15T15:09:51+00:00,2026-09-15,buy_stock,-8515117489436176722,2936127045,-8.515117489436176722,2936.127045,8.515117489436176722,0
4663:0x8b9babad437e92388a66f13a03db0ee998a96831c244d1620d88115810b65c51:21,pre_effective,2026-09-15T15:00:42+00:00,2026-09-15T15:10:27+00:00,2026-09-15T15:20:12+00:00,4663:0x3a2a77e9e90f980b49a0e9fb48edd094f5f10e6459a9fa83a21d0c90468ffd96:15,GOOGL,v3,0x3a2a77e9e90f980b49a0e9fb48edd094f5f10e6459a9fa83a21d0c90468ffd96,15,63752140,2026-09-15T15:09:51+00:00,2026-09-15,buy_stock,-14760964279417677,5089994,-0.014760964279417677,5.089994,0.014760964279417677,0
4663:0x8b9babad437e92388a66f13a03db0ee998a96831c244d1620d88115810b65c51:21,pre_effective,2026-09-15T15:00:42+00:00,2026-09-15T15:10:27+00:00,2026-09-15T15:20:12+00:00,4663:0x2d9fe7eaae593e4284e376a0eb3590a6a9b1d1c644fcad552da007a8c8af3dd3:40,GOOGL,v3,0x2d9fe7eaae593e4284e376a0eb3590a6a9b1d1c644fcad552da007a8c8af3dd3,40,63752141,2026-09-15T15:09:51+00:00,2026-09-15,buy_stock,-4842635879984285222,1669916596,-4.842635879984285222,1669.916596,4.842635879984285222,0
4663:0x8b9babad437e92388a66f13a03db0ee998a96831c244d1620d88115810b65c51:21,pre_effective,2026-09-15T15:00:42+00:00,2026-09-15T15:10:27+00:00,2026-09-15T15:20:12+00:00,4663:0x9428992541f64023534a03557486dac2d097c58d1a5ee788a978eb32157903f9:90,GOOGL,v3,0x9428992541f64023534a03557486dac2d097c58d1a5ee788a978eb32157903f9,90,63752141,2026-09-15T15:09:51+00:00,2026-09-15,buy_stock,-465770623199981246,160618834,-0.465770623199981246,160.618834,0.465770623199981246,0
4663:0x8b9babad437e92388a66f13a03db0ee998a96831c244d1620d88115810b65c51:21,pre_effective,2026-09-15T15:00:42+00:00,2026-09-15T15:10:27+00:00,2026-09-15T15:20:12+00:00,4663:0xd06547388def908ceead164f82f8cf4115d36c7fd7fd034458b07e1686b940db:207,GOOGL,v3,0xd06547388def908ceead164f82f8cf4115d36c7fd7fd034458b07e1686b940db,207,63752234,2026-09-15T15:10:01+00:00,2026-09-15,buy_stock,-3760892741074074769,1296953492,-3.760892741074074769,1296.953492,3.760892741074074769,0
4663:0x8b9babad437e92388a66f13a03db0ee998a96831c244d1620d88115810b65c51:21,pre_effective,2026-09-15T15:00:42+00:00,2026-09-15T15:10:27+00:00,2026-09-15T15:20:12+00:00,4663:0x454498f1e34548f46768608cfe0536f2e2e52251b7bb7f907947a05730b3f6b4:36,GOOGL,v3,0x454498f1e34548f46768608cfe0536f2e2e52251b7bb7f907947a05730b3f6b4,36,63752237,2026-09-15T15:10:01+00:00,2026-09-15,buy_stock,-2781963328175332923,959398237,-2.781963328175332923,959.398237,2.781963328175332923,0
4663:0x8b9babad437e92388a66f13a03db0ee998a96831c244d1620d88115810b65c51:21,pre_effective,2026-09-15T15:00:42+00:00,2026-09-15T15:10:27+00:00,2026-09-15T15:20:12+00:00,4663:0x1679394458d3fc0f4574ad68d0b03fc9d1097803fbae5e8f43674b4d75192bcc:50,GOOGL,v3,0x1679394458d3fc0f4574ad68d0b03fc9d1097803fbae5e8f43674b4d75192bcc,50,63752238,2026-09-15T15:10:01+00:00,2026-09-15,buy_stock,-4149317787378188623,1430998267,-4.149317787378188623,1430.998267,4.149317787378188623,0
4663:0x8b9babad437e92388a66f13a03db0ee998a96831c244d1620d88115810b65c51:21,pre_effective,2026-09-15T15:00:42+00:00,2026-09-15T15:10:27+00:00,2026-09-15T15:20:12+00:00,4663:0x6550dace7d18ac4f379138d8f47b3f1531335de30875208ec2c29f14d35cecb1:119,GOOGL,v3,0x6550dace7d18ac4f379138d8f47b3f1531335de30875208ec2c29f14d35cecb1,119,63752239,2026-09-15T15:10:01+00:00,2026-09-15,buy_stock,-126496779922401202,43626571,-0.126496779922401202,43.626571,0.126496779922401202,0
4663:0x8b9babad437e92388a66f13a03db0ee998a96831c244d1620d88115810b65c51:21,pre_effective,2026-09-15T15:00:42+00:00,2026-09-15T15:10:27+00:00,2026-09-15T15:20:12+00:00,4663:0x63fa7c9d35c76ed39a55e9d12be2b5fcb6fd4a40fcb4303d5b38014241ea96e5:62,GOOGL,v3,0x63fa7c9d35c76ed39a55e9d12be2b5fcb6fd4a40fcb4303d5b38014241ea96e5,62,63752289,2026-09-15T15:10:07+00:00,2026-09-15,buy_stock,-4839702764512961,1669132,-0.004839702764512961,1.669132,0.004839702764512961,0
4663:0x8b9babad437e92388a66f13a03db0ee998a96831c244d1620d88115810b65c51:21,pre_effective,2026-09-15T15:00:42+00:00,2026-09-15T15:10:27+00:00,2026-09-15T15:20:12+00:00,4663:0xed70aab5bf5e385a68eaa46e50c47b3a9d714a12d312dfa1965df45827191538:131,GOOGL,v3,0xed70aab5bf5e385a68eaa46e50c47b3a9d714a12d312dfa1965df45827191538,131,63752327,2026-09-15T15:10:11+00:00,2026-09-15,buy_stock,-2548962570761248150,879105156,-2.54896257076124815,879.105156,2.54896257076124815,0
4663:0x8b9babad437e92388a66f13a03db0ee998a96831c244d1620d88115810b65c51:21,pre_effective,2026-09-15T15:00:42+00:00,2026-09-15T15:10:27+00:00,2026-09-15T15:20:12+00:00,4663:0x49f0c067d770deb47e6e1eb6892b34331181be0db9d784ae4f709f9f09072fa6:11,GOOGL,v3,0x49f0c067d770deb47e6e1eb6892b34331181be0db9d784ae4f709f9f09072fa6,11,63752343,2026-09-15T15:10:13+00:00,2026-09-15,buy_stock,-8771234348037266027,3025257951,-8.771234348037266027,3025.257951,8.771234348037266027,0
4663:0x8b9babad437e92388a66f13a03db0ee998a96831c244d1620d88115810b65c51:21,pre_effective,2026-09-15T15:00:42+00:00,2026-09-15T15:10:27+00:00,2026-09-15T15:20:12+00:00,4663:0xa613db8a3268563c677c184960f5b7edbb4a8914f579b7f7b05f7288a56dfb99:14,GOOGL,v3,0xa613db8a3268563c677c184960f5b7edbb4a8914f579b7f7b05f7288a56dfb99,14,63752345,2026-09-15T15:10:13+00:00,2026-09-15,buy_stock,-4938816809596663830,1703546837,-4.93881680959666383,1703.546837,4.93881680959666383,0
4663:0x8b9babad437e92388a66f13a03db0ee998a96831c244d1620d88115810b65c51:21,pre_effective,2026-09-15T15:00:42+00:00,2026-09-15T15:10:27+00:00,2026-09-15T15:20:12+00:00,4663:0x428e5fae7b7e2b1139dee18ac4d159bbd63e2e239c51fe58a502437774f3616a:101,GOOGL,v3,0x428e5fae7b7e2b1139dee18ac4d159bbd63e2e239c51fe58a502437774f3616a,101,63752383,2026-09-15T15:10:17+00:00,2026-09-15,buy_stablecoin,1885595221559777291,-649758231,1.885595221559777291,-649.758231,0,649.758231
4663:0x8b9babad437e92388a66f13a03db0ee998a96831c244d1620d88115810b65c51:21,pre_effective,2026-09-15T15:00:42+00:00,2026-09-15T15:10:27+00:00,2026-09-15T15:20:12+00:00,4663:0xd60971eab95ff864d44150d57cd174c59d70e0ea3988592a18a69546bdbd79a3:64,GOOGL,v3,0xd60971eab95ff864d44150d57cd174c59d70e0ea3988592a18a69546bdbd79a3,64,63752385,2026-09-15T15:10:17+00:00,2026-09-15,buy_stock,-4767971396389027196,1644665425,-4.767971396389027196,1644.665425,4.767971396389027196,0
4663:0x8b9babad437e92388a66f13a03db0ee998a96831c244d1620d88115810b65c51:21,pre_effective,2026-09-15T15:00:42+00:00,2026-09-15T15:10:27+00:00,2026-09-15T15:20:12+00:00,4663:0xc493bc1d913c9c89f78db690e8e441a7653cb4c35201f56828a2cef0d43156be:83,GOOGL,v3,0xc493bc1d913c9c89f78db690e8e441a7653cb4c35201f56828a2cef0d43156be,83,63752448,2026-09-15T15:10:24+00:00,2026-09-15,buy_stock,-7614065860165805350,2626559006,-7.61406586016580535,2626.559006,7.61406586016580535,0
4663:0x8b9babad437e92388a66f13a03db0ee998a96831c244d1620d88115810b65c51:21,pre_effective,2026-09-15T15:00:42+00:00,2026-09-15T15:10:27+00:00,2026-09-15T15:20:12+00:00,4663:0x1ce5d38a33c36e36f72b8387fcccbc39981c140e2ea781d4fa6ca31004d30583:143,GOOGL,v3,0x1ce5d38a33c36e36f72b8387fcccbc39981c140e2ea781d4fa6ca31004d30583,143,63752456,2026-09-15T15:10:25+00:00,2026-09-15,buy_stock,-5067925412498472820,1748348496,-5.06792541249847282,1748.348496,5.06792541249847282,0
4663:0x8b9babad437e92388a66f13a03db0ee998a96831c244d1620d88115810b65c51:21,pre_effective,2026-09-15T15:00:42+00:00,2026-09-15T15:10:27+00:00,2026-09-15T15:20:12+00:00,4663:0xa2c123d826e1608c1023cd255aee7bf88c9b9446d7918bc163dd918f0357c0a6:120,GOOGL,v3,0xa2c123d826e1608c1023cd255aee7bf88c9b9446d7918bc163dd918f0357c0a6,120,63752457,2026-09-15T15:10:25+00:00,2026-09-15,buy_stock,-2049252848677509542,706982453,-2.049252848677509542,706.982453,2.049252848677509542,0
4663:0x8b9babad437e92388a66f13a03db0ee998a96831c244d1620d88115810b65c51:21,post_effective,2026-09-15T15:00:42+00:00,2026-09-15T15:10:27+00:00,2026-09-15T15:20:12+00:00,4663:0x5076e241691e344fc10dffeec3073098b4e71ea7861cfcc4f5d29dd288598a1e:23,GOOGL,v3,0x5076e241691e344fc10dffeec3073098b4e71ea7861cfcc4f5d29dd288598a1e,23,63753055,2026-09-15T15:11:28+00:00,2026-09-15,buy_stock,-6606188427249426054,2279201108,-6.606188427249426054,2279.201108,6.606188427249426054,0
4663:0x8b9babad437e92388a66f13a03db0ee998a96831c244d1620d88115810b65c51:21,post_effective,2026-09-15T15:00:42+00:00,2026-09-15T15:10:27+00:00,2026-09-15T15:20:12+00:00,4663:0xcb4fa925e1915ec9518c20dcb15b717083c86c1704ee0404e5e22adf122936a2:85,GOOGL,v3,0xcb4fa925e1915ec9518c20dcb15b717083c86c1704ee0404e5e22adf122936a2,85,63753141,2026-09-15T15:11:37+00:00,2026-09-15,buy_stablecoin,15135377211722149,-5216806,0.015135377211722149,-5.216806,0,5.216806
4663:0x8b9babad437e92388a66f13a03db0ee998a96831c244d1620d88115810b65c51:21,post_effective,2026-09-15T15:00:42+00:00,2026-09-15T15:10:27+00:00,2026-09-15T15:20:12+00:00,4663:0xc5d6490487fd6a47b47c66366a90595a1eedba182f607f102642186fd3c9a9f9:31,GOOGL,v3,0xc5d6490487fd6a47b47c66366a90595a1eedba182f607f102642186fd3c9a9f9,31,63753168,2026-09-15T15:11:40+00:00,2026-09-15,buy_stock,-1398452495023675468,482498761,-1.398452495023675468,482.498761,1.398452495023675468,0
4663:0x8b9babad437e92388a66f13a03db0ee998a96831c244d1620d88115810b65c51:21,post_effective,2026-09-15T15:00:42+00:00,2026-09-15T15:10:27+00:00,2026-09-15T15:20:12+00:00,4663:0x8fd4f8253ba35c6237459a70e345d78ade2697b433a8313bdc84f6eedaa51ffb:97,GOOGL,v3,0x8fd4f8253ba35c6237459a70e345d78ade2697b433a8313bdc84f6eedaa51ffb,97,63753171,2026-09-15T15:11:40+00:00,2026-09-15,buy_stock,-6922271926014245,2388359,-0.006922271926014245,2.388359,0.006922271926014245,0
4663:0x8b9babad437e92388a66f13a03db0ee998a96831c244d1620d88115810b65c51:21,post_effective,2026-09-15T15:00:42+00:00,2026-09-15T15:10:27+00:00,2026-09-15T15:20:12+00:00,4663:0x3d046682a5ca0641f06eec5ec7985bb49439d32a63a442281875a96a3b5e522f:41,GOOGL,v3,0x3d046682a5ca0641f06eec5ec7985bb49439d32a63a442281875a96a3b5e522f,41,63753172,2026-09-15T15:11:40+00:00,2026-09-15,buy_stock,-692225317220307728,238835781,-0.692225317220307728,238.835781,0.692225317220307728,0
4663:0x8b9babad437e92388a66f13a03db0ee998a96831c244d1620d88115810b65c51:21,post_effective,2026-09-15T15:00:42+00:00,2026-09-15T15:10:27+00:00,2026-09-15T15:20:12+00:00,4663:0x482e3e5ce0726bec0ba5af5fadf4c3583b2a09ca087814f12f9f4ec4fa50642a:77,GOOGL,v3,0x482e3e5ce0726bec0ba5af5fadf4c3583b2a09ca087814f12f9f4ec4fa50642a,77,63753172,2026-09-15T15:11:40+00:00,2026-09-15,buy_stock,-1038329449503134805,358252995,-1.038329449503134805,358.252995,1.038329449503134805,0
4663:0x8b9babad437e92388a66f13a03db0ee998a96831c244d1620d88115810b65c51:21,post_effective,2026-09-15T15:00:42+00:00,2026-09-15T15:10:27+00:00,2026-09-15T15:20:12+00:00,4663:0x98b0ef07263e059ebefbfc748e35eba8b43d9dc73a136d8b872e9a609cb8478b:175,GOOGL,v3,0x98b0ef07263e059ebefbfc748e35eba8b43d9dc73a136d8b872e9a609cb8478b,175,63753248,2026-09-15T15:11:49+00:00,2026-09-15,buy_stock,-1038118622816784718,358182971,-1.038118622816784718,358.182971,1.038118622816784718,0
4663:0x8b9babad437e92388a66f13a03db0ee998a96831c244d1620d88115810b65c51:21,post_effective,2026-09-15T15:00:42+00:00,2026-09-15T15:10:27+00:00,2026-09-15T15:20:12+00:00,4663:0xacb1023e70f58ab5306c97fb220446cddea45e76afca2d7d1a524b365f126c01:24,GOOGL,v3,0xacb1023e70f58ab5306c97fb220446cddea45e76afca2d7d1a524b365f126c01,24,63753291,2026-09-15T15:11:53+00:00,2026-09-15,buy_stock,-18018169161743657594,6217257402,-18.018169161743657594,6217.257402,18.018169161743657594,0
4663:0x8b9babad437e92388a66f13a03db0ee998a96831c244d1620d88115810b65c51:21,post_effective,2026-09-15T15:00:42+00:00,2026-09-15T15:10:27+00:00,2026-09-15T15:20:12+00:00,4663:0xad8a24fbed26000ade24ee55d703e825a26513cb9c174eb8eaa5260001e2bc50:25,GOOGL,v3,0xad8a24fbed26000ade24ee55d703e825a26513cb9c174eb8eaa5260001e2bc50,25,63753293,2026-09-15T15:11:53+00:00,2026-09-15,buy_stock,-9109240123676085898,3143499401,-9.109240123676085898,3143.499401,9.109240123676085898,0
4663:0x8b9babad437e92388a66f13a03db0ee998a96831c244d1620d88115810b65c51:21,post_effective,2026-09-15T15:00:42+00:00,2026-09-15T15:10:27+00:00,2026-09-15T15:20:12+00:00,4663:0xaf33a6bc96dbd9ffcf34e7978cf50a9c58802624206d02e092d45155cbf82220:10,GOOGL,v3,0xaf33a6bc96dbd9ffcf34e7978cf50a9c58802624206d02e092d45155cbf82220,10,63753313,2026-09-15T15:11:56+00:00,2026-09-15,buy_stablecoin,411411265915136367,-141836109,0.411411265915136367,-141.836109,0,141.836109
4663:0x8b9babad437e92388a66f13a03db0ee998a96831c244d1620d88115810b65c51:21,post_effective,2026-09-15T15:00:42+00:00,2026-09-15T15:10:27+00:00,2026-09-15T15:20:12+00:00,4663:0x6e86cf2ffb1132bc7738dcf157dd3912ef03fdd968d32d3add737a5b066adae6:53,GOOGL,v3,0x6e86cf2ffb1132bc7738dcf157dd3912ef03fdd968d32d3add737a5b066adae6,53,63753317,2026-09-15T15:11:56+00:00,2026-09-15,buy_stablecoin,400169501017828871,-137960045,0.400169501017828871,-137.960045,0,137.960045
4663:0x8b9babad437e92388a66f13a03db0ee998a96831c244d1620d88115810b65c51:21,post_effective,2026-09-15T15:00:42+00:00,2026-09-15T15:10:27+00:00,2026-09-15T15:20:12+00:00,4663:0x8097ea8fb504d33390d9a107aa67c440dc4c21aed905be523214ee44cfaf9220:42,GOOGL,v3,0x8097ea8fb504d33390d9a107aa67c440dc4c21aed905be523214ee44cfaf9220,42,63753318,2026-09-15T15:11:56+00:00,2026-09-15,buy_stock,-5794699696655984864,1999784696,-5.794699696655984864,1999.784696,5.794699696655984864,0
4663:0x8b9babad437e92388a66f13a03db0ee998a96831c244d1620d88115810b65c51:21,post_effective,2026-09-15T15:00:42+00:00,2026-09-15T15:10:27+00:00,2026-09-15T15:20:12+00:00,4663:0xd595e9d071c421cf88b63be316141f52457faeafab4f2bd716859c335d2c1d64:71,GOOGL,v3,0xd595e9d071c421cf88b63be316141f52457faeafab4f2bd716859c335d2c1d64,71,63753319,2026-09-15T15:11:56+00:00,2026-09-15,buy_stock,-1790746823002282269,618014313,-1.790746823002282269,618.014313,1.790746823002282269,0
4663:0x8b9babad437e92388a66f13a03db0ee998a96831c244d1620d88115810b65c51:21,post_effective,2026-09-15T15:00:42+00:00,2026-09-15T15:10:27+00:00,2026-09-15T15:20:12+00:00,4663:0x645423fa4381d4af482bfb4562b25ccfb5fbe07970fdfb87781dd0477d36fee6:129,GOOGL,v3,0x645423fa4381d4af482bfb4562b25ccfb5fbe07970fdfb87781dd0477d36fee6,129,63753323,2026-09-15T15:11:57+00:00,2026-09-15,buy_stock,-6365436064669537258,2196875502,-6.365436064669537258,2196.875502,6.365436064669537258,0
4663:0x8b9babad437e92388a66f13a03db0ee998a96831c244d1620d88115810b65c51:21,post_effective,2026-09-15T15:00:42+00:00,2026-09-15T15:10:27+00:00,2026-09-15T15:20:12+00:00,4663:0xe49087c35163d3f462dbcf26d08181564474275fb20adb9d000c3daa7a4570aa:21,GOOGL,v3,0xe49087c35163d3f462dbcf26d08181564474275fb20adb9d000c3daa7a4570aa,21,63753326,2026-09-15T15:11:57+00:00,2026-09-15,buy_stock,-3770499723531197770,1301344507,-3.77049972353119777,1301.344507,3.77049972353119777,0
4663:0x8b9babad437e92388a66f13a03db0ee998a96831c244d1620d88115810b65c51:21,post_effective,2026-09-15T15:00:42+00:00,2026-09-15T15:10:27+00:00,2026-09-15T15:20:12+00:00,4663:0x29934a9c7bcff69ac667aa6d5e4d871f47fa931f0f13d69246f2e3fd25ff749a:45,GOOGL,v3,0x29934a9c7bcff69ac667aa6d5e4d871f47fa931f0f13d69246f2e3fd25ff749a,45,63753348,2026-09-15T15:11:59+00:00,2026-09-15,buy_stablecoin,768975419251778090,-265140571,0.76897541925177809,-265.140571,0,265.140571
4663:0x8b9babad437e92388a66f13a03db0ee998a96831c244d1620d88115810b65c51:21,post_effective,2026-09-15T15:00:42+00:00,2026-09-15T15:10:27+00:00,2026-09-15T15:20:12+00:00,4663:0x8585e7f273aeb99795145c7fd308624e4b013aa193d7de86e38a515478666d3d:38,GOOGL,v3,0x8585e7f273aeb99795145c7fd308624e4b013aa193d7de86e38a515478666d3d,38,63753445,2026-09-15T15:12:10+00:00,2026-09-15,buy_stablecoin,3042738910486038035,-1049113251,3.042738910486038035,-1049.113251,0,1049.113251
4663:0x8b9babad437e92388a66f13a03db0ee998a96831c244d1620d88115810b65c51:21,post_effective,2026-09-15T15:00:42+00:00,2026-09-15T15:10:27+00:00,2026-09-15T15:20:12+00:00,4663:0x0ffcc7b862aab9aea3e2c7d854b318c183c68bb80792532bc3905911cab8d0c3:128,GOOGL,v3,0x0ffcc7b862aab9aea3e2c7d854b318c183c68bb80792532bc3905911cab8d0c3,128,63753446,2026-09-15T15:12:10+00:00,2026-09-15,buy_stock,-417005300042490427,143922767,-0.417005300042490427,143.922767,0.417005300042490427,0
4663:0x8b9babad437e92388a66f13a03db0ee998a96831c244d1620d88115810b65c51:21,post_effective,2026-09-15T15:00:42+00:00,2026-09-15T15:10:27+00:00,2026-09-15T15:20:12+00:00,4663:0x8b2834b46dfa251b1418eb8fe1153b8e7855bf766ff6584824097ecd00d0309b:35,GOOGL,v3,0x8b2834b46dfa251b1418eb8fe1153b8e7855bf766ff6584824097ecd00d0309b,35,63753461,2026-09-15T15:12:11+00:00,2026-09-15,buy_stablecoin,986490672652594147,-340130518,0.986490672652594147,-340.130518,0,340.130518
4663:0x8b9babad437e92388a66f13a03db0ee998a96831c244d1620d88115810b65c51:21,post_effective,2026-09-15T15:00:42+00:00,2026-09-15T15:10:27+00:00,2026-09-15T15:20:12+00:00,4663:0x225a469db38a446223777a9a1d1f7f909a29ffd2aba2d6892ad561568264f54d:46,GOOGL,v3,0x225a469db38a446223777a9a1d1f7f909a29ffd2aba2d6892ad561568264f54d,46,63753485,2026-09-15T15:12:14+00:00,2026-09-15,buy_stablecoin,2964141518834888426,-1021986798,2.964141518834888426,-1021.986798,0,1021.986798
4663:0x8b9babad437e92388a66f13a03db0ee998a96831c244d1620d88115810b65c51:21,post_effective,2026-09-15T15:00:42+00:00,2026-09-15T15:10:27+00:00,2026-09-15T15:20:12+00:00,4663:0x27dd61d248464f733dc78944efee33bbf5bf02a44c9a85ae51bf6bae0b8941cd:8,GOOGL,v3,0x27dd61d248464f733dc78944efee33bbf5bf02a44c9a85ae51bf6bae0b8941cd,8,63753539,2026-09-15T15:12:19+00:00,2026-09-15,buy_stock,-691796877526267896,238756800,-0.691796877526267896,238.7568,0.691796877526267896,0
4663:0x8b9babad437e92388a66f13a03db0ee998a96831c244d1620d88115810b65c51:21,post_effective,2026-09-15T15:00:42+00:00,2026-09-15T15:10:27+00:00,2026-09-15T15:20:12+00:00,4663:0x141a6f43d180caa692f54763f51b5d97537d8595404ce1bee620d3906372b567:28,GOOGL,v3,0x141a6f43d180caa692f54763f51b5d97537d8595404ce1bee620d3906372b567,28,63753675,2026-09-15T15:12:33+00:00,2026-09-15,buy_stablecoin,1173918023021205528,-404743379,1.173918023021205528,-404.743379,0,404.743379
4663:0x8b9babad437e92388a66f13a03db0ee998a96831c244d1620d88115810b65c51:21,post_effective,2026-09-15T15:00:42+00:00,2026-09-15T15:10:27+00:00,2026-09-15T15:20:12+00:00,4663:0x99cedab1e49cc79201c7104c31a562c45d7a3a3f7f176ecec5daca381ebb5ce7:92,GOOGL,v3,0x99cedab1e49cc79201c7104c31a562c45d7a3a3f7f176ecec5daca381ebb5ce7,92,63753685,2026-09-15T15:12:34+00:00,2026-09-15,buy_stablecoin,1451229317793752327,-500349953,1.451229317793752327,-500.349953,0,500.349953
4663:0x8b9babad437e92388a66f13a03db0ee998a96831c244d1620d88115810b65c51:21,post_effective,2026-09-15T15:00:42+00:00,2026-09-15T15:10:27+00:00,2026-09-15T15:20:12+00:00,4663:0x7e29e4d86f20075d13d9b550df62f2cd83218c938f1ea3da0b55e48e351e1d60:41,GOOGL,v3,0x7e29e4d86f20075d13d9b550df62f2cd83218c938f1ea3da0b55e48e351e1d60,41,63753725,2026-09-15T15:12:39+00:00,2026-09-15,buy_stablecoin,779733219209946390,-268831601,0.77973321920994639,-268.831601,0,268.831601
4663:0x8b9babad437e92388a66f13a03db0ee998a96831c244d1620d88115810b65c51:21,post_effective,2026-09-15T15:00:42+00:00,2026-09-15T15:10:27+00:00,2026-09-15T15:20:12+00:00,4663:0xcc195b0f95846de3797635212dff7398d6cfded92b4dbf738c693e5e45797124:172,GOOGL,v3,0xcc195b0f95846de3797635212dff7398d6cfded92b4dbf738c693e5e45797124,172,63754121,2026-09-15T15:13:20+00:00,2026-09-15,buy_stock,-138372177419691846,47754736,-0.138372177419691846,47.754736,0.138372177419691846,0
4663:0x8b9babad437e92388a66f13a03db0ee998a96831c244d1620d88115810b65c51:21,post_effective,2026-09-15T15:00:42+00:00,2026-09-15T15:10:27+00:00,2026-09-15T15:20:12+00:00,4663:0xa519d4d25d99fdc37f7d284572d4403f57fb44ffbfcb3490e1479bf7ec227754:24,GOOGL,v3,0xa519d4d25d99fdc37f7d284572d4403f57fb44ffbfcb3490e1479bf7ec227754,24,63754269,2026-09-15T15:13:35+00:00,2026-09-15,buy_stablecoin,123582768678589787,-42608005,0.123582768678589787,-42.608005,0,42.608005
4663:0x8b9babad437e92388a66f13a03db0ee998a96831c244d1620d88115810b65c51:21,post_effective,2026-09-15T15:00:42+00:00,2026-09-15T15:10:27+00:00,2026-09-15T15:20:12+00:00,4663:0xece67e88654a85a44afa5b97f211cea7f49efa20717f43b05820452ddee768f4:63,GOOGL,v3,0xece67e88654a85a44afa5b97f211cea7f49efa20717f43b05820452ddee768f4,63,63754465,2026-09-15T15:13:55+00:00,2026-09-15,buy_stock,-57350411899254689,19792659,-0.057350411899254689,19.792659,0.057350411899254689,0
4663:0x8b9babad437e92388a66f13a03db0ee998a96831c244d1620d88115810b65c51:21,post_effective,2026-09-15T15:00:42+00:00,2026-09-15T15:10:27+00:00,2026-09-15T15:20:12+00:00,4663:0x83e6ea30b33a6860a9e3942ccfffe1a327f54c93c18a795d81ca1abe1cf41920:76,GOOGL,v3,0x83e6ea30b33a6860a9e3942ccfffe1a327f54c93c18a795d81ca1abe1cf41920,76,63754475,2026-09-15T15:13:56+00:00,2026-09-15,buy_stock,-62256810157898451,21485954,-0.062256810157898451,21.485954,0.062256810157898451,0
4663:0x8b9babad437e92388a66f13a03db0ee998a96831c244d1620d88115810b65c51:21,post_effective,2026-09-15T15:00:42+00:00,2026-09-15T15:10:27+00:00,2026-09-15T15:20:12+00:00,4663:0x24681c6e0a83bdeefc2e28d9f58dbec799613984516c80c7e852b9e08661aad5:14,GOOGL,v3,0x24681c6e0a83bdeefc2e28d9f58dbec799613984516c80c7e852b9e08661aad5,14,63754477,2026-09-15T15:13:57+00:00,2026-09-15,buy_stock,-41504526302592414,14323970,-0.041504526302592414,14.32397,0.041504526302592414,0
4663:0x8b9babad437e92388a66f13a03db0ee998a96831c244d1620d88115810b65c51:21,post_effective,2026-09-15T15:00:42+00:00,2026-09-15T15:10:27+00:00,2026-09-15T15:20:12+00:00,4663:0x7035c86a7122098ba745d8b7d978d6eef0f240d3883f9d0178970772d824fe08:7,GOOGL,v3,0x7035c86a7122098ba745d8b7d978d6eef0f240d3883f9d0178970772d824fe08,7,63754510,2026-09-15T15:14:00+00:00,2026-09-15,buy_stock,-28226843925515274,9741602,-0.028226843925515274,9.741602,0.028226843925515274,0
4663:0x8b9babad437e92388a66f13a03db0ee998a96831c244d1620d88115810b65c51:21,post_effective,2026-09-15T15:00:42+00:00,2026-09-15T15:10:27+00:00,2026-09-15T15:20:12+00:00,4663:0x65bc1cda513c050d4fb63afa17fdf1590a14b3367a094b5ae9f219946368de1c:91,GOOGL,v3,0x65bc1cda513c050d4fb63afa17fdf1590a14b3367a094b5ae9f219946368de1c,91,63754593,2026-09-15T15:14:09+00:00,2026-09-15,buy_stablecoin,248276068682574367,-85598895,0.248276068682574367,-85.598895,0,85.598895
4663:0x8b9babad437e92388a66f13a03db0ee998a96831c244d1620d88115810b65c51:21,post_effective,2026-09-15T15:00:42+00:00,2026-09-15T15:10:27+00:00,2026-09-15T15:20:12+00:00,4663:0x5ae56ed6c44e36e472c77637d957b9e6bd59c6fd1a6eb543a21277cbfe057e56:161,GOOGL,v3,0x5ae56ed6c44e36e472c77637d957b9e6bd59c6fd1a6eb543a21277cbfe057e56,161,63754601,2026-09-15T15:14:09+00:00,2026-09-15,buy_stablecoin,12170612589426007,-4196095,0.012170612589426007,-4.196095,0,4.196095
4663:0x8b9babad437e92388a66f13a03db0ee998a96831c244d1620d88115810b65c51:21,post_effective,2026-09-15T15:00:42+00:00,2026-09-15T15:10:27+00:00,2026-09-15T15:20:12+00:00,4663:0x0b3c0146a95d08748db78f0612fe4c08acd8854216c1e819364e8eab515fa394:41,GOOGL,v3,0x0b3c0146a95d08748db78f0612fe4c08acd8854216c1e819364e8eab515fa394,41,63754678,2026-09-15T15:14:17+00:00,2026-09-15,buy_stablecoin,74067719391127333,-25536520,0.074067719391127333,-25.53652,0,25.53652
4663:0x8b9babad437e92388a66f13a03db0ee998a96831c244d1620d88115810b65c51:21,post_effective,2026-09-15T15:00:42+00:00,2026-09-15T15:10:27+00:00,2026-09-15T15:20:12+00:00,4663:0x04907ceaafb71c3d54b3b0b343f3e6b13d0655d57ea5afe110afbfc3f9b24bde:13,GOOGL,v3,0x04907ceaafb71c3d54b3b0b343f3e6b13d0655d57ea5afe110afbfc3f9b24bde,13,63754698,2026-09-15T15:14:19+00:00,2026-09-15,buy_stablecoin,47594056911783832,-16409119,0.047594056911783832,-16.409119,0,16.409119
4663:0x8b9babad437e92388a66f13a03db0ee998a96831c244d1620d88115810b65c51:21,post_effective,2026-09-15T15:00:42+00:00,2026-09-15T15:10:27+00:00,2026-09-15T15:20:12+00:00,4663:0xf321eafde402db913029e959e789f8eeca3db3cab1cb8f442e5330070976a75d:23,GOOGL,v3,0xf321eafde402db913029e959e789f8eeca3db3cab1cb8f442e5330070976a75d,23,63754815,2026-09-15T15:14:32+00:00,2026-09-15,buy_stablecoin,2169875970604946365,-748107398,2.169875970604946365,-748.107398,0,748.107398
4663:0x8b9babad437e92388a66f13a03db0ee998a96831c244d1620d88115810b65c51:21,post_effective,2026-09-15T15:00:42+00:00,2026-09-15T15:10:27+00:00,2026-09-15T15:20:12+00:00,4663:0x0e01ee712f9f271dd537faf78af1beb0b04517f7e7462cf92abc24d5f94e7ca9:12,GOOGL,v3,0x0e01ee712f9f271dd537faf78af1beb0b04517f7e7462cf92abc24d5f94e7ca9,12,63754817,2026-09-15T15:14:32+00:00,2026-09-15,buy_stablecoin,6507866788428470894,-2243643911,6.507866788428470894,-2243.643911,0,2243.643911
4663:0x8b9babad437e92388a66f13a03db0ee998a96831c244d1620d88115810b65c51:21,post_effective,2026-09-15T15:00:42+00:00,2026-09-15T15:10:27+00:00,2026-09-15T15:20:12+00:00,4663:0x65cec3c331f63af26b66b0ebaf5cc291c5b32456dd2838b7a8d8aa28c57c61e8:17,GOOGL,v3,0x65cec3c331f63af26b66b0ebaf5cc291c5b32456dd2838b7a8d8aa28c57c61e8,17,63754858,2026-09-15T15:14:36+00:00,2026-09-15,buy_stablecoin,6562019423473100529,-2262205529,6.562019423473100529,-2262.205529,0,2262.205529
4663:0x8b9babad437e92388a66f13a03db0ee998a96831c244d1620d88115810b65c51:21,post_effective,2026-09-15T15:00:42+00:00,2026-09-15T15:10:27+00:00,2026-09-15T15:20:12+00:00,4663:0x773b7bab67cce8cd6a6c1b6a9197f33a08aa26dca432855aa988b513d6716c67:78,GOOGL,v3,0x773b7bab67cce8cd6a6c1b6a9197f33a08aa26dca432855aa988b513d6716c67,78,63754869,2026-09-15T15:14:37+00:00,2026-09-15,buy_stablecoin,15790070028514038,-5443373,0.015790070028514038,-5.443373,0,5.443373
4663:0x8b9babad437e92388a66f13a03db0ee998a96831c244d1620d88115810b65c51:21,post_effective,2026-09-15T15:00:42+00:00,2026-09-15T15:10:27+00:00,2026-09-15T15:20:12+00:00,4663:0x24d447133cdd2344eebdce7b75abea7b7f3d9368f935002dff004bd88fab31f9:90,GOOGL,v3,0x24d447133cdd2344eebdce7b75abea7b7f3d9368f935002dff004bd88fab31f9,90,63754884,2026-09-15T15:14:39+00:00,2026-09-15,buy_stock,-1729195616827910576,596712814,-1.729195616827910576,596.712814,1.729195616827910576,0
4663:0x8b9babad437e92388a66f13a03db0ee998a96831c244d1620d88115810b65c51:21,post_effective,2026-09-15T15:00:42+00:00,2026-09-15T15:10:27+00:00,2026-09-15T15:20:12+00:00,4663:0x4420b15823122ef4f819a184f6d753acf3ab5aa43d0abed7af4c7ae81203e871:51,GOOGL,v3,0x4420b15823122ef4f819a184f6d753acf3ab5aa43d0abed7af4c7ae81203e871,51,63754918,2026-09-15T15:14:43+00:00,2026-09-15,buy_stablecoin,8110300970735245312,-2795848839,8.110300970735245312,-2795.848839,0,2795.848839
4663:0x8b9babad437e92388a66f13a03db0ee998a96831c244d1620d88115810b65c51:21,post_effective,2026-09-15T15:00:42+00:00,2026-09-15T15:10:27+00:00,2026-09-15T15:20:12+00:00,4663:0x7b71f69ddfa8066dafc724fd0b10d1097979c40a432bb320c3b00f822f0c33f1:19,GOOGL,v3,0x7b71f69ddfa8066dafc724fd0b10d1097979c40a432bb320c3b00f822f0c33f1,19,63754919,2026-09-15T15:14:43+00:00,2026-09-15,buy_stablecoin,2918419472317899198,-1006020752,2.918419472317899198,-1006.020752,0,1006.020752
4663:0x8b9babad437e92388a66f13a03db0ee998a96831c244d1620d88115810b65c51:21,post_effective,2026-09-15T15:00:42+00:00,2026-09-15T15:10:27+00:00,2026-09-15T15:20:12+00:00,4663:0xb26fd7d95705e372d992aa763ffb9a1ffa8d72d467be3b8d89d17cc212ea649c:38,GOOGL,v3,0xb26fd7d95705e372d992aa763ffb9a1ffa8d72d467be3b8d89d17cc212ea649c,38,63754920,2026-09-15T15:14:43+00:00,2026-09-15,buy_stablecoin,5905223642548112852,-2035549097,5.905223642548112852,-2035.549097,0,2035.549097
4663:0x8b9babad437e92388a66f13a03db0ee998a96831c244d1620d88115810b65c51:21,post_effective,2026-09-15T15:00:42+00:00,2026-09-15T15:10:27+00:00,2026-09-15T15:20:12+00:00,4663:0xe2d9b35b03eb3cc947deec3f906d7f8d908e1d63dd4e9fa96e95227c65f80619:8,GOOGL,v3,0xe2d9b35b03eb3cc947deec3f906d7f8d908e1d63dd4e9fa96e95227c65f80619,8,63754931,2026-09-15T15:14:44+00:00,2026-09-15,buy_stablecoin,5067852657337574400,-1746834698,5.0678526573375744,-1746.834698,0,1746.834698
4663:0x8b9babad437e92388a66f13a03db0ee998a96831c244d1620d88115810b65c51:21,post_effective,2026-09-15T15:00:42+00:00,2026-09-15T15:10:27+00:00,2026-09-15T15:20:12+00:00,4663:0x90e377aafd10e079f092aeeb1325e438875fd46a1032b7254c0a3cf761e51588:32,GOOGL,v3,0x90e377aafd10e079f092aeeb1325e438875fd46a1032b7254c0a3cf761e51588,32,63754932,2026-09-15T15:14:44+00:00,2026-09-15,buy_stablecoin,4676102958749894187,-1611742221,4.676102958749894187,-1611.742221,0,1611.742221
4663:0x8b9babad437e92388a66f13a03db0ee998a96831c244d1620d88115810b65c51:21,post_effective,2026-09-15T15:00:42+00:00,2026-09-15T15:10:27+00:00,2026-09-15T15:20:12+00:00,4663:0xa94e7fc82ee7dd8f5efd3d6b481479b9dc6db1f3c946be687622dd625d1a120b:27,GOOGL,v3,0xa94e7fc82ee7dd8f5efd3d6b481479b9dc6db1f3c946be687622dd625d1a120b,27,63754933,2026-09-15T15:14:44+00:00,2026-09-15,buy_stablecoin,2014655250563721888,-694381859,2.014655250563721888,-694.381859,0,694.381859
4663:0x8b9babad437e92388a66f13a03db0ee998a96831c244d1620d88115810b65c51:21,post_effective,2026-09-15T15:00:42+00:00,2026-09-15T15:10:27+00:00,2026-09-15T15:20:12+00:00,4663:0xaa84150ae10b69741619f316e5c36f242e5fc7cc97c99aeb58313c10fb7484f5:13,GOOGL,v3,0xaa84150ae10b69741619f316e5c36f242e5fc7cc97c99aeb58313c10fb7484f5,13,63755106,2026-09-15T15:15:02+00:00,2026-09-15,buy_stablecoin,11834086067997591552,-4078520029,11.834086067997591552,-4078.520029,0,4078.520029
4663:0x8b9babad437e92388a66f13a03db0ee998a96831c244d1620d88115810b65c51:21,post_effective,2026-09-15T15:00:42+00:00,2026-09-15T15:10:27+00:00,2026-09-15T15:20:12+00:00,4663:0x342fbe2afff4e0e3ba8e67db4c1681b01f0531e6648b80bad9e64d9575da546e:10,GOOGL,v3,0x342fbe2afff4e0e3ba8e67db4c1681b01f0531e6648b80bad9e64d9575da546e,10,63755107,2026-09-15T15:15:02+00:00,2026-09-15,buy_stablecoin,13841847524818999,-4770198,0.013841847524818999,-4.770198,0,4.770198
4663:0x8b9babad437e92388a66f13a03db0ee998a96831c244d1620d88115810b65c51:21,post_effective,2026-09-15T15:00:42+00:00,2026-09-15T15:10:27+00:00,2026-09-15T15:20:12+00:00,4663:0x91495e8efd4101bd663cc97edfa0119c4a0958c3c928557fcf8cfff5e9393207:27,GOOGL,v3,0x91495e8efd4101bd663cc97edfa0119c4a0958c3c928557fcf8cfff5e9393207,27,63755312,2026-09-15T15:15:24+00:00,2026-09-15,buy_stock,-8612369187794487420,2971104631,-8.61236918779448742,2971.104631,8.61236918779448742,0
4663:0x8b9babad437e92388a66f13a03db0ee998a96831c244d1620d88115810b65c51:21,post_effective,2026-09-15T15:00:42+00:00,2026-09-15T15:10:27+00:00,2026-09-15T15:20:12+00:00,4663:0xceae7a05ce615b061db7ced3d8f0480e5ddec2c588804d8b60e809fb55f00c8f:15,GOOGL,v3,0xceae7a05ce615b061db7ced3d8f0480e5ddec2c588804d8b60e809fb55f00c8f,15,63755377,2026-09-15T15:15:30+00:00,2026-09-15,buy_stablecoin,147788081485952182,-50935259,0.147788081485952182,-50.935259,0,50.935259
4663:0x8b9babad437e92388a66f13a03db0ee998a96831c244d1620d88115810b65c51:21,post_effective,2026-09-15T15:00:42+00:00,2026-09-15T15:10:27+00:00,2026-09-15T15:20:12+00:00,4663:0xf55244d278b2c79d8e2c41158859ac53616185597642f0a0515003f3d94d51a7:39,GOOGL,v3,0xf55244d278b2c79d8e2c41158859ac53616185597642f0a0515003f3d94d51a7,39,63755433,2026-09-15T15:15:36+00:00,2026-09-15,buy_stablecoin,6073256855131560575,-2093090048,6.073256855131560575,-2093.090048,0,2093.090048
4663:0x8b9babad437e92388a66f13a03db0ee998a96831c244d1620d88115810b65c51:21,post_effective,2026-09-15T15:00:42+00:00,2026-09-15T15:10:27+00:00,2026-09-15T15:20:12+00:00,4663:0x1fcb4c49a2b9b9cec9d2107f5d984599ca91e3ddbcf5cc6357d78702e300b97f:49,GOOGL,v3,0x1fcb4c49a2b9b9cec9d2107f5d984599ca91e3ddbcf5cc6357d78702e300b97f,49,63755608,2026-09-15T15:15:54+00:00,2026-09-15,buy_stock,-42590408978108922,14692647,-0.042590408978108922,14.692647,0.042590408978108922,0
4663:0x8b9babad437e92388a66f13a03db0ee998a96831c244d1620d88115810b65c51:21,post_effective,2026-09-15T15:00:42+00:00,2026-09-15T15:10:27+00:00,2026-09-15T15:20:12+00:00,4663:0x29016f9beb4a1d65458fff0e88a2d9ad0a50e6ced90fcf3c83cc6b06a0398181:25,GOOGL,v3,0x29016f9beb4a1d65458fff0e88a2d9ad0a50e6ced90fcf3c83cc6b06a0398181,25,63755704,2026-09-15T15:16:04+00:00,2026-09-15,buy_stablecoin,9050622491005084672,-3118987693,9.050622491005084672,-3118.987693,0,3118.987693
4663:0x8b9babad437e92388a66f13a03db0ee998a96831c244d1620d88115810b65c51:21,post_effective,2026-09-15T15:00:42+00:00,2026-09-15T15:10:27+00:00,2026-09-15T15:20:12+00:00,4663:0xc92f2765f78ca2135ec57f52d146aca03433ba2974323ad174d2f19b255eadf6:3,GOOGL,v3,0xc92f2765f78ca2135ec57f52d146aca03433ba2974323ad174d2f19b255eadf6,3,63755707,2026-09-15T15:16:04+00:00,2026-09-15,buy_stablecoin,4479665179045147136,-1543664184,4.479665179045147136,-1543.664184,0,1543.664184
4663:0x8b9babad437e92388a66f13a03db0ee998a96831c244d1620d88115810b65c51:21,post_effective,2026-09-15T15:00:42+00:00,2026-09-15T15:10:27+00:00,2026-09-15T15:20:12+00:00,4663:0x13966a4b8e9780bc8ff0fb4f68f8e31940ce51411adb444b416f7d15531f087a:3,GOOGL,v3,0x13966a4b8e9780bc8ff0fb4f68f8e31940ce51411adb444b416f7d15531f087a,3,63755708,2026-09-15T15:16:05+00:00,2026-09-15,buy_stablecoin,2950143055424351660,-1016564660,2.95014305542435166,-1016.56466,0,1016.56466
4663:0x8b9babad437e92388a66f13a03db0ee998a96831c244d1620d88115810b65c51:21,post_effective,2026-09-15T15:00:42+00:00,2026-09-15T15:10:27+00:00,2026-09-15T15:20:12+00:00,4663:0x8b9e15507900e5932d075c12e0b8b39ade9b1497515c2b2b07c6e394309127de:64,GOOGL,v3,0x8b9e15507900e5932d075c12e0b8b39ade9b1497515c2b2b07c6e394309127de,64,63755741,2026-09-15T15:16:08+00:00,2026-09-15,buy_stablecoin,4644831957029452489,-1600465279,4.644831957029452489,-1600.465279,0,1600.465279
4663:0x8b9babad437e92388a66f13a03db0ee998a96831c244d1620d88115810b65c51:21,post_effective,2026-09-15T15:00:42+00:00,2026-09-15T15:10:27+00:00,2026-09-15T15:20:12+00:00,4663:0xcbaf72b7ceb4522314832629ff8bee8e1af6e4ec3393a38a78c03dc1368eda2d:17,GOOGL,v3,0xcbaf72b7ceb4522314832629ff8bee8e1af6e4ec3393a38a78c03dc1368eda2d,17,63755842,2026-09-15T15:16:18+00:00,2026-09-15,buy_stablecoin,1012832445936939404,-348981314,1.012832445936939404,-348.981314,0,348.981314
4663:0x8b9babad437e92388a66f13a03db0ee998a96831c244d1620d88115810b65c51:21,post_effective,2026-09-15T15:00:42+00:00,2026-09-15T15:10:27+00:00,2026-09-15T15:20:12+00:00,4663:0xc9834047555c68e8fb358342d98743dc2b5a45985f1ef60c1b0b4874ae71ceef:139,GOOGL,v3,0xc9834047555c68e8fb358342d98743dc2b5a45985f1ef60c1b0b4874ae71ceef,139,63756420,2026-09-15T15:17:19+00:00,2026-09-15,buy_stablecoin,25419646501171704,-8758544,0.025419646501171704,-8.758544,0,8.758544
4663:0x8b9babad437e92388a66f13a03db0ee998a96831c244d1620d88115810b65c51:21,post_effective,2026-09-15T15:00:42+00:00,2026-09-15T15:10:27+00:00,2026-09-15T15:20:12+00:00,4663:0x5535575cc501d2c56ac442e2905d0e04af75c5d8c66cb35ad339c3bfd174f2f2:34,GOOGL,v3,0x5535575cc501d2c56ac442e2905d0e04af75c5d8c66cb35ad339c3bfd174f2f2,34,63756650,2026-09-15T15:17:43+00:00,2026-09-15,buy_stock,-5899253401565478,2034670,-0.005899253401565478,2.03467,0.005899253401565478,0
4663:0x8b9babad437e92388a66f13a03db0ee998a96831c244d1620d88115810b65c51:21,post_effective,2026-09-15T15:00:42+00:00,2026-09-15T15:10:27+00:00,2026-09-15T15:20:12+00:00,4663:0x4c45ddd1a897bd8afb2f579506b23552dedab0eb3be51f5d2e80e60278d3fa6f:129,GOOGL,v3,0x4c45ddd1a897bd8afb2f579506b23552dedab0eb3be51f5d2e80e60278d3fa6f,129,63756683,2026-09-15T15:17:46+00:00,2026-09-15,buy_stablecoin,10734192840532915,-3698552,0.010734192840532915,-3.698552,0,3.698552
4663:0x8b9babad437e92388a66f13a03db0ee998a96831c244d1620d88115810b65c51:21,post_effective,2026-09-15T15:00:42+00:00,2026-09-15T15:10:27+00:00,2026-09-15T15:20:12+00:00,4663:0x7b11c4704789cc7b2966a1c0c2e8fb5330cd635de74a1606a59feb8ad9602da6:30,GOOGL,v3,0x7b11c4704789cc7b2966a1c0c2e8fb5330cd635de74a1606a59feb8ad9602da6,30,63757037,2026-09-15T15:18:24+00:00,2026-09-15,buy_stock,-315424888829086698,108791100,-0.315424888829086698,108.7911,0.315424888829086698,0
4663:0x8b9babad437e92388a66f13a03db0ee998a96831c244d1620d88115810b65c51:21,post_effective,2026-09-15T15:00:42+00:00,2026-09-15T15:10:27+00:00,2026-09-15T15:20:12+00:00,4663:0xc636ed2dce893cf1e97880b74cf9cf65d859e185c3a26fdfec787127df716981:28,GOOGL,v3,0xc636ed2dce893cf1e97880b74cf9cf65d859e185c3a26fdfec787127df716981,28,63757448,2026-09-15T15:19:07+00:00,2026-09-15,buy_stock,-1391522277865594856,479944587,-1.391522277865594856,479.944587,1.391522277865594856,0
4663:0x8b9babad437e92388a66f13a03db0ee998a96831c244d1620d88115810b65c51:21,post_effective,2026-09-15T15:00:42+00:00,2026-09-15T15:10:27+00:00,2026-09-15T15:20:12+00:00,4663:0x58809ec831717b7f9a6db031853b0564eeeab14de69693975549ae6607f6b60c:50,GOOGL,v3,0x58809ec831717b7f9a6db031853b0564eeeab14de69693975549ae6607f6b60c,50,63757790,2026-09-15T15:19:40+00:00,2026-09-15,buy_stablecoin,68240274493541360,-23513107,0.06824027449354136,-23.513107,0,23.513107
4663:0x8b9babad437e92388a66f13a03db0ee998a96831c244d1620d88115810b65c51:21,post_effective,2026-09-15T15:00:42+00:00,2026-09-15T15:10:27+00:00,2026-09-15T15:20:12+00:00,4663:0xafc62668b904c113fad6539c9680ffab99ec1eb8ceed917c84ff4bffb6fd95aa:33,GOOGL,v3,0xafc62668b904c113fad6539c9680ffab99ec1eb8ceed917c84ff4bffb6fd95aa,33,63757838,2026-09-15T15:19:45+00:00,2026-09-15,buy_stablecoin,794388436873537700,-273716133,0.7943884368735377,-273.716133,0,273.716133
4663:0x8b9babad437e92388a66f13a03db0ee998a96831c244d1620d88115810b65c51:21,post_effective,2026-09-15T15:00:42+00:00,2026-09-15T15:10:27+00:00,2026-09-15T15:20:12+00:00,4663:0x1c859fb8bc2bfedf40d59719fb275cf378a03b267895dfde3d488b94979545bf:3,GOOGL,v3,0x1c859fb8bc2bfedf40d59719fb275cf378a03b267895dfde3d488b94979545bf,3,63757915,2026-09-15T15:19:53+00:00,2026-09-15,buy_stablecoin,5460926802684554240,-1881572353,5.46092680268455424,-1881.572353,0,1881.572353
4663:0x8b9babad437e92388a66f13a03db0ee998a96831c244d1620d88115810b65c51:21,post_effective,2026-09-15T15:00:42+00:00,2026-09-15T15:10:27+00:00,2026-09-15T15:20:12+00:00,4663:0x3f5c97cb69ae34c4a6652fbfc4fc329865015b159b18d0e64c671b4b7e160b61:10,GOOGL,v3,0x3f5c97cb69ae34c4a6652fbfc4fc329865015b159b18d0e64c671b4b7e160b61,10,63758047,2026-09-15T15:20:06+00:00,2026-09-15,buy_stablecoin,5865140477612963840,-2020736109,5.86514047761296384,-2020.736109,0,2020.736109
4663:0x8b9babad437e92388a66f13a03db0ee998a96831c244d1620d88115810b65c51:21,post_effective,2026-09-15T15:00:42+00:00,2026-09-15T15:10:27+00:00,2026-09-15T15:20:12+00:00,4663:0x17862de859faeea85ad72b1f54fc96e098b68f09af0ae3e62181a1a7f03b6643:97,GOOGL,v3,0x17862de859faeea85ad72b1f54fc96e098b68f09af0ae3e62181a1a7f03b6643,97,63758048,2026-09-15T15:20:06+00:00,2026-09-15,buy_stablecoin,11571749299358758,-3986741,0.011571749299358758,-3.986741,0,3.986741
4663:0x8b9babad437e92388a66f13a03db0ee998a96831c244d1620d88115810b65c51:21,post_effective,2026-09-15T15:00:42+00:00,2026-09-15T15:10:27+00:00,2026-09-15T15:20:12+00:00,4663:0xe12a4c590134bf9c326d1606fdd401955a1ed03cd7527b6887135ede9b84c2dc:262,GOOGL,v3,0xe12a4c590134bf9c326d1606fdd401955a1ed03cd7527b6887135ede9b84c2dc,262,63758104,2026-09-15T15:20:12+00:00,2026-09-15,buy_stablecoin,6506951472968319873,-2241729260,6.506951472968319873,-2241.72926,0,2241.72926
4663:0x4df2fb31b1e2a4804e73bc8121b0186f3d56d642980de79f77c6fb55c8c82800:66,pre_effective,2026-09-11T15:01:46+00:00,2026-09-11T15:10:30+00:00,2026-09-11T15:19:14+00:00,4663:0xfff4eec620cbfdd459711e991f59116ecd89693ccf37fc45df4ea76d5e4b0cae:101,MSFT,v3,0xfff4eec620cbfdd459711e991f59116ecd89693ccf37fc45df4ea76d5e4b0cae,101,60346955,2026-09-11T15:01:52+00:00,2026-09-11,buy_stablecoin,-153689257,311846410034558913,0.311846410034558913,-153.689257,0,153.689257
4663:0x4df2fb31b1e2a4804e73bc8121b0186f3d56d642980de79f77c6fb55c8c82800:66,pre_effective,2026-09-11T15:01:46+00:00,2026-09-11T15:10:30+00:00,2026-09-11T15:19:14+00:00,4663:0x0acaedc281e63fb30c504673e82a24bb97336147d2e7204bd865fa94913a880d:108,MSFT,v3,0x0acaedc281e63fb30c504673e82a24bb97336147d2e7204bd865fa94913a880d,108,60346964,2026-09-11T15:01:53+00:00,2026-09-11,buy_stablecoin,-3457757,7016087641210648,0.007016087641210648,-3.457757,0,3.457757
4663:0x4df2fb31b1e2a4804e73bc8121b0186f3d56d642980de79f77c6fb55c8c82800:66,pre_effective,2026-09-11T15:01:46+00:00,2026-09-11T15:10:30+00:00,2026-09-11T15:19:14+00:00,4663:0x696361383269a715e7c4db6b10544ac08104f953f1bc911fc744b9bd869b7ec2:10,MSFT,v3,0x696361383269a715e7c4db6b10544ac08104f953f1bc911fc744b9bd869b7ec2,10,60347063,2026-09-11T15:02:03+00:00,2026-09-11,buy_stablecoin,-204996890,415960402642114638,0.415960402642114638,-204.99689,0,204.99689
4663:0x4df2fb31b1e2a4804e73bc8121b0186f3d56d642980de79f77c6fb55c8c82800:66,pre_effective,2026-09-11T15:01:46+00:00,2026-09-11T15:10:30+00:00,2026-09-11T15:19:14+00:00,4663:0xf7171d66cd3e7dca41b66edc47fefe78b722cd17e72fce6ccd9e6adb645d8938:27,MSFT,v3,0xf7171d66cd3e7dca41b66edc47fefe78b722cd17e72fce6ccd9e6adb645d8938,27,60347079,2026-09-11T15:02:05+00:00,2026-09-11,buy_stablecoin,-101376304,205706229385387173,0.205706229385387173,-101.376304,0,101.376304
4663:0x4df2fb31b1e2a4804e73bc8121b0186f3d56d642980de79f77c6fb55c8c82800:66,pre_effective,2026-09-11T15:01:46+00:00,2026-09-11T15:10:30+00:00,2026-09-11T15:19:14+00:00,4663:0xbe63c3c2aabffd1bdad4a9dd879ff85066a2c41b92589a90056e4d77edf5ce80:45,MSFT,v3,0xbe63c3c2aabffd1bdad4a9dd879ff85066a2c41b92589a90056e4d77edf5ce80,45,60347079,2026-09-11T15:02:05+00:00,2026-09-11,buy_stablecoin,-204740166,415451472000023769,0.415451472000023769,-204.740166,0,204.740166
4663:0x4df2fb31b1e2a4804e73bc8121b0186f3d56d642980de79f77c6fb55c8c82800:66,pre_effective,2026-09-11T15:01:46+00:00,2026-09-11T15:10:30+00:00,2026-09-11T15:19:14+00:00,4663:0xdce6af38632b969ccfa89d6d52ab1531a9688f71c147c47ea3d82c82ebdae323:10,MSFT,v3,0xdce6af38632b969ccfa89d6d52ab1531a9688f71c147c47ea3d82c82ebdae323,10,60347122,2026-09-11T15:02:09+00:00,2026-09-11,buy_stablecoin,-92742886,188193209072397029,0.188193209072397029,-92.742886,0,92.742886
4663:0x4df2fb31b1e2a4804e73bc8121b0186f3d56d642980de79f77c6fb55c8c82800:66,pre_effective,2026-09-11T15:01:46+00:00,2026-09-11T15:10:30+00:00,2026-09-11T15:19:14+00:00,4663:0x3a40e29557a7d64ff67fc8c3c5e80c83c27d138fcee2833730c1b81cda46d464:57,MSFT,v3,0x3a40e29557a7d64ff67fc8c3c5e80c83c27d138fcee2833730c1b81cda46d464,57,60347214,2026-09-11T15:02:19+00:00,2026-09-11,buy_stablecoin,-252122477,511613458688689647,0.511613458688689647,-252.122477,0,252.122477
4663:0x4df2fb31b1e2a4804e73bc8121b0186f3d56d642980de79f77c6fb55c8c82800:66,pre_effective,2026-09-11T15:01:46+00:00,2026-09-11T15:10:30+00:00,2026-09-11T15:19:14+00:00,4663:0xd79d2379d9c81404777dcbbff609608ff6cecb1eb7b2ba3269706984f97d7521:110,MSFT,v3,0xd79d2379d9c81404777dcbbff609608ff6cecb1eb7b2ba3269706984f97d7521,110,60347451,2026-09-11T15:02:43+00:00,2026-09-11,buy_stablecoin,-1683830,3416913833556350,0.00341691383355635,-1.68383,0,1.68383
4663:0x4df2fb31b1e2a4804e73bc8121b0186f3d56d642980de79f77c6fb55c8c82800:66,pre_effective,2026-09-11T15:01:46+00:00,2026-09-11T15:10:30+00:00,2026-09-11T15:19:14+00:00,4663:0xc2cb75d03e895aa8732aa3964b16c45d9cd9a701aca99617d3d3542c4e1c0195:14,MSFT,v3,0xc2cb75d03e895aa8732aa3964b16c45d9cd9a701aca99617d3d3542c4e1c0195,14,60347583,2026-09-11T15:02:57+00:00,2026-09-11,buy_stablecoin,-152444175,309349613179063730,0.30934961317906373,-152.444175,0,152.444175
4663:0x4df2fb31b1e2a4804e73bc8121b0186f3d56d642980de79f77c6fb55c8c82800:66,pre_effective,2026-09-11T15:01:46+00:00,2026-09-11T15:10:30+00:00,2026-09-11T15:19:14+00:00,4663:0xafae4470ef82c8487d008352a1f7d3f5fa4b4c8d8821507d8be4132bdcdce27b:45,MSFT,v3,0xafae4470ef82c8487d008352a1f7d3f5fa4b4c8d8821507d8be4132bdcdce27b,45,60347654,2026-09-11T15:03:04+00:00,2026-09-11,buy_stablecoin,-1162483,2359004938562092,0.002359004938562092,-1.162483,0,1.162483
4663:0x4df2fb31b1e2a4804e73bc8121b0186f3d56d642980de79f77c6fb55c8c82800:66,pre_effective,2026-09-11T15:01:46+00:00,2026-09-11T15:10:30+00:00,2026-09-11T15:19:14+00:00,4663:0xf403cbbfa5eed478877efb51f40cee867c52a6ad0a72a3a7c5e3e4a0fabef6f3:107,MSFT,v3,0xf403cbbfa5eed478877efb51f40cee867c52a6ad0a72a3a7c5e3e4a0fabef6f3,107,60347671,2026-09-11T15:03:06+00:00,2026-09-11,buy_stablecoin,-1651107,3350558394446840,0.00335055839444684,-1.651107,0,1.651107
4663:0x4df2fb31b1e2a4804e73bc8121b0186f3d56d642980de79f77c6fb55c8c82800:66,pre_effective,2026-09-11T15:01:46+00:00,2026-09-11T15:10:30+00:00,2026-09-11T15:19:14+00:00,4663:0x3829e6e584cbb8f515b6fdc0b901ebb7d48f0a4273abd65bcf10ab3226248823:29,MSFT,v3,0x3829e6e584cbb8f515b6fdc0b901ebb7d48f0a4273abd65bcf10ab3226248823,29,60347673,2026-09-11T15:03:06+00:00,2026-09-11,buy_stablecoin,-12936521,26251841060138379,0.026251841060138379,-12.936521,0,12.936521
4663:0x4df2fb31b1e2a4804e73bc8121b0186f3d56d642980de79f77c6fb55c8c82800:66,pre_effective,2026-09-11T15:01:46+00:00,2026-09-11T15:10:30+00:00,2026-09-11T15:19:14+00:00,4663:0xf5b9a62180f72ee63cb6775a5d8881a846f98fc8eec2e5b11712e7082c88d17f:99,MSFT,v3,0xf5b9a62180f72ee63cb6775a5d8881a846f98fc8eec2e5b11712e7082c88d17f,99,60347755,2026-09-11T15:03:15+00:00,2026-09-11,buy_stock,4449356,-8974903697884813,-0.008974903697884813,4.449356,0.008974903697884813,0
4663:0x4df2fb31b1e2a4804e73bc8121b0186f3d56d642980de79f77c6fb55c8c82800:66,pre_effective,2026-09-11T15:01:46+00:00,2026-09-11T15:10:30+00:00,2026-09-11T15:19:14+00:00,4663:0x47efd4507cd7299e7e52a16e2c1cc1af64440a88a4fd21820e307428741f71ed:102,MSFT,v3,0x47efd4507cd7299e7e52a16e2c1cc1af64440a88a4fd21820e307428741f71ed,102,60347783,2026-09-11T15:03:17+00:00,2026-09-11,buy_stablecoin,-308158245,625348947978629517,0.625348947978629517,-308.158245,0,308.158245
4663:0x4df2fb31b1e2a4804e73bc8121b0186f3d56d642980de79f77c6fb55c8c82800:66,pre_effective,2026-09-11T15:01:46+00:00,2026-09-11T15:10:30+00:00,2026-09-11T15:19:14+00:00,4663:0x3d4ae5d4dfd555ec85302dc7a0ff80f9cad2f5e1116b929d48d7b5bf08abb89d:78,MSFT,v3,0x3d4ae5d4dfd555ec85302dc7a0ff80f9cad2f5e1116b929d48d7b5bf08abb89d,78,60347804,2026-09-11T15:03:20+00:00,2026-09-11,buy_stablecoin,-125610673,254908344046976836,0.254908344046976836,-125.610673,0,125.610673
4663:0x4df2fb31b1e2a4804e73bc8121b0186f3d56d642980de79f77c6fb55c8c82800:66,pre_effective,2026-09-11T15:01:46+00:00,2026-09-11T15:10:30+00:00,2026-09-11T15:19:14+00:00,4663:0xd1afd1333b107f1b5be06d50ac704d6e13d8395f55bf5693337cfeee72a2c882:169,MSFT,v3,0xd1afd1333b107f1b5be06d50ac704d6e13d8395f55bf5693337cfeee72a2c882,169,60348031,2026-09-11T15:03:43+00:00,2026-09-11,buy_stablecoin,-187345831,380196352219268112,0.380196352219268112,-187.345831,0,187.345831
4663:0x4df2fb31b1e2a4804e73bc8121b0186f3d56d642980de79f77c6fb55c8c82800:66,pre_effective,2026-09-11T15:01:46+00:00,2026-09-11T15:10:30+00:00,2026-09-11T15:19:14+00:00,4663:0xc2923f7260d32668547285232c5340e0a997b09963498501f2465f6e095d0f46:134,MSFT,v3,0xc2923f7260d32668547285232c5340e0a997b09963498501f2465f6e095d0f46,134,60348036,2026-09-11T15:03:44+00:00,2026-09-11,buy_stablecoin,-84625251,171739205704798718,0.171739205704798718,-84.625251,0,84.625251
4663:0x4df2fb31b1e2a4804e73bc8121b0186f3d56d642980de79f77c6fb55c8c82800:66,pre_effective,2026-09-11T15:01:46+00:00,2026-09-11T15:10:30+00:00,2026-09-11T15:19:14+00:00,4663:0x72aa4cc7caa36b133d630aadb9a681ee882c6dd0d7d49e0893bdea291d098e5e:15,MSFT,v3,0x72aa4cc7caa36b133d630aadb9a681ee882c6dd0d7d49e0893bdea291d098e5e,15,60348046,2026-09-11T15:03:45+00:00,2026-09-11,buy_stablecoin,-87017306,176595091828303814,0.176595091828303814,-87.017306,0,87.017306
4663:0x4df2fb31b1e2a4804e73bc8121b0186f3d56d642980de79f77c6fb55c8c82800:66,pre_effective,2026-09-11T15:01:46+00:00,2026-09-11T15:10:30+00:00,2026-09-11T15:19:14+00:00,4663:0xf1ba25fd7d0842d6e8aa8cfe96fdd91608c1ab66b259b3cd4b0b336ce7e68d2c:63,MSFT,v3,0xf1ba25fd7d0842d6e8aa8cfe96fdd91608c1ab66b259b3cd4b0b336ce7e68d2c,63,60348105,2026-09-11T15:03:51+00:00,2026-09-11,buy_stablecoin,-243591334,494358028111328599,0.494358028111328599,-243.591334,0,243.591334
4663:0x4df2fb31b1e2a4804e73bc8121b0186f3d56d642980de79f77c6fb55c8c82800:66,pre_effective,2026-09-11T15:01:46+00:00,2026-09-11T15:10:30+00:00,2026-09-11T15:19:14+00:00,4663:0x71ab77e41f0f635f4df01a9c582e1e5f43fa6bb9dc4e02d7f23c951c480df2ec:164,MSFT,v3,0x71ab77e41f0f635f4df01a9c582e1e5f43fa6bb9dc4e02d7f23c951c480df2ec,164,60348129,2026-09-11T15:03:54+00:00,2026-09-11,buy_stablecoin,-271334928,550675808271284410,0.55067580827128441,-271.334928,0,271.334928
4663:0x4df2fb31b1e2a4804e73bc8121b0186f3d56d642980de79f77c6fb55c8c82800:66,pre_effective,2026-09-11T15:01:46+00:00,2026-09-11T15:10:30+00:00,2026-09-11T15:19:14+00:00,4663:0x5a1740f4bc8d56386e0e19183a6e66f3c81d436f67c03b0a0619711f609bf376:51,MSFT,v3,0x5a1740f4bc8d56386e0e19183a6e66f3c81d436f67c03b0a0619711f609bf376,51,60348158,2026-09-11T15:03:57+00:00,2026-09-11,buy_stablecoin,-120407997,244373239416563255,0.244373239416563255,-120.407997,0,120.407997
4663:0x4df2fb31b1e2a4804e73bc8121b0186f3d56d642980de79f77c6fb55c8c82800:66,pre_effective,2026-09-11T15:01:46+00:00,2026-09-11T15:10:30+00:00,2026-09-11T15:19:14+00:00,4663:0x7efb0f8b26c80b4cdf63292ca4ecf9aaad17fd7c7655853379669b7197c7ab7f:73,MSFT,v3,0x7efb0f8b26c80b4cdf63292ca4ecf9aaad17fd7c7655853379669b7197c7ab7f,73,60348168,2026-09-11T15:03:58+00:00,2026-09-11,buy_stablecoin,-62308129,126458131538637144,0.126458131538637144,-62.308129,0,62.308129
4663:0x4df2fb31b1e2a4804e73bc8121b0186f3d56d642980de79f77c6fb55c8c82800:66,pre_effective,2026-09-11T15:01:46+00:00,2026-09-11T15:10:30+00:00,2026-09-11T15:19:14+00:00,4663:0xb4eb24ffe9b68254e6d8a062bfedd6c870b21082a22828ee176b1671074ab667:16,MSFT,v3,0xb4eb24ffe9b68254e6d8a062bfedd6c870b21082a22828ee176b1671074ab667,16,60348188,2026-09-11T15:04:00+00:00,2026-09-11,buy_stock,8222493,-16588111994444132,-0.016588111994444132,8.222493,0.016588111994444132,0
4663:0x4df2fb31b1e2a4804e73bc8121b0186f3d56d642980de79f77c6fb55c8c82800:66,pre_effective,2026-09-11T15:01:46+00:00,2026-09-11T15:10:30+00:00,2026-09-11T15:19:14+00:00,4663:0xf4ccde48db5f371de886a28a5a74bd2b1e1f56b0b3187f60311100ff77a8c9e2:32,MSFT,v3,0xf4ccde48db5f371de886a28a5a74bd2b1e1f56b0b3187f60311100ff77a8c9e2,32,60348188,2026-09-11T15:04:00+00:00,2026-09-11,buy_stock,8181556,-16505513075485107,-0.016505513075485107,8.181556,0.016505513075485107,0
4663:0x4df2fb31b1e2a4804e73bc8121b0186f3d56d642980de79f77c6fb55c8c82800:66,pre_effective,2026-09-11T15:01:46+00:00,2026-09-11T15:10:30+00:00,2026-09-11T15:19:14+00:00,4663:0x36220216ec935dfe20e5906c4d8c22ae6954478b69281d4af08d52ca278f5e49:49,MSFT,v3,0x36220216ec935dfe20e5906c4d8c22ae6954478b69281d4af08d52ca278f5e49,49,60348188,2026-09-11T15:04:00+00:00,2026-09-11,buy_stock,9369141,-18901337167808937,-0.018901337167808937,9.369141,0.018901337167808937,0
4663:0x4df2fb31b1e2a4804e73bc8121b0186f3d56d642980de79f77c6fb55c8c82800:66,pre_effective,2026-09-11T15:01:46+00:00,2026-09-11T15:10:30+00:00,2026-09-11T15:19:14+00:00,4663:0xacd7980291a31fe7462800fbfebf744159258b5384ab0e86e78b304caa83c845:13,MSFT,v3,0xacd7980291a31fe7462800fbfebf744159258b5384ab0e86e78b304caa83c845,13,60348218,2026-09-11T15:04:03+00:00,2026-09-11,buy_stablecoin,-113302531,229955714474895346,0.229955714474895346,-113.302531,0,113.302531
4663:0x4df2fb31b1e2a4804e73bc8121b0186f3d56d642980de79f77c6fb55c8c82800:66,pre_effective,2026-09-11T15:01:46+00:00,2026-09-11T15:10:30+00:00,2026-09-11T15:19:14+00:00,4663:0xc716b377a7fe3bd4b22f250d318246a9106e53b2ca851a57708080e79efe45f1:90,MSFT,v3,0xc716b377a7fe3bd4b22f250d318246a9106e53b2ca851a57708080e79efe45f1,90,60348307,2026-09-11T15:04:12+00:00,2026-09-11,buy_stablecoin,-75617369,153472308201971062,0.153472308201971062,-75.617369,0,75.617369
4663:0x4df2fb31b1e2a4804e73bc8121b0186f3d56d642980de79f77c6fb55c8c82800:66,pre_effective,2026-09-11T15:01:46+00:00,2026-09-11T15:10:30+00:00,2026-09-11T15:19:14+00:00,4663:0x24f167af358039256a86cffa7e25fb323de62c9ecdc5211ceb1697235f156c24:23,MSFT,v3,0x24f167af358039256a86cffa7e25fb323de62c9ecdc5211ceb1697235f156c24,23,60348437,2026-09-11T15:04:26+00:00,2026-09-11,buy_stablecoin,-3269206,6635175322216801,0.006635175322216801,-3.269206,0,3.269206
4663:0x4df2fb31b1e2a4804e73bc8121b0186f3d56d642980de79f77c6fb55c8c82800:66,pre_effective,2026-09-11T15:01:46+00:00,2026-09-11T15:10:30+00:00,2026-09-11T15:19:14+00:00,4663:0xfabcd181701bdf58e8b5f4ae4a20376fdaba36e3b0d5687f4126ac1f1ce9f7da:117,MSFT,v3,0xfabcd181701bdf58e8b5f4ae4a20376fdaba36e3b0d5687f4126ac1f1ce9f7da,117,60348502,2026-09-11T15:04:32+00:00,2026-09-11,buy_stablecoin,-150428329,305311279786137570,0.30531127978613757,-150.428329,0,150.428329
4663:0x4df2fb31b1e2a4804e73bc8121b0186f3d56d642980de79f77c6fb55c8c82800:66,pre_effective,2026-09-11T15:01:46+00:00,2026-09-11T15:10:30+00:00,2026-09-11T15:19:14+00:00,4663:0xba3571eb7f2e4b78a828e19af52467ea159b4afd73949f70e34fb5b9605baebb:114,MSFT,v3,0xba3571eb7f2e4b78a828e19af52467ea159b4afd73949f70e34fb5b9605baebb,114,60348806,2026-09-11T15:05:03+00:00,2026-09-11,buy_stablecoin,-18370722,37285751887097359,0.037285751887097359,-18.370722,0,18.370722
4663:0x4df2fb31b1e2a4804e73bc8121b0186f3d56d642980de79f77c6fb55c8c82800:66,pre_effective,2026-09-11T15:01:46+00:00,2026-09-11T15:10:30+00:00,2026-09-11T15:19:14+00:00,4663:0x9d92f5822a3a858576c1b47f244df94cd9beb42f1e78d1810097286391498ab8:71,MSFT,v3,0x9d92f5822a3a858576c1b47f244df94cd9beb42f1e78d1810097286391498ab8,71,60349036,2026-09-11T15:05:29+00:00,2026-09-11,buy_stablecoin,-17616079,35754167338540579,0.035754167338540579,-17.616079,0,17.616079
4663:0x4df2fb31b1e2a4804e73bc8121b0186f3d56d642980de79f77c6fb55c8c82800:66,pre_effective,2026-09-11T15:01:46+00:00,2026-09-11T15:10:30+00:00,2026-09-11T15:19:14+00:00,4663:0xa0d36fe8710d864780d25482048a588e7ff5dd9ddbf75c4c8de858a8ad971568:20,MSFT,v3,0xa0d36fe8710d864780d25482048a588e7ff5dd9ddbf75c4c8de858a8ad971568,20,60349117,2026-09-11T15:05:37+00:00,2026-09-11,buy_stablecoin,-140239930,284637639013902185,0.284637639013902185,-140.23993,0,140.23993
4663:0x4df2fb31b1e2a4804e73bc8121b0186f3d56d642980de79f77c6fb55c8c82800:66,pre_effective,2026-09-11T15:01:46+00:00,2026-09-11T15:10:30+00:00,2026-09-11T15:19:14+00:00,4663:0xda2dca8fa5a918ed0afbb5c6fe2ef6b95c0683ed5608288a751c413b0baaa0b8:21,MSFT,v3,0xda2dca8fa5a918ed0afbb5c6fe2ef6b95c0683ed5608288a751c413b0baaa0b8,21,60349660,2026-09-11T15:06:30+00:00,2026-09-11,buy_stablecoin,-8106808,16454078727551507,0.016454078727551507,-8.106808,0,8.106808
4663:0x4df2fb31b1e2a4804e73bc8121b0186f3d56d642980de79f77c6fb55c8c82800:66,pre_effective,2026-09-11T15:01:46+00:00,2026-09-11T15:10:30+00:00,2026-09-11T15:19:14+00:00,4663:0x672ed769efd315dda96d57b35aaa29f9ecfce1e33d4f26b86229d9efc50c7e3b:29,MSFT,v3,0x672ed769efd315dda96d57b35aaa29f9ecfce1e33d4f26b86229d9efc50c7e3b,29,60349664,2026-09-11T15:06:30+00:00,2026-09-11,buy_stablecoin,-21614295,43869773547989469,0.043869773547989469,-21.614295,0,21.614295
4663:0x4df2fb31b1e2a4804e73bc8121b0186f3d56d642980de79f77c6fb55c8c82800:66,pre_effective,2026-09-11T15:01:46+00:00,2026-09-11T15:10:30+00:00,2026-09-11T15:19:14+00:00,4663:0x1ae3320533b179d77440ad24be64b50b573f13ddef8f9e7f99f76613cc12f563:12,MSFT,v3,0x1ae3320533b179d77440ad24be64b50b573f13ddef8f9e7f99f76613cc12f563,12,60349710,2026-09-11T15:06:35+00:00,2026-09-11,buy_stock,484651,-977786722134413,-0.000977786722134413,0.484651,0.000977786722134413,0
4663:0x4df2fb31b1e2a4804e73bc8121b0186f3d56d642980de79f77c6fb55c8c82800:66,pre_effective,2026-09-11T15:01:46+00:00,2026-09-11T15:10:30+00:00,2026-09-11T15:19:14+00:00,4663:0xd370409ee53284d7117df5b2f844edb6c01bf97091ff456950ee69fc5f68c1bc:9,MSFT,v3,0xd370409ee53284d7117df5b2f844edb6c01bf97091ff456950ee69fc5f68c1bc,9,60349729,2026-09-11T15:06:37+00:00,2026-09-11,buy_stock,2579339,-5203831921031966,-0.005203831921031966,2.579339,0.005203831921031966,0
4663:0x4df2fb31b1e2a4804e73bc8121b0186f3d56d642980de79f77c6fb55c8c82800:66,pre_effective,2026-09-11T15:01:46+00:00,2026-09-11T15:10:30+00:00,2026-09-11T15:19:14+00:00,4663:0xcecfb3a2f0c0afed07a785cd8ac0d9bae7647e43cf8126deecd00313e0b637f0:114,MSFT,v3,0xcecfb3a2f0c0afed07a785cd8ac0d9bae7647e43cf8126deecd00313e0b637f0,114,60349776,2026-09-11T15:06:42+00:00,2026-09-11,buy_stablecoin,-67604171,137214343691862938,0.137214343691862938,-67.604171,0,67.604171
4663:0x4df2fb31b1e2a4804e73bc8121b0186f3d56d642980de79f77c6fb55c8c82800:66,pre_effective,2026-09-11T15:01:46+00:00,2026-09-11T15:10:30+00:00,2026-09-11T15:19:14+00:00,4663:0x06ec8e1595d2c2fd74c1bfb0900c851d459fd726f6ac6e3440660811529be29c:74,MSFT,v3,0x06ec8e1595d2c2fd74c1bfb0900c851d459fd726f6ac6e3440660811529be29c,74,60349847,2026-09-11T15:06:49+00:00,2026-09-11,buy_stock,2249100,-4537599662454346,-0.004537599662454346,2.2491,0.004537599662454346,0
4663:0x4df2fb31b1e2a4804e73bc8121b0186f3d56d642980de79f77c6fb55c8c82800:66,pre_effective,2026-09-11T15:01:46+00:00,2026-09-11T15:10:30+00:00,2026-09-11T15:19:14+00:00,4663:0x010e4fdcb52b6ad92254fa99874df2cc09593dd4519e94fdd59c593eacbf3ae3:60,MSFT,v3,0x010e4fdcb52b6ad92254fa99874df2cc09593dd4519e94fdd59c593eacbf3ae3,60,60349855,2026-09-11T15:06:50+00:00,2026-09-11,buy_stablecoin,-1599251,3245966195845192,0.003245966195845192,-1.599251,0,1.599251
4663:0x4df2fb31b1e2a4804e73bc8121b0186f3d56d642980de79f77c6fb55c8c82800:66,pre_effective,2026-09-11T15:01:46+00:00,2026-09-11T15:10:30+00:00,2026-09-11T15:19:14+00:00,4663:0x002753250e0ee0a7a7ad770c1db2196883fbf6927a9396c751928a3f74755760:93,MSFT,v3,0x002753250e0ee0a7a7ad770c1db2196883fbf6927a9396c751928a3f74755760,93,60349908,2026-09-11T15:06:56+00:00,2026-09-11,buy_stablecoin,-14331861,29089099147925007,0.029089099147925007,-14.331861,0,14.331861
4663:0x4df2fb31b1e2a4804e73bc8121b0186f3d56d642980de79f77c6fb55c8c82800:66,pre_effective,2026-09-11T15:01:46+00:00,2026-09-11T15:10:30+00:00,2026-09-11T15:19:14+00:00,4663:0x9d1af2e7fffbd6bd4327b905324e63b680b7452b9ce018a7712de9d26308474e:31,MSFT,v3,0x9d1af2e7fffbd6bd4327b905324e63b680b7452b9ce018a7712de9d26308474e,31,60349974,2026-09-11T15:07:03+00:00,2026-09-11,buy_stablecoin,-194669610,395120991062134100,0.3951209910621341,-194.66961,0,194.66961
4663:0x4df2fb31b1e2a4804e73bc8121b0186f3d56d642980de79f77c6fb55c8c82800:66,pre_effective,2026-09-11T15:01:46+00:00,2026-09-11T15:10:30+00:00,2026-09-11T15:19:14+00:00,4663:0xd6c27c0a1a7bc5a9f3187fd23928910b2173e1016f93c375dae19ebf943ead4b:13,MSFT,v3,0xd6c27c0a1a7bc5a9f3187fd23928910b2173e1016f93c375dae19ebf943ead4b,13,60350141,2026-09-11T15:07:20+00:00,2026-09-11,buy_stock,1299116,-2621040909868639,-0.002621040909868639,1.299116,0.002621040909868639,0
4663:0x4df2fb31b1e2a4804e73bc8121b0186f3d56d642980de79f77c6fb55c8c82800:66,pre_effective,2026-09-11T15:01:46+00:00,2026-09-11T15:10:30+00:00,2026-09-11T15:19:14+00:00,4663:0xf21aafb739ccf5238cf77ddf48f73ec314d1cbc234a7df0213e043ce0878ebba:200,MSFT,v3,0xf21aafb739ccf5238cf77ddf48f73ec314d1cbc234a7df0213e043ce0878ebba,200,60350147,2026-09-11T15:07:20+00:00,2026-09-11,buy_stock,154877717,-312472617896131215,-0.312472617896131215,154.877717,0.312472617896131215,0
4663:0x4df2fb31b1e2a4804e73bc8121b0186f3d56d642980de79f77c6fb55c8c82800:66,pre_effective,2026-09-11T15:01:46+00:00,2026-09-11T15:10:30+00:00,2026-09-11T15:19:14+00:00,4663:0x485c2b5edc71188a29ac6cb78dafaabf8c95e0ce3cd822e1111b521b54530a0b:24,MSFT,v3,0x485c2b5edc71188a29ac6cb78dafaabf8c95e0ce3cd822e1111b521b54530a0b,24,60350187,2026-09-11T15:07:25+00:00,2026-09-11,buy_stablecoin,-301394196,611745250000000000,0.61174525,-301.394196,0,301.394196
4663:0x4df2fb31b1e2a4804e73bc8121b0186f3d56d642980de79f77c6fb55c8c82800:66,pre_effective,2026-09-11T15:01:46+00:00,2026-09-11T15:10:30+00:00,2026-09-11T15:19:14+00:00,4663:0xf905043f25c77da47d6153a9366fff5bb9de21f363d40e415b5a00f22750e315:65,MSFT,v3,0xf905043f25c77da47d6153a9366fff5bb9de21f363d40e415b5a00f22750e315,65,60350286,2026-09-11T15:07:35+00:00,2026-09-11,buy_stablecoin,-780315058,1583900466544227941,1.583900466544227941,-780.315058,0,780.315058
4663:0x4df2fb31b1e2a4804e73bc8121b0186f3d56d642980de79f77c6fb55c8c82800:66,pre_effective,2026-09-11T15:01:46+00:00,2026-09-11T15:10:30+00:00,2026-09-11T15:19:14+00:00,4663:0x6bc2d07cd4545dd600cbb00b9b364da79192c7f3bc76bb6f2e2fc7321d6dc468:67,MSFT,v3,0x6bc2d07cd4545dd600cbb00b9b364da79192c7f3bc76bb6f2e2fc7321d6dc468,67,60350362,2026-09-11T15:07:43+00:00,2026-09-11,buy_stock,1140086,-2300390321157651,-0.002300390321157651,1.140086,0.002300390321157651,0
4663:0x4df2fb31b1e2a4804e73bc8121b0186f3d56d642980de79f77c6fb55c8c82800:66,pre_effective,2026-09-11T15:01:46+00:00,2026-09-11T15:10:30+00:00,2026-09-11T15:19:14+00:00,4663:0x769bf7d92ed01f5f706eb708a842465b0dafb69c295daaa36a44b1b46fa436b4:6,MSFT,v3,0x769bf7d92ed01f5f706eb708a842465b0dafb69c295daaa36a44b1b46fa436b4,6,60350429,2026-09-11T15:07:50+00:00,2026-09-11,buy_stock,1449441,-2924585476004926,-0.002924585476004926,1.449441,0.002924585476004926,0
4663:0x4df2fb31b1e2a4804e73bc8121b0186f3d56d642980de79f77c6fb55c8c82800:66,pre_effective,2026-09-11T15:01:46+00:00,2026-09-11T15:10:30+00:00,2026-09-11T15:19:14+00:00,4663:0x6706ee4c62010b7088199b33a13d89450c69c36de50ba477362053eece9f0318:45,MSFT,v3,0x6706ee4c62010b7088199b33a13d89450c69c36de50ba477362053eece9f0318,45,60350529,2026-09-11T15:08:00+00:00,2026-09-11,buy_stock,23222632,-46857065096743741,-0.046857065096743741,23.222632,0.046857065096743741,0
4663:0x4df2fb31b1e2a4804e73bc8121b0186f3d56d642980de79f77c6fb55c8c82800:66,pre_effective,2026-09-11T15:01:46+00:00,2026-09-11T15:10:30+00:00,2026-09-11T15:19:14+00:00,4663:0x83d93ee7cb69257f636511691f476e10e35c7c62a7e976e26d0ac0b66c9abce3:15,MSFT,v3,0x83d93ee7cb69257f636511691f476e10e35c7c62a7e976e26d0ac0b66c9abce3,15,60350672,2026-09-11T15:08:15+00:00,2026-09-11,buy_stock,25790193,-52037596253664659,-0.052037596253664659,25.790193,0.052037596253664659,0
4663:0x4df2fb31b1e2a4804e73bc8121b0186f3d56d642980de79f77c6fb55c8c82800:66,pre_effective,2026-09-11T15:01:46+00:00,2026-09-11T15:10:30+00:00,2026-09-11T15:19:14+00:00,4663:0xee2459148b9bc2b10ed25adaa1ff4898417f428df4cee2c72c878c794524c651:12,MSFT,v3,0xee2459148b9bc2b10ed25adaa1ff4898417f428df4cee2c72c878c794524c651,12,60350804,2026-09-11T15:08:28+00:00,2026-09-11,buy_stock,12895037,-26018629287205554,-0.026018629287205554,12.895037,0.026018629287205554,0
4663:0x4df2fb31b1e2a4804e73bc8121b0186f3d56d642980de79f77c6fb55c8c82800:66,pre_effective,2026-09-11T15:01:46+00:00,2026-09-11T15:10:30+00:00,2026-09-11T15:19:14+00:00,4663:0xb4bb57789c0ff61c829856ed4c14393e6e66984da48c8ad89f99060f553c68cd:142,MSFT,v3,0xb4bb57789c0ff61c829856ed4c14393e6e66984da48c8ad89f99060f553c68cd,142,60350869,2026-09-11T15:08:35+00:00,2026-09-11,buy_stock,130315782,-262939560952453683,-0.262939560952453683,130.315782,0.262939560952453683,0
4663:0x4df2fb31b1e2a4804e73bc8121b0186f3d56d642980de79f77c6fb55c8c82800:66,pre_effective,2026-09-11T15:01:46+00:00,2026-09-11T15:10:30+00:00,2026-09-11T15:19:14+00:00,4663:0x58a06e44cb50ed9302ec836474d8057091cf487456628a7819f37dc2f84566f6:108,MSFT,v3,0x58a06e44cb50ed9302ec836474d8057091cf487456628a7819f37dc2f84566f6,108,60350873,2026-09-11T15:08:35+00:00,2026-09-11,buy_stock,77432689,-156235243012133956,-0.156235243012133956,77.432689,0.156235243012133956,0
4663:0x4df2fb31b1e2a4804e73bc8121b0186f3d56d642980de79f77c6fb55c8c82800:66,pre_effective,2026-09-11T15:01:46+00:00,2026-09-11T15:10:30+00:00,2026-09-11T15:19:14+00:00,4663:0x4b6a6f2931eab5c9b8c366eee5c05dc61e30fa77e5a377e2b8c6c38c4d108f0c:8,MSFT,v3,0x4b6a6f2931eab5c9b8c366eee5c05dc61e30fa77e5a377e2b8c6c38c4d108f0c,8,60351031,2026-09-11T15:08:52+00:00,2026-09-11,buy_stock,7743402,-15623728754164774,-0.015623728754164774,7.743402,0.015623728754164774,0
4663:0x4df2fb31b1e2a4804e73bc8121b0186f3d56d642980de79f77c6fb55c8c82800:66,pre_effective,2026-09-11T15:01:46+00:00,2026-09-11T15:10:30+00:00,2026-09-11T15:19:14+00:00,4663:0x328b5394799b5496671ddfb8214fbc293940228d5facd0678295bbf023d229ac:59,MSFT,v3,0x328b5394799b5496671ddfb8214fbc293940228d5facd0678295bbf023d229ac,59,60351078,2026-09-11T15:08:56+00:00,2026-09-11,buy_stablecoin,-143230671,290737746448778155,0.290737746448778155,-143.230671,0,143.230671
4663:0x4df2fb31b1e2a4804e73bc8121b0186f3d56d642980de79f77c6fb55c8c82800:66,pre_effective,2026-09-11T15:01:46+00:00,2026-09-11T15:10:30+00:00,2026-09-11T15:19:14+00:00,4663:0x913f26500ae0b6f47b32f219bd181d35a4e7fe23a7722ccada6c4419cf533ca6:10,MSFT,v3,0x913f26500ae0b6f47b32f219bd181d35a4e7fe23a7722ccada6c4419cf533ca6,10,60351081,2026-09-11T15:08:57+00:00,2026-09-11,buy_stablecoin,-73516726,149229952024834506,0.149229952024834506,-73.516726,0,73.516726
4663:0x4df2fb31b1e2a4804e73bc8121b0186f3d56d642980de79f77c6fb55c8c82800:66,pre_effective,2026-09-11T15:01:46+00:00,2026-09-11T15:10:30+00:00,2026-09-11T15:19:14+00:00,4663:0x859bf63cddb8aac6fd81ff0908cb24f1efa7e8a8978e8abcc9ab8f52c38f0581:115,MSFT,v3,0x859bf63cddb8aac6fd81ff0908cb24f1efa7e8a8978e8abcc9ab8f52c38f0581,115,60351193,2026-09-11T15:09:08+00:00,2026-09-11,buy_stablecoin,-64310294,130542872043257315,0.130542872043257315,-64.310294,0,64.310294
4663:0x4df2fb31b1e2a4804e73bc8121b0186f3d56d642980de79f77c6fb55c8c82800:66,pre_effective,2026-09-11T15:01:46+00:00,2026-09-11T15:10:30+00:00,2026-09-11T15:19:14+00:00,4663:0xeeabc818cfb7b4e3aeadf3a3d71865edbd26cdfa359ec0abead599d1f2608fd8:71,MSFT,v3,0xeeabc818cfb7b4e3aeadf3a3d71865edbd26cdfa359ec0abead599d1f2608fd8,71,60351311,2026-09-11T15:09:20+00:00,2026-09-11,buy_stablecoin,-139509737,283192255818694835,0.283192255818694835,-139.509737,0,139.509737
4663:0x4df2fb31b1e2a4804e73bc8121b0186f3d56d642980de79f77c6fb55c8c82800:66,pre_effective,2026-09-11T15:01:46+00:00,2026-09-11T15:10:30+00:00,2026-09-11T15:19:14+00:00,4663:0x4085ed3a904268cf3c0ca588c74559abb221ee420b97935b078923d998754766:3,MSFT,v3,0x4085ed3a904268cf3c0ca588c74559abb221ee420b97935b078923d998754766,3,60351785,2026-09-11T15:10:09+00:00,2026-09-11,buy_stablecoin,-5968125,12114842645089170,0.01211484264508917,-5.968125,0,5.968125
4663:0x4df2fb31b1e2a4804e73bc8121b0186f3d56d642980de79f77c6fb55c8c82800:66,pre_effective,2026-09-11T15:01:46+00:00,2026-09-11T15:10:30+00:00,2026-09-11T15:19:14+00:00,4663:0x5a0c3e7b192c5fd224231ff7040c5a1b33b237963544890055aa48ef8ad01076:12,MSFT,v3,0x5a0c3e7b192c5fd224231ff7040c5a1b33b237963544890055aa48ef8ad01076,12,60351814,2026-09-11T15:10:12+00:00,2026-09-11,buy_stock,128978123,-260245773965678932,-0.260245773965678932,128.978123,0.260245773965678932,0
4663:0x4df2fb31b1e2a4804e73bc8121b0186f3d56d642980de79f77c6fb55c8c82800:66,pre_effective,2026-09-11T15:01:46+00:00,2026-09-11T15:10:30+00:00,2026-09-11T15:19:14+00:00,4663:0x7cbc08f8a03df9dac95cc1477df43e290d51023f5b8e52fa8dbd5a83f11c4ff0:67,MSFT,v3,0x7cbc08f8a03df9dac95cc1477df43e290d51023f5b8e52fa8dbd5a83f11c4ff0,67,60351880,2026-09-11T15:10:19+00:00,2026-09-11,buy_stablecoin,-639434732,1298027887900342799,1.298027887900342799,-639.434732,0,639.434732
4663:0x4df2fb31b1e2a4804e73bc8121b0186f3d56d642980de79f77c6fb55c8c82800:66,pre_effective,2026-09-11T15:01:46+00:00,2026-09-11T15:10:30+00:00,2026-09-11T15:19:14+00:00,4663:0xcdd8ecf93db64a362eeca49a8f9c9178641965c37e9b5daff104b5074ae69139:31,MSFT,v3,0xcdd8ecf93db64a362eeca49a8f9c9178641965c37e9b5daff104b5074ae69139,31,60351907,2026-09-11T15:10:22+00:00,2026-09-11,buy_stock,29013585,-58545299965407716,-0.058545299965407716,29.013585,0.058545299965407716,0
4663:0x4df2fb31b1e2a4804e73bc8121b0186f3d56d642980de79f77c6fb55c8c82800:66,pre_effective,2026-09-11T15:01:46+00:00,2026-09-11T15:10:30+00:00,2026-09-11T15:19:14+00:00,4663:0xba705d1370114e4d3e852136e60f9616b0a3f8c6fce055ca4d30ea5778e52b85:1154,MSFT,v3,0xba705d1370114e4d3e852136e60f9616b0a3f8c6fce055ca4d30ea5778e52b85,1154,60351969,2026-09-11T15:10:29+00:00,2026-09-11,buy_stablecoin,-158895795,322563632694597215,0.322563632694597215,-158.895795,0,158.895795
4663:0x4df2fb31b1e2a4804e73bc8121b0186f3d56d642980de79f77c6fb55c8c82800:66,post_effective,2026-09-11T15:01:46+00:00,2026-09-11T15:10:30+00:00,2026-09-11T15:19:14+00:00,4663:0x77c64e6d898681e561e34362a27e228f68e6fdb68069d2a70e4014603a1ef41b:32,MSFT,v3,0x77c64e6d898681e561e34362a27e228f68e6fdb68069d2a70e4014603a1ef41b,32,60352021,2026-09-11T15:10:34+00:00,2026-09-11,buy_stablecoin,-3580102,7267781243901748,0.007267781243901748,-3.580102,0,3.580102
4663:0x4df2fb31b1e2a4804e73bc8121b0186f3d56d642980de79f77c6fb55c8c82800:66,post_effective,2026-09-11T15:01:46+00:00,2026-09-11T15:10:30+00:00,2026-09-11T15:19:14+00:00,4663:0xe3886602818250475272a86a21ff5485d52dc55c0371462cde41e424d029f059:42,MSFT,v3,0xe3886602818250475272a86a21ff5485d52dc55c0371462cde41e424d029f059,42,60352079,2026-09-11T15:10:40+00:00,2026-09-11,buy_stablecoin,-1935437,3929032816515392,0.003929032816515392,-1.935437,0,1.935437
4663:0x4df2fb31b1e2a4804e73bc8121b0186f3d56d642980de79f77c6fb55c8c82800:66,post_effective,2026-09-11T15:01:46+00:00,2026-09-11T15:10:30+00:00,2026-09-11T15:19:14+00:00,4663:0xda2c9dff19f6cf497620f80d31b143ebe8cdcf1a4f9e6a9834adbba7c1912b8d:139,MSFT,v3,0xda2c9dff19f6cf497620f80d31b143ebe8cdcf1a4f9e6a9834adbba7c1912b8d,139,60352165,2026-09-11T15:10:49+00:00,2026-09-11,buy_stock,7726594,-15591385876952739,-0.015591385876952739,7.726594,0.015591385876952739,0
4663:0x4df2fb31b1e2a4804e73bc8121b0186f3d56d642980de79f77c6fb55c8c82800:66,post_effective,2026-09-11T15:01:46+00:00,2026-09-11T15:10:30+00:00,2026-09-11T15:19:14+00:00,4663:0xa3312914fb4329e296b1779731108a7876d3fa1fa063724ca4baf1db4f6c0850:11,MSFT,v3,0xa3312914fb4329e296b1779731108a7876d3fa1fa063724ca4baf1db4f6c0850,11,60352192,2026-09-11T15:10:51+00:00,2026-09-11,buy_stock,12880006,-25990357334610093,-0.025990357334610093,12.880006,0.025990357334610093,0
4663:0x4df2fb31b1e2a4804e73bc8121b0186f3d56d642980de79f77c6fb55c8c82800:66,post_effective,2026-09-11T15:01:46+00:00,2026-09-11T15:10:30+00:00,2026-09-11T15:19:14+00:00,4663:0x9fffc9cbdae09b38e3f448df4ab87af9053ca886f54f904981846a68daa91c26:79,MSFT,v3,0x9fffc9cbdae09b38e3f448df4ab87af9053ca886f54f904981846a68daa91c26,79,60352203,2026-09-11T15:10:52+00:00,2026-09-11,buy_stock,25747612,-51955602012344797,-0.051955602012344797,25.747612,0.051955602012344797,0
4663:0x4df2fb31b1e2a4804e73bc8121b0186f3d56d642980de79f77c6fb55c8c82800:66,post_effective,2026-09-11T15:01:46+00:00,2026-09-11T15:10:30+00:00,2026-09-11T15:19:14+00:00,4663:0xa3571f84c47b417e32df2fedceda52dedae1cfdb18c8b51d66852d66674a0435:185,MSFT,v3,0xa3571f84c47b417e32df2fedceda52dedae1cfdb18c8b51d66852d66674a0435,185,60352214,2026-09-11T15:10:54+00:00,2026-09-11,buy_stock,123599206,-249406663443640528,-0.249406663443640528,123.599206,0.249406663443640528,0
4663:0x4df2fb31b1e2a4804e73bc8121b0186f3d56d642980de79f77c6fb55c8c82800:66,post_effective,2026-09-11T15:01:46+00:00,2026-09-11T15:10:30+00:00,2026-09-11T15:19:14+00:00,4663:0x700e24ade49c88906a1d43e935c76a42d791bfa0da25b3ed7824e2a1a66b6176:64,MSFT,v3,0x700e24ade49c88906a1d43e935c76a42d791bfa0da25b3ed7824e2a1a66b6176,64,60352385,2026-09-11T15:11:11+00:00,2026-09-11,buy_stock,3865002,-7799008187309397,-0.007799008187309397,3.865002,0.007799008187309397,0
4663:0x4df2fb31b1e2a4804e73bc8121b0186f3d56d642980de79f77c6fb55c8c82800:66,post_effective,2026-09-11T15:01:46+00:00,2026-09-11T15:10:30+00:00,2026-09-11T15:19:14+00:00,4663:0xdf9e93dc0ab8ace939c94e08134f285156eb3ad5837b024781aff54bc90d16fa:85,MSFT,v3,0xdf9e93dc0ab8ace939c94e08134f285156eb3ad5837b024781aff54bc90d16fa,85,60352466,2026-09-11T15:11:20+00:00,2026-09-11,buy_stock,3864037,-7797058331862032,-0.007797058331862032,3.864037,0.007797058331862032,0
4663:0x4df2fb31b1e2a4804e73bc8121b0186f3d56d642980de79f77c6fb55c8c82800:66,post_effective,2026-09-11T15:01:46+00:00,2026-09-11T15:10:30+00:00,2026-09-11T15:19:14+00:00,4663:0x4b736a9bc8127ed7d2618e2643a31440f629dc9911922f3560ec428b24efbddd:124,MSFT,v3,0x4b736a9bc8127ed7d2618e2643a31440f629dc9911922f3560ec428b24efbddd,124,60352486,2026-09-11T15:11:22+00:00,2026-09-11,buy_stock,10308190,-20800401304156931,-0.020800401304156931,10.30819,0.020800401304156931,0
4663:0x4df2fb31b1e2a4804e73bc8121b0186f3d56d642980de79f77c6fb55c8c82800:66,post_effective,2026-09-11T15:01:46+00:00,2026-09-11T15:10:30+00:00,2026-09-11T15:19:14+00:00,4663:0x88af568fc9ed48b47ca91daed8680455bb095d8c7029945b992058b6738919f5:97,MSFT,v3,0x88af568fc9ed48b47ca91daed8680455bb095d8c7029945b992058b6738919f5,97,60352668,2026-09-11T15:11:40+00:00,2026-09-11,buy_stock,12883175,-25996311537625484,-0.025996311537625484,12.883175,0.025996311537625484,0
4663:0x4df2fb31b1e2a4804e73bc8121b0186f3d56d642980de79f77c6fb55c8c82800:66,post_effective,2026-09-11T15:01:46+00:00,2026-09-11T15:10:30+00:00,2026-09-11T15:19:14+00:00,4663:0x509d05415e1763dda2a771d366a4dae18b71bd69fbaed80032a6276f06a99382:35,MSFT,v3,0x509d05415e1763dda2a771d366a4dae18b71bd69fbaed80032a6276f06a99382,35,60352815,2026-09-11T15:11:55+00:00,2026-09-11,buy_stock,286352743,-577808688028700711,-0.577808688028700711,286.352743,0.577808688028700711,0
4663:0x4df2fb31b1e2a4804e73bc8121b0186f3d56d642980de79f77c6fb55c8c82800:66,post_effective,2026-09-11T15:01:46+00:00,2026-09-11T15:10:30+00:00,2026-09-11T15:19:14+00:00,4663:0x86c19756933463068408532bcb30a2b0e217a83abbc41c7ceebe97433671c449:52,MSFT,v3,0x86c19756933463068408532bcb30a2b0e217a83abbc41c7ceebe97433671c449,52,60352815,2026-09-11T15:11:55+00:00,2026-09-11,buy_stock,195240084,-393950678981310242,-0.393950678981310242,195.240084,0.393950678981310242,0
4663:0x4df2fb31b1e2a4804e73bc8121b0186f3d56d642980de79f77c6fb55c8c82800:66,post_effective,2026-09-11T15:01:46+00:00,2026-09-11T15:10:30+00:00,2026-09-11T15:19:14+00:00,4663:0x40aea8f115b12d9438688e6653e892b850e392eab6598a0a6a69610e8246b940:134,MSFT,v3,0x40aea8f115b12d9438688e6653e892b850e392eab6598a0a6a69610e8246b940,134,60352841,2026-09-11T15:11:58+00:00,2026-09-11,buy_stablecoin,-283131712,574741932761293435,0.574741932761293435,-283.131712,0,283.131712
4663:0x4df2fb31b1e2a4804e73bc8121b0186f3d56d642980de79f77c6fb55c8c82800:66,post_effective,2026-09-11T15:01:46+00:00,2026-09-11T15:10:30+00:00,2026-09-11T15:19:14+00:00,4663:0xb1497a48ac4a29e85aac7d616cbe9e74702a2c6c13181c268a7625c6068940d9:54,MSFT,v3,0xb1497a48ac4a29e85aac7d616cbe9e74702a2c6c13181c268a7625c6068940d9,54,60352861,2026-09-11T15:12:00+00:00,2026-09-11,buy_stablecoin,-299082806,607138483373151616,0.607138483373151616,-299.082806,0,299.082806
4663:0x4df2fb31b1e2a4804e73bc8121b0186f3d56d642980de79f77c6fb55c8c82800:66,post_effective,2026-09-11T15:01:46+00:00,2026-09-11T15:10:30+00:00,2026-09-11T15:19:14+00:00,4663:0x6dd524f9f99e9ad088f28c7a99fb52ed9e6aaa15d69c6cdf9ba734d7350468ca:46,MSFT,v3,0x6dd524f9f99e9ad088f28c7a99fb52ed9e6aaa15d69c6cdf9ba734d7350468ca,46,60352950,2026-09-11T15:12:09+00:00,2026-09-11,buy_stock,12885267,-26000752645291976,-0.026000752645291976,12.885267,0.026000752645291976,0
4663:0x4df2fb31b1e2a4804e73bc8121b0186f3d56d642980de79f77c6fb55c8c82800:66,post_effective,2026-09-11T15:01:46+00:00,2026-09-11T15:10:30+00:00,2026-09-11T15:19:14+00:00,4663:0xbbd6df742adf4193a2ae76a6b26228a7239acf6990e0e70db075171171319541:24,MSFT,v3,0xbbd6df742adf4193a2ae76a6b26228a7239acf6990e0e70db075171171319541,24,60353061,2026-09-11T15:12:20+00:00,2026-09-11,buy_stablecoin,-1043517,2118369516617570,0.00211836951661757,-1.043517,0,1.043517
4663:0x4df2fb31b1e2a4804e73bc8121b0186f3d56d642980de79f77c6fb55c8c82800:66,post_effective,2026-09-11T15:01:46+00:00,2026-09-11T15:10:30+00:00,2026-09-11T15:19:14+00:00,4663:0xbe05b917fd31a0f6713bb7cef4de211bcbf07b3fbcd451538bc5c4d3198ed870:93,MSFT,v3,0xbe05b917fd31a0f6713bb7cef4de211bcbf07b3fbcd451538bc5c4d3198ed870,93,60353250,2026-09-11T15:12:40+00:00,2026-09-11,buy_stablecoin,-291166595,591084389966991020,0.59108438996699102,-291.166595,0,291.166595
4663:0x4df2fb31b1e2a4804e73bc8121b0186f3d56d642980de79f77c6fb55c8c82800:66,post_effective,2026-09-11T15:01:46+00:00,2026-09-11T15:10:30+00:00,2026-09-11T15:19:14+00:00,4663:0xe7f72f2ed137552cd1be3d5d7337037e383480ec8c132fcb948a4edf9d56f099:131,MSFT,v3,0xe7f72f2ed137552cd1be3d5d7337037e383480ec8c132fcb948a4edf9d56f099,131,60353270,2026-09-11T15:12:42+00:00,2026-09-11,buy_stock,5156811,-10406035274495247,-0.010406035274495247,5.156811,0.010406035274495247,0
4663:0x4df2fb31b1e2a4804e73bc8121b0186f3d56d642980de79f77c6fb55c8c82800:66,post_effective,2026-09-11T15:01:46+00:00,2026-09-11T15:10:30+00:00,2026-09-11T15:19:14+00:00,4663:0x361d7236af9024f9d0e703556301909456bdacf5ded5bd295721b06fb6841f41:58,MSFT,v3,0x361d7236af9024f9d0e703556301909456bdacf5ded5bd295721b06fb6841f41,58,60353539,2026-09-11T15:13:06+00:00,2026-09-11,buy_stablecoin,-440794,894849889059288,0.000894849889059288,-0.440794,0,0.440794
4663:0x4df2fb31b1e2a4804e73bc8121b0186f3d56d642980de79f77c6fb55c8c82800:66,post_effective,2026-09-11T15:01:46+00:00,2026-09-11T15:10:30+00:00,2026-09-11T15:19:14+00:00,4663:0xdea2e2bed95291161e5abf4adf0fa3784cbfd5baed292e189fb2b7a3d0b8520d:70,MSFT,v3,0xdea2e2bed95291161e5abf4adf0fa3784cbfd5baed292e189fb2b7a3d0b8520d,70,60353696,2026-09-11T15:13:22+00:00,2026-09-11,buy_stablecoin,-137673739,279490890934113234,0.279490890934113234,-137.673739,0,137.673739
4663:0x4df2fb31b1e2a4804e73bc8121b0186f3d56d642980de79f77c6fb55c8c82800:66,post_effective,2026-09-11T15:01:46+00:00,2026-09-11T15:10:30+00:00,2026-09-11T15:19:14+00:00,4663:0x176d9843fd3143300b39c0f5554f18b52f337d49b4ed30f825e7cebacd79795c:118,MSFT,v3,0x176d9843fd3143300b39c0f5554f18b52f337d49b4ed30f825e7cebacd79795c,118,60353759,2026-09-11T15:13:28+00:00,2026-09-11,buy_stock,12889200,-26009701920963581,-0.026009701920963581,12.8892,0.026009701920963581,0
4663:0x4df2fb31b1e2a4804e73bc8121b0186f3d56d642980de79f77c6fb55c8c82800:66,post_effective,2026-09-11T15:01:46+00:00,2026-09-11T15:10:30+00:00,2026-09-11T15:19:14+00:00,4663:0xdfa001209cf8bb84aa6dcf8064013d891edf968ec3f34f5a895bc63b70a82d37:78,MSFT,v3,0xdfa001209cf8bb84aa6dcf8064013d891edf968ec3f34f5a895bc63b70a82d37,78,60353761,2026-09-11T15:13:29+00:00,2026-09-11,buy_stablecoin,-4385089,8902201758549991,0.008902201758549991,-4.385089,0,4.385089
4663:0x4df2fb31b1e2a4804e73bc8121b0186f3d56d642980de79f77c6fb55c8c82800:66,post_effective,2026-09-11T15:01:46+00:00,2026-09-11T15:10:30+00:00,2026-09-11T15:19:14+00:00,4663:0x46a1b4ae217064b7c94fde9c6cf3b3b2bbb6237e4643f169b58d2211cf5276b9:16,MSFT,v3,0x46a1b4ae217064b7c94fde9c6cf3b3b2bbb6237e4643f169b58d2211cf5276b9,16,60353784,2026-09-11T15:13:31+00:00,2026-09-11,buy_stock,6509620,-13136051335703036,-0.013136051335703036,6.50962,0.013136051335703036,0
4663:0x4df2fb31b1e2a4804e73bc8121b0186f3d56d642980de79f77c6fb55c8c82800:66,post_effective,2026-09-11T15:01:46+00:00,2026-09-11T15:10:30+00:00,2026-09-11T15:19:14+00:00,4663:0xacbe65eb36bbc091b1167f9d8a9810447c929b411f57882e3a7843e2e30def94:178,MSFT,v3,0xacbe65eb36bbc091b1167f9d8a9810447c929b411f57882e3a7843e2e30def94,178,60353827,2026-09-11T15:13:35+00:00,2026-09-11,buy_stock,2577694,-5201639243496373,-0.005201639243496373,2.577694,0.005201639243496373,0
4663:0x4df2fb31b1e2a4804e73bc8121b0186f3d56d642980de79f77c6fb55c8c82800:66,post_effective,2026-09-11T15:01:46+00:00,2026-09-11T15:10:30+00:00,2026-09-11T15:19:14+00:00,4663:0x3366bf03f2e1b66d88bf52d4f355906fc3d8801cfb4e96da0734d47b27a75bb1:20,MSFT,v3,0x3366bf03f2e1b66d88bf52d4f355906fc3d8801cfb4e96da0734d47b27a75bb1,20,60353951,2026-09-11T15:13:48+00:00,2026-09-11,buy_stablecoin,-4252974,8633988566435464,0.008633988566435464,-4.252974,0,4.252974
4663:0x4df2fb31b1e2a4804e73bc8121b0186f3d56d642980de79f77c6fb55c8c82800:66,post_effective,2026-09-11T15:01:46+00:00,2026-09-11T15:10:30+00:00,2026-09-11T15:19:14+00:00,4663:0x33f83db4048a32c6cde678aaa543efe2d96c9d823fcf8202a4ac9de77a7f87e7:21,MSFT,v3,0x33f83db4048a32c6cde678aaa543efe2d96c9d823fcf8202a4ac9de77a7f87e7,21,60353979,2026-09-11T15:13:51+00:00,2026-09-11,buy_stablecoin,-3038871,6169233306573810,0.00616923330657381,-3.038871,0,3.038871
4663:0x4df2fb31b1e2a4804e73bc8121b0186f3d56d642980de79f77c6fb55c8c82800:66,post_effective,2026-09-11T15:01:46+00:00,2026-09-11T15:10:30+00:00,2026-09-11T15:19:14+00:00,4663:0xe25a818c524d552cd2506bf64614b57ebd7cb774f4c36b05bb0719a076e30851:24,MSFT,v3,0xe25a818c524d552cd2506bf64614b57ebd7cb774f4c36b05bb0719a076e30851,24,60354046,2026-09-11T15:13:58+00:00,2026-09-11,buy_stablecoin,-63974573,129875629396758022,0.129875629396758022,-63.974573,0,63.974573
4663:0x4df2fb31b1e2a4804e73bc8121b0186f3d56d642980de79f77c6fb55c8c82800:66,post_effective,2026-09-11T15:01:46+00:00,2026-09-11T15:10:30+00:00,2026-09-11T15:19:14+00:00,4663:0xcd2899cb3ed3e802a29e4491c2d1b0bf0b5522a468769b3e58b7e86a54e1ad46:20,MSFT,v3,0xcd2899cb3ed3e802a29e4491c2d1b0bf0b5522a468769b3e58b7e86a54e1ad46,20,60354049,2026-09-11T15:13:58+00:00,2026-09-11,buy_stock,5168533,-10429873692948159,-0.010429873692948159,5.168533,0.010429873692948159,0
4663:0x4df2fb31b1e2a4804e73bc8121b0186f3d56d642980de79f77c6fb55c8c82800:66,post_effective,2026-09-11T15:01:46+00:00,2026-09-11T15:10:30+00:00,2026-09-11T15:19:14+00:00,4663:0xbce0768841cf4b63455526744e23964a3d13e7ad712dc67a171f14653dbd6c84:11,MSFT,v3,0xbce0768841cf4b63455526744e23964a3d13e7ad712dc67a171f14653dbd6c84,11,60354109,2026-09-11T15:14:04+00:00,2026-09-11,buy_stock,9063,-18287093359368,-0.000018287093359368,0.009063,0.000018287093359368,0
4663:0x4df2fb31b1e2a4804e73bc8121b0186f3d56d642980de79f77c6fb55c8c82800:66,post_effective,2026-09-11T15:01:46+00:00,2026-09-11T15:10:30+00:00,2026-09-11T15:19:14+00:00,4663:0xde8b09910b40623436c7877ceadafbc793c6b46baccf640d19793fce593783f2:45,MSFT,v3,0xde8b09910b40623436c7877ceadafbc793c6b46baccf640d19793fce593783f2,45,60354301,2026-09-11T15:14:24+00:00,2026-09-11,buy_stablecoin,-6396272,12985194366226396,0.012985194366226396,-6.396272,0,6.396272
4663:0x4df2fb31b1e2a4804e73bc8121b0186f3d56d642980de79f77c6fb55c8c82800:66,post_effective,2026-09-11T15:01:46+00:00,2026-09-11T15:10:30+00:00,2026-09-11T15:19:14+00:00,4663:0xc6fc3b2baeb2132ad81d4d612fc0e16d18f9da3914a23a2731dc7e1efe072043:60,MSFT,v3,0xc6fc3b2baeb2132ad81d4d612fc0e16d18f9da3914a23a2731dc7e1efe072043,60,60354325,2026-09-11T15:14:27+00:00,2026-09-11,buy_stock,64645600,-130451654803236742,-0.130451654803236742,64.6456,0.130451654803236742,0
4663:0x4df2fb31b1e2a4804e73bc8121b0186f3d56d642980de79f77c6fb55c8c82800:66,post_effective,2026-09-11T15:01:46+00:00,2026-09-11T15:10:30+00:00,2026-09-11T15:19:14+00:00,4663:0xbd582e157a07853b2ee7bc43eedfca41eaec0b6497827c6cd563942f9df1e2a1:75,MSFT,v3,0xbd582e157a07853b2ee7bc43eedfca41eaec0b6497827c6cd563942f9df1e2a1,75,60354373,2026-09-11T15:14:32+00:00,2026-09-11,buy_stablecoin,-149619335,303745446817486229,0.303745446817486229,-149.619335,0,149.619335
4663:0x4df2fb31b1e2a4804e73bc8121b0186f3d56d642980de79f77c6fb55c8c82800:66,post_effective,2026-09-11T15:01:46+00:00,2026-09-11T15:10:30+00:00,2026-09-11T15:19:14+00:00,4663:0x335b7b76fb04cdc577883f715d63fad1f99c527f46e8cbf7d94e5a020b1cdcc4:52,MSFT,v3,0x335b7b76fb04cdc577883f715d63fad1f99c527f46e8cbf7d94e5a020b1cdcc4,52,60354407,2026-09-11T15:14:35+00:00,2026-09-11,buy_stablecoin,-302189896,613495335011672085,0.613495335011672085,-302.189896,0,302.189896
4663:0x4df2fb31b1e2a4804e73bc8121b0186f3d56d642980de79f77c6fb55c8c82800:66,post_effective,2026-09-11T15:01:46+00:00,2026-09-11T15:10:30+00:00,2026-09-11T15:19:14+00:00,4663:0xb5e06ad4fc1d589c39e19ad9a071ac413fb74126e21398945f3a4635dd1d0786:38,MSFT,v3,0xb5e06ad4fc1d589c39e19ad9a071ac413fb74126e21398945f3a4635dd1d0786,38,60354412,2026-09-11T15:14:36+00:00,2026-09-11,buy_stablecoin,-134330242,272718175158720483,0.272718175158720483,-134.330242,0,134.330242
4663:0x4df2fb31b1e2a4804e73bc8121b0186f3d56d642980de79f77c6fb55c8c82800:66,post_effective,2026-09-11T15:01:46+00:00,2026-09-11T15:10:30+00:00,2026-09-11T15:19:14+00:00,4663:0x0d1f9c535fccc419379c0f382a02a015b037122a75042e986478f1236b10ecb1:57,MSFT,v3,0x0d1f9c535fccc419379c0f382a02a015b037122a75042e986478f1236b10ecb1,57,60354447,2026-09-11T15:14:39+00:00,2026-09-11,buy_stablecoin,-5355608,10873065261157308,0.010873065261157308,-5.355608,0,5.355608
4663:0x4df2fb31b1e2a4804e73bc8121b0186f3d56d642980de79f77c6fb55c8c82800:66,post_effective,2026-09-11T15:01:46+00:00,2026-09-11T15:10:30+00:00,2026-09-11T15:19:14+00:00,4663:0xe26f54d8f3ad97f59ef4f0272d284e5e81f84f5e47187778dbe1bcdfcf191efa:46,MSFT,v3,0xe26f54d8f3ad97f59ef4f0272d284e5e81f84f5e47187778dbe1bcdfcf191efa,46,60354486,2026-09-11T15:14:43+00:00,2026-09-11,buy_stablecoin,-259501593,526851975190270785,0.526851975190270785,-259.501593,0,259.501593
4663:0x4df2fb31b1e2a4804e73bc8121b0186f3d56d642980de79f77c6fb55c8c82800:66,post_effective,2026-09-11T15:01:46+00:00,2026-09-11T15:10:30+00:00,2026-09-11T15:19:14+00:00,4663:0xe4b65e95c2cb6cb495c6abf920a37fbb00d965d8c218e89ce6ba10e59b69928c:66,MSFT,v3,0xe4b65e95c2cb6cb495c6abf920a37fbb00d965d8c218e89ce6ba10e59b69928c,66,60354509,2026-09-11T15:14:46+00:00,2026-09-11,buy_stablecoin,-6249737,12688661180130128,0.012688661180130128,-6.249737,0,6.249737
4663:0x4df2fb31b1e2a4804e73bc8121b0186f3d56d642980de79f77c6fb55c8c82800:66,post_effective,2026-09-11T15:01:46+00:00,2026-09-11T15:10:30+00:00,2026-09-11T15:19:14+00:00,4663:0x7a3d10ccddaab9a19474c7c353a577e612e1362d022748b063a5f1f37893980e:96,MSFT,v3,0x7a3d10ccddaab9a19474c7c353a577e612e1362d022748b063a5f1f37893980e,96,60354637,2026-09-11T15:14:59+00:00,2026-09-11,buy_stablecoin,-49301847,100096379288459771,0.100096379288459771,-49.301847,0,49.301847
4663:0x4df2fb31b1e2a4804e73bc8121b0186f3d56d642980de79f77c6fb55c8c82800:66,post_effective,2026-09-11T15:01:46+00:00,2026-09-11T15:10:30+00:00,2026-09-11T15:19:14+00:00,4663:0x43fee9215dd51408afe4dd5d155306fa8e0aeca179c20349bc3d54e94892d6dd:41,MSFT,v3,0x43fee9215dd51408afe4dd5d155306fa8e0aeca179c20349bc3d54e94892d6dd,41,60354765,2026-09-11T15:15:12+00:00,2026-09-11,buy_stock,29180065,-58888724988249277,-0.058888724988249277,29.180065,0.058888724988249277,0
4663:0x4df2fb31b1e2a4804e73bc8121b0186f3d56d642980de79f77c6fb55c8c82800:66,post_effective,2026-09-11T15:01:46+00:00,2026-09-11T15:10:30+00:00,2026-09-11T15:19:14+00:00,4663:0x40184a1f76f797c277cf1127feefe14bf6d9eca544478c118d5dd20a819934d0:59,MSFT,v3,0x40184a1f76f797c277cf1127feefe14bf6d9eca544478c118d5dd20a819934d0,59,60354966,2026-09-11T15:15:33+00:00,2026-09-11,buy_stablecoin,-261854337,531643048946859569,0.531643048946859569,-261.854337,0,261.854337
4663:0x4df2fb31b1e2a4804e73bc8121b0186f3d56d642980de79f77c6fb55c8c82800:66,post_effective,2026-09-11T15:01:46+00:00,2026-09-11T15:10:30+00:00,2026-09-11T15:19:14+00:00,4663:0xb4f6ab2b3527cb02b498796368a56a5cb838d56a0f0fc5a79b1207d694a9106a:44,MSFT,v3,0xb4f6ab2b3527cb02b498796368a56a5cb838d56a0f0fc5a79b1207d694a9106a,44,60355065,2026-09-11T15:15:43+00:00,2026-09-11,buy_stablecoin,-4600540,9340597561199297,0.009340597561199297,-4.60054,0,4.60054
4663:0x4df2fb31b1e2a4804e73bc8121b0186f3d56d642980de79f77c6fb55c8c82800:66,post_effective,2026-09-11T15:01:46+00:00,2026-09-11T15:10:30+00:00,2026-09-11T15:19:14+00:00,4663:0x4a6faf1e8bbc4ed33cc2d42b479ae999bbbc96be8a5b82554a85c458783a234d:196,MSFT,v3,0x4a6faf1e8bbc4ed33cc2d42b479ae999bbbc96be8a5b82554a85c458783a234d,196,60355115,2026-09-11T15:15:50+00:00,2026-09-11,buy_stablecoin,-77498165,157347172181486390,0.15734717218148639,-77.498165,0,77.498165
4663:0x4df2fb31b1e2a4804e73bc8121b0186f3d56d642980de79f77c6fb55c8c82800:66,post_effective,2026-09-11T15:01:46+00:00,2026-09-11T15:10:30+00:00,2026-09-11T15:19:14+00:00,4663:0xfb63990f6a5e43a8650c1ad73a0783ae1333df626ddba19b9b9b5d5ba7b44008:92,MSFT,v3,0xfb63990f6a5e43a8650c1ad73a0783ae1333df626ddba19b9b9b5d5ba7b44008,92,60355446,2026-09-11T15:16:24+00:00,2026-09-11,buy_stock,55691850,-112395759590405163,-0.112395759590405163,55.69185,0.112395759590405163,0
4663:0x4df2fb31b1e2a4804e73bc8121b0186f3d56d642980de79f77c6fb55c8c82800:66,post_effective,2026-09-11T15:01:46+00:00,2026-09-11T15:10:30+00:00,2026-09-11T15:19:14+00:00,4663:0x81282e09f53af01d4bc36528ed5c78b560a41e3e522169d7d7d620745fa7bac2:16,MSFT,v3,0x81282e09f53af01d4bc36528ed5c78b560a41e3e522169d7d7d620745fa7bac2,16,60355464,2026-09-11T15:16:26+00:00,2026-09-11,buy_stablecoin,-732776,1487778509475650,0.00148777850947565,-0.732776,0,0.732776
4663:0x4df2fb31b1e2a4804e73bc8121b0186f3d56d642980de79f77c6fb55c8c82800:66,post_effective,2026-09-11T15:01:46+00:00,2026-09-11T15:10:30+00:00,2026-09-11T15:19:14+00:00,4663:0xccaba541297380027626b9935aa58027481ab98020458eb78a4bde507ebb572d:156,MSFT,v3,0xccaba541297380027626b9935aa58027481ab98020458eb78a4bde507ebb572d,156,60355524,2026-09-11T15:16:32+00:00,2026-09-11,buy_stock,51637645,-104213154315814862,-0.104213154315814862,51.637645,0.104213154315814862,0
4663:0x4df2fb31b1e2a4804e73bc8121b0186f3d56d642980de79f77c6fb55c8c82800:66,post_effective,2026-09-11T15:01:46+00:00,2026-09-11T15:10:30+00:00,2026-09-11T15:19:14+00:00,4663:0xccba27df8bb918a024bfcd49597c7ca50fe4e56b21249f5fca5c52e5599c338c:34,MSFT,v3,0xccba27df8bb918a024bfcd49597c7ca50fe4e56b21249f5fca5c52e5599c338c,34,60356006,2026-09-11T15:17:21+00:00,2026-09-11,buy_stock,25824471,-52117784970519611,-0.052117784970519611,25.824471,0.052117784970519611,0
4663:0x4df2fb31b1e2a4804e73bc8121b0186f3d56d642980de79f77c6fb55c8c82800:66,post_effective,2026-09-11T15:01:46+00:00,2026-09-11T15:10:30+00:00,2026-09-11T15:19:14+00:00,4663:0xddab85f198efe85dd6f9a41abdaea6d073bd66631089b09aab3d5f1a5e6b649a:9,MSFT,v3,0xddab85f198efe85dd6f9a41abdaea6d073bd66631089b09aab3d5f1a5e6b649a,9,60356555,2026-09-11T15:18:18+00:00,2026-09-11,buy_stock,11642945,-23497226156684919,-0.023497226156684919,11.642945,0.023497226156684919,0
4663:0x4df2fb31b1e2a4804e73bc8121b0186f3d56d642980de79f77c6fb55c8c82800:66,post_effective,2026-09-11T15:01:46+00:00,2026-09-11T15:10:30+00:00,2026-09-11T15:19:14+00:00,4663:0xcc58ecee5ffb80bdbcc568db3a98f209d92de452eda5ce71880c27fe99feb866:7,MSFT,v3,0xcc58ecee5ffb80bdbcc568db3a98f209d92de452eda5ce71880c27fe99feb866,7,60356856,2026-09-11T15:18:49+00:00,2026-09-11,buy_stock,1032990,-2084727843081493,-0.002084727843081493,1.03299,0.002084727843081493,0
4663:0x8928618da3daf1cc5a9e9f7a0e76d7bc28df824fea7d6838434a9c085c6b0b5e:4,pre_effective,2026-09-21T00:11:17+00:00,2026-09-21T00:20:36+00:00,2026-09-21T00:29:55+00:00,4663:0x497850586c0a21508a3da568b716490a4e300310bb3e102cd6b5339f17d94bd9:5,META,v4,0x497850586c0a21508a3da568b716490a4e300310bb3e102cd6b5339f17d94bd9,5,68361533,2026-09-21T00:17:19+00:00,2026-09-21,buy_stock,-132447227,196256192823808040,-0.19625619282380804,132.447227,0.19625619282380804,0
4663:0x8928618da3daf1cc5a9e9f7a0e76d7bc28df824fea7d6838434a9c085c6b0b5e:4,pre_effective,2026-09-21T00:11:17+00:00,2026-09-21T00:20:36+00:00,2026-09-21T00:29:55+00:00,4663:0xfce300f392713928d8629e8f594eb06275c17ab2ad12aebb8e1cab275fb1c98d:47,META,v4,0xfce300f392713928d8629e8f594eb06275c17ab2ad12aebb8e1cab275fb1c98d,47,68362177,2026-09-21T00:18:24+00:00,2026-09-21,buy_stablecoin,1906282622,-2844576347588674842,2.844576347588674842,-1906.282622,0,1906.282622
4663:0x8928618da3daf1cc5a9e9f7a0e76d7bc28df824fea7d6838434a9c085c6b0b5e:4,pre_effective,2026-09-21T00:11:17+00:00,2026-09-21T00:20:36+00:00,2026-09-21T00:29:55+00:00,4663:0xcaeb811e4d1b52e203d9d598fc0aa49dcf62ca9b87cacb32a1aa4c091ad33943:10,META,v4,0xcaeb811e4d1b52e203d9d598fc0aa49dcf62ca9b87cacb32a1aa4c091ad33943,10,68363107,2026-09-21T00:19:58+00:00,2026-09-21,buy_stock,-5322916,7887530415243596,-0.007887530415243596,5.322916,0.007887530415243596,0
4663:0x728a9545a0d36b55ef5b4c12a9b9a3565e22167abe78f4453efb78d1292fcf62:24,pre_effective,2026-08-10T15:01:06+00:00,2026-08-10T15:10:24+00:00,2026-08-10T15:19:42+00:00,4663:0x725e9d55d0fb470c84327608ff8034306fcee8a8f1cea3232bb50eacdade1304:62,COST,v3,0x725e9d55d0fb470c84327608ff8034306fcee8a8f1cea3232bb50eacdade1304,62,32892930,2026-08-10T15:06:09+00:00,2026-08-10,buy_stablecoin,262155998572017656,-247534398,0.262155998572017656,-247.534398,0,247.534398
4663:0x728a9545a0d36b55ef5b4c12a9b9a3565e22167abe78f4453efb78d1292fcf62:24,pre_effective,2026-08-10T15:01:06+00:00,2026-08-10T15:10:24+00:00,2026-08-10T15:19:42+00:00,4663:0x4800f34b7648ed4502bc0242464c146e8dd66a156cc98c08138fda59e74a4547:16,COST,v3,0x4800f34b7648ed4502bc0242464c146e8dd66a156cc98c08138fda59e74a4547,16,32895078,2026-08-10T15:09:43+00:00,2026-08-10,buy_stablecoin,55000000000000000,-51926639,0.055,-51.926639,0,51.926639
4663:0x728a9545a0d36b55ef5b4c12a9b9a3565e22167abe78f4453efb78d1292fcf62:24,post_effective,2026-08-10T15:01:06+00:00,2026-08-10T15:10:24+00:00,2026-08-10T15:19:42+00:00,4663:0xe7dd08a287478f44907536a671a09f9a67a19b4e41b20255549ecd7a43bd1f0e:64,COST,v3,0xe7dd08a287478f44907536a671a09f9a67a19b4e41b20255549ecd7a43bd1f0e,64,32895632,2026-08-10T15:10:39+00:00,2026-08-10,buy_stablecoin,5744814456467694,-5423682,0.005744814456467694,-5.423682,0,5.423682
4663:0x728a9545a0d36b55ef5b4c12a9b9a3565e22167abe78f4453efb78d1292fcf62:24,post_effective,2026-08-10T15:01:06+00:00,2026-08-10T15:10:24+00:00,2026-08-10T15:19:42+00:00,4663:0x546e2e1f23715b8a8c561d3adfd70c794fb6e94cf4743c565bc132c1ef4d4cbb:150,COST,v3,0x546e2e1f23715b8a8c561d3adfd70c794fb6e94cf4743c565bc132c1ef4d4cbb,150,32897332,2026-08-10T15:13:28+00:00,2026-08-10,buy_stablecoin,45991764319398396,-43420067,0.045991764319398396,-43.420067,0,43.420067
4663:0x728a9545a0d36b55ef5b4c12a9b9a3565e22167abe78f4453efb78d1292fcf62:24,post_effective,2026-08-10T15:01:06+00:00,2026-08-10T15:10:24+00:00,2026-08-10T15:19:42+00:00,4663:0xc5893ba76d26bd5a0de6e0c009628cf26fb3f1f384193ca4290089755b7e318b:73,COST,v3,0xc5893ba76d26bd5a0de6e0c009628cf26fb3f1f384193ca4290089755b7e318b,73,32898649,2026-08-10T15:15:40+00:00,2026-08-10,buy_stablecoin,3558270328080567,-3359246,0.003558270328080567,-3.359246,0,3.359246
4663:0x728a9545a0d36b55ef5b4c12a9b9a3565e22167abe78f4453efb78d1292fcf62:24,post_effective,2026-08-10T15:01:06+00:00,2026-08-10T15:10:24+00:00,2026-08-10T15:19:42+00:00,4663:0x814a7dde9cd012b8b774bc676bc793d42378455a09587e2d6f3617513ec0032f:16,COST,v3,0x814a7dde9cd012b8b774bc676bc793d42378455a09587e2d6f3617513ec0032f,16,32899810,2026-08-10T15:17:37+00:00,2026-08-10,buy_stablecoin,1060310458902366612,-1000631536,1.060310458902366612,-1000.631536,0,1000.631536
