id,ticker,pool_version,transaction_hash,log_index,block_number,timestamp,date,direction,amount0_raw,amount1_raw,stock_delta,stablecoin_delta,stock_bought,stablecoin_bought
4663:0xfe4a786112dffacd68649e0c3fcc20e88892c70370293db6730a106682b65b18:20,AAPL,v4,0xfe4a786112dffacd68649e0c3fcc20e88892c70370293db6730a106682b65b18,20,36340463,2026-08-14T14:54:57+00:00,2026-08-14,buy_stock,-18656780,60765719267759093,-0.060765719267759093,18.65678,0.060765719267759093,0
4663:0x30bbd4cdea836474a2b69c2eeecc01ce2cea0d9d92d3ab21876918e753f0e676:16,AAPL,v4,0x30bbd4cdea836474a2b69c2eeecc01ce2cea0d9d92d3ab21876918e753f0e676,16,36343831,2026-08-14T15:00:34+00:00,2026-08-14,buy_stock,-5000000,16285052513179439,-0.016285052513179439,5,0.016285052513179439,0
4663:0x3543e32b945140dec7ac17ae94796b57c144a8681efb83406a2840b7bc891e97:20,AAPL,v4,0x3543e32b945140dec7ac17ae94796b57c144a8681efb83406a2840b7bc891e97,20,36345983,2026-08-14T15:04:11+00:00,2026-08-14,buy_stablecoin,124589589,-408657729696328035,0.408657729696328035,-124.589589,0,124.589589
4663:0xd67e255d5c7d43e44cb0f178297d4061bd51996db55531d194fd3b069c249989:99,AAPL,v4,0xd67e255d5c7d43e44cb0f178297d4061bd51996db55531d194fd3b069c249989,99,36348476,2026-08-14T15:08:20+00:00,2026-08-14,buy_stablecoin,570846938,-1872753840485682572,1.872753840485682572,-570.846938,0,570.846938
4663:0x39c7abe712619a9a3d14856d6979242d5de9561c47df10cb8b95d048a568f4cd:49,AAPL,v4,0x39c7abe712619a9a3d14856d6979242d5de9561c47df10cb8b95d048a568f4cd,49,36348548,2026-08-14T15:08:27+00:00,2026-08-14,buy_stablecoin,1089492,-3574815092875464,0.003574815092875464,-1.089492,0,1.089492
4663:0x41929cf518e75fe8579b1d010bf7a8bc176f76f78cb3fb7475f8ebdbcd2469eb:1,AAPL,v4,0x41929cf518e75fe8579b1d010bf7a8bc176f76f78cb3fb7475f8ebdbcd2469eb,1,36348852,2026-08-14T15:08:58+00:00,2026-08-14,buy_stablecoin,416177693,-1365708358259675136,1.365708358259675136,-416.177693,0,416.177693
4663:0x60bd90969138aff1715f9384717b7472be707c61d9676fe3aac01a4f93bc89d3:12,AAPL,v4,0x60bd90969138aff1715f9384717b7472be707c61d9676fe3aac01a4f93bc89d3,12,36348855,2026-08-14T15:08:58+00:00,2026-08-14,buy_stablecoin,464570686,-1524881802835013819,1.524881802835013819,-464.570686,0,464.570686
4663:0x1e03f8daa85b2ba23e0673bef27b66accf467a858f6b7cc7817972e0ce18e5e7:4,AAPL,v4,0x1e03f8daa85b2ba23e0673bef27b66accf467a858f6b7cc7817972e0ce18e5e7,4,36349170,2026-08-14T15:09:30+00:00,2026-08-14,buy_stablecoin,382322985,-1255208768932336088,1.255208768932336088,-382.322985,0,382.322985
4663:0x52dee93465f1873b7d9259b848a4091413b11a1dbe88f18fd798ff6e66fdaa2c:1,AAPL,v4,0x52dee93465f1873b7d9259b848a4091413b11a1dbe88f18fd798ff6e66fdaa2c,1,36350013,2026-08-14T15:10:55+00:00,2026-08-14,buy_stablecoin,352858784,-1158708867129198298,1.158708867129198298,-352.858784,0,352.858784
4663:0x542d350fdeba1afa01c32551791e267ccff1815b996a88c70a9384744c0da4f1:10,AAPL,v4,0x542d350fdeba1afa01c32551791e267ccff1815b996a88c70a9384744c0da4f1,10,36350815,2026-08-14T15:12:15+00:00,2026-08-14,buy_stablecoin,151789799,-498512766561709794,0.498512766561709794,-151.789799,0,151.789799
4663:0x8bb000e9e1ee24a2eac16134935ef16c0dc6d02e128647197b253b6656ad1275:25,AAPL,v4,0x8bb000e9e1ee24a2eac16134935ef16c0dc6d02e128647197b253b6656ad1275,25,36351364,2026-08-14T15:13:09+00:00,2026-08-14,buy_stablecoin,55793044,-183247711478657583,0.183247711478657583,-55.793044,0,55.793044
4663:0x2b066b005c564c37beeed1a774bd0f75ceb440a5db05080ef295e5d365b64703:10,AAPL,v4,0x2b066b005c564c37beeed1a774bd0f75ceb440a5db05080ef295e5d365b64703,10,36351710,2026-08-14T15:13:44+00:00,2026-08-14,buy_stock,-5000000,16307600228256621,-0.016307600228256621,5,0.016307600228256621,0
4663:0x36f1468f43601bdf3570ececa95bcc80c87d1100f55643dde1633752c7828b95:30,AAPL,v4,0x36f1468f43601bdf3570ececa95bcc80c87d1100f55643dde1633752c7828b95,30,36352252,2026-08-14T15:14:38+00:00,2026-08-14,buy_stablecoin,88153339,-289543142970802429,0.289543142970802429,-88.153339,0,88.153339
4663:0xe54bbb35b7080646e474374e49f9e04f04222bf380c8296ee06f45ef41a9132a:4,AAPL,v4,0xe54bbb35b7080646e474374e49f9e04f04222bf380c8296ee06f45ef41a9132a,4,36358403,2026-08-14T15:24:56+00:00,2026-08-14,buy_stock,-5000000,16308346662240952,-0.016308346662240952,5,0.016308346662240952,0
4663:0xfc3c8b25c685edaacf71e887a4d41fab747e9e251d9b92cc0d36ef43234e8328:13,AAPL,v4,0xfc3c8b25c685edaacf71e887a4d41fab747e9e251d9b92cc0d36ef43234e8328,13,36359427,2026-08-14T15:26:37+00:00,2026-08-14,buy_stock,-53754321,175325993611136021,-0.175325993611136021,53.754321,0.175325993611136021,0
4663:0x12b6bdccef04e060b117c1fffcc712a8b47a4cc81493e4069d0f8c43299b619b:41,AAPL,v4,0x12b6bdccef04e060b117c1fffcc712a8b47a4cc81493e4069d0f8c43299b619b,41,36360067,2026-08-14T15:27:42+00:00,2026-08-14,buy_stock,-18714896,61039604104479359,-0.061039604104479359,18.714896,0.061039604104479359,0
4663:0x621f69bc961ebec25b09f5535e71c238345af731794ec8feca8c2b90e6de4338:68,AAPL,v4,0x621f69bc961ebec25b09f5535e71c238345af731794ec8feca8c2b90e6de4338,68,36360866,2026-08-14T15:29:02+00:00,2026-08-14,buy_stablecoin,56381457,-185186632575661092,0.185186632575661092,-56.381457,0,56.381457
4663:0x3608d1fb8248dc4340a008e7dd32d18106f231c5c82aef6365e0bc984bf9483f:11,AAPL,v4,0x3608d1fb8248dc4340a008e7dd32d18106f231c5c82aef6365e0bc984bf9483f,11,36360917,2026-08-14T15:29:07+00:00,2026-08-14,buy_stock,-930824,3036008548049872,-0.003036008548049872,0.930824,0.003036008548049872,0
4663:0x36fcb65fe0b86834922e13c674cb22cb7946baafbc88f41ecd6aaa180d4100e9:18,AAPL,v4,0x36fcb65fe0b86834922e13c674cb22cb7946baafbc88f41ecd6aaa180d4100e9,18,36361191,2026-08-14T15:29:35+00:00,2026-08-14,buy_stock,-5000000,16308151508898647,-0.016308151508898647,5,0.016308151508898647,0
4663:0x9c8b73dc48a084f913c8abc53a773868c9e5d06abc65187bc47aad693cea40c3:22,AAPL,v4,0x9c8b73dc48a084f913c8abc53a773868c9e5d06abc65187bc47aad693cea40c3,22,36361476,2026-08-14T15:30:04+00:00,2026-08-14,buy_stock,-22408852,73088840010293512,-0.073088840010293512,22.408852,0.073088840010293512,0
4663:0x8bced54cdbdba768c738754db072ab35a721e836a13985dab292c624cd92925a:5,AAPL,v4,0x8bced54cdbdba768c738754db072ab35a721e836a13985dab292c624cd92925a,5,36361791,2026-08-14T15:30:35+00:00,2026-08-14,buy_stock,-933523,3044762559148204,-0.003044762559148204,0.933523,0.003044762559148204,0
4663:0x726bb5e1cb151ee3304bfc200eb08a7d46074e6a5b13c695704581d0841562b5:45,AAPL,v4,0x726bb5e1cb151ee3304bfc200eb08a7d46074e6a5b13c695704581d0841562b5,45,36362230,2026-08-14T15:31:19+00:00,2026-08-14,buy_stock,-22400148,73059514439941420,-0.07305951443994142,22.400148,0.07305951443994142,0
4663:0x04a0865716b740d3fb27b871e69a03a70863ce9dc898e45e29dbb93847c55274:33,COST,v3,0x04a0865716b740d3fb27b871e69a03a70863ce9dc898e45e29dbb93847c55274,33,32886978,2026-08-10T14:56:12+00:00,2026-08-10,buy_stock,-528068080517620956,501365200,-0.528068080517620956,501.3652,0.528068080517620956,0
4663:0x9bc9cff54255d506193802d358fc0df55778f6e413ba10da6bf5eebcdf2d93d1:11,COST,v3,0x9bc9cff54255d506193802d358fc0df55778f6e413ba10da6bf5eebcdf2d93d1,11,32887000,2026-08-10T14:56:14+00:00,2026-08-10,buy_stock,-316554553866155190,300636457,-0.31655455386615519,300.636457,0.31655455386615519,0
4663:0xcc131b3d312c811e1e5c82d0dfa23dd762343fa0bf3e476d6fea5a3b42ed9af1:28,COST,v3,0xcc131b3d312c811e1e5c82d0dfa23dd762343fa0bf3e476d6fea5a3b42ed9af1,28,32887060,2026-08-10T14:56:20+00:00,2026-08-10,buy_stock,-275191341261038421,261407535,-0.275191341261038421,261.407535,0.275191341261038421,0
4663:0x725e9d55d0fb470c84327608ff8034306fcee8a8f1cea3232bb50eacdade1304:62,COST,v3,0x725e9d55d0fb470c84327608ff8034306fcee8a8f1cea3232bb50eacdade1304,62,32892930,2026-08-10T15:06:09+00:00,2026-08-10,buy_stablecoin,262155998572017656,-247534398,0.262155998572017656,-247.534398,0,247.534398
4663:0x4800f34b7648ed4502bc0242464c146e8dd66a156cc98c08138fda59e74a4547:16,COST,v3,0x4800f34b7648ed4502bc0242464c146e8dd66a156cc98c08138fda59e74a4547,16,32895078,2026-08-10T15:09:43+00:00,2026-08-10,buy_stablecoin,55000000000000000,-51926639,0.055,-51.926639,0,51.926639
4663:0xe7dd08a287478f44907536a671a09f9a67a19b4e41b20255549ecd7a43bd1f0e:64,COST,v3,0xe7dd08a287478f44907536a671a09f9a67a19b4e41b20255549ecd7a43bd1f0e,64,32895632,2026-08-10T15:10:39+00:00,2026-08-10,buy_stablecoin,5744814456467694,-5423682,0.005744814456467694,-5.423682,0,5.423682
4663:0x546e2e1f23715b8a8c561d3adfd70c794fb6e94cf4743c565bc132c1ef4d4cbb:150,COST,v3,0x546e2e1f23715b8a8c561d3adfd70c794fb6e94cf4743c565bc132c1ef4d4cbb,150,32897332,2026-08-10T15:13:28+00:00,2026-08-10,buy_stablecoin,45991764319398396,-43420067,0.045991764319398396,-43.420067,0,43.420067
4663:0xc5893ba76d26bd5a0de6e0c009628cf26fb3f1f384193ca4290089755b7e318b:73,COST,v3,0xc5893ba76d26bd5a0de6e0c009628cf26fb3f1f384193ca4290089755b7e318b,73,32898649,2026-08-10T15:15:40+00:00,2026-08-10,buy_stablecoin,3558270328080567,-3359246,0.003558270328080567,-3.359246,0,3.359246
4663:0x814a7dde9cd012b8b774bc676bc793d42378455a09587e2d6f3617513ec0032f:16,COST,v3,0x814a7dde9cd012b8b774bc676bc793d42378455a09587e2d6f3617513ec0032f,16,32899810,2026-08-10T15:17:37+00:00,2026-08-10,buy_stablecoin,1060310458902366612,-1000631536,1.060310458902366612,-1000.631536,0,1000.631536
4663:0x34938a1eebccb8be009d7aa02aa5e3998ef8b806f0ad69c8e62fdd9e767f3938:29,COST,v3,0x34938a1eebccb8be009d7aa02aa5e3998ef8b806f0ad69c8e62fdd9e767f3938,29,32904880,2026-08-10T15:26:03+00:00,2026-08-10,buy_stablecoin,1023631849220215713,-965312991,1.023631849220215713,-965.312991,0,965.312991
4663:0x469f5647431a8ccfff75bb707f58f0fe8d3182232954a0f046e783ce90b73e7b:65,COST,v3,0x469f5647431a8ccfff75bb707f58f0fe8d3182232954a0f046e783ce90b73e7b,65,32905223,2026-08-10T15:26:38+00:00,2026-08-10,buy_stablecoin,904744219603490,-852892,0.00090474421960349,-0.852892,0,0.852892
4663:0xc25dd6973fe08edc4c865d9f670cc2b58ce0e916545d8ba0dc5f22d1ae21b172:50,GOOGL,v3,0xc25dd6973fe08edc4c865d9f670cc2b58ce0e916545d8ba0dc5f22d1ae21b172,50,63741221,2026-09-15T14:50:59+00:00,2026-09-15,buy_stablecoin,729933731204375503,-251400213,0.729933731204375503,-251.400213,0,251.400213
4663:0xbc13a03d3830b71361ee12d8c4b61794a81be72c820e5ec3311782663bd0fd44:54,GOOGL,v3,0xbc13a03d3830b71361ee12d8c4b61794a81be72c820e5ec3311782663bd0fd44,54,63741269,2026-09-15T14:51:04+00:00,2026-09-15,buy_stablecoin,5990953370885168877,-2063305215,5.990953370885168877,-2063.305215,0,2063.305215
4663:0x5ed8ee17b4a72c4b72c83f60409b83fffea15f748514a682d0a50baf14270ca2:17,GOOGL,v3,0x5ed8ee17b4a72c4b72c83f60409b83fffea15f748514a682d0a50baf14270ca2,17,63741273,2026-09-15T14:51:04+00:00,2026-09-15,buy_stablecoin,1162100000000000000,-400216898,1.1621,-400.216898,0,400.216898
4663:0x2b7476dd6cffc269bb08bd70c22c7a7c2ce0a4b0a7481e6c77f6db5367b87474:146,GOOGL,v3,0x2b7476dd6cffc269bb08bd70c22c7a7c2ce0a4b0a7481e6c77f6db5367b87474,146,63741278,2026-09-15T14:51:05+00:00,2026-09-15,buy_stablecoin,5810644750883291136,-2001064206,5.810644750883291136,-2001.064206,0,2001.064206
4663:0xfd49e0ff3763fbb3bd7335244e2811aedefbcb0321f9204c84d6a65fbcee3060:120,GOOGL,v3,0xfd49e0ff3763fbb3bd7335244e2811aedefbcb0321f9204c84d6a65fbcee3060,120,63741282,2026-09-15T14:51:05+00:00,2026-09-15,buy_stablecoin,136800000000000000,-47109642,0.1368,-47.109642,0,47.109642
4663:0x7ea9ae8892b891c06cf5edbd9022a725e82b6b25aff41f93211ecb54abd43c71:12,GOOGL,v3,0x7ea9ae8892b891c06cf5edbd9022a725e82b6b25aff41f93211ecb54abd43c71,12,63741290,2026-09-15T14:51:06+00:00,2026-09-15,buy_stablecoin,1162600000000000000,-400360476,1.1626,-400.360476,0,400.360476
4663:0xcaf0a4e6da9598c1622bff24e2f4290b270de75ca4cff72f88ab06d11569a9a1:70,GOOGL,v3,0xcaf0a4e6da9598c1622bff24e2f4290b270de75ca4cff72f88ab06d11569a9a1,70,63741296,2026-09-15T14:51:07+00:00,2026-09-15,buy_stablecoin,1162600000000000000,-400355797,1.1626,-400.355797,0,400.355797
4663:0xf2c2e4335f934c6fa173427f7a0fd27d29d61e18ca8ae54c67c4c4b224b2c430:50,GOOGL,v3,0xf2c2e4335f934c6fa173427f7a0fd27d29d61e18ca8ae54c67c4c4b224b2c430,50,63741301,2026-09-15T14:51:07+00:00,2026-09-15,buy_stablecoin,1162300000000000000,-400247811,1.1623,-400.247811,0,400.247811
4663:0x276d0ac092fadbb051edc3e401ad79a6e8efbc3ea31c49a0cad31816e7b2eeab:39,GOOGL,v3,0x276d0ac092fadbb051edc3e401ad79a6e8efbc3ea31c49a0cad31816e7b2eeab,39,63741307,2026-09-15T14:51:08+00:00,2026-09-15,buy_stablecoin,136600000000000000,-47039055,0.1366,-47.039055,0,47.039055
4663:0x3d21f525463649350089d8c9e27530ba013d4648ba4eb2aec2587c4c494ead03:103,GOOGL,v3,0x3d21f525463649350089d8c9e27530ba013d4648ba4eb2aec2587c4c494ead03,103,63741655,2026-09-15T14:51:45+00:00,2026-09-15,buy_stablecoin,6664901935909586181,-2295021608,6.664901935909586181,-2295.021608,0,2295.021608
4663:0x5612ed6219b3623e0db1f5ea690816724d0b8a52eaf61f99c60cc54f59d0e6ad:18,GOOGL,v3,0x5612ed6219b3623e0db1f5ea690816724d0b8a52eaf61f99c60cc54f59d0e6ad,18,63741751,2026-09-15T14:51:56+00:00,2026-09-15,buy_stablecoin,136371306394219326,-46956684,0.136371306394219326,-46.956684,0,46.956684
4663:0x111f448cf1e430fa69d117b7b6ce26def31d0cc9f5e3a3c243c96b0b1597e126:47,GOOGL,v3,0x111f448cf1e430fa69d117b7b6ce26def31d0cc9f5e3a3c243c96b0b1597e126,47,63741757,2026-09-15T14:51:57+00:00,2026-09-15,buy_stablecoin,64972995125617621,-22372018,0.064972995125617621,-22.372018,0,22.372018
4663:0x93a542f15e278293e53ae61b9613e8f929783ebe2e225f077010c0cbaff1d9e9:54,GOOGL,v3,0x93a542f15e278293e53ae61b9613e8f929783ebe2e225f077010c0cbaff1d9e9,54,63741791,2026-09-15T14:52:01+00:00,2026-09-15,buy_stablecoin,136468253780930121,-46989601,0.136468253780930121,-46.989601,0,46.989601
4663:0xe248a163696cebef5ed4d91ea72c011461cd9130bcde1a8900de042d862fb77b:41,GOOGL,v3,0xe248a163696cebef5ed4d91ea72c011461cd9130bcde1a8900de042d862fb77b,41,63741926,2026-09-15T14:52:15+00:00,2026-09-15,buy_stablecoin,2930313856490112077,-1008907996,2.930313856490112077,-1008.907996,0,1008.907996
4663:0xf626b61c5adc8c83a4820f802f410c6e81be1310693531572c4556148b40b097:52,GOOGL,v3,0xf626b61c5adc8c83a4820f802f410c6e81be1310693531572c4556148b40b097,52,63741947,2026-09-15T14:52:17+00:00,2026-09-15,buy_stablecoin,2468337322124325173,-849736679,2.468337322124325173,-849.736679,0,849.736679
4663:0xb791925926480c88d00307138af45eebba6417970635d6176f5de592277e8151:33,GOOGL,v3,0xb791925926480c88d00307138af45eebba6417970635d6176f5de592277e8151,33,63742025,2026-09-15T14:52:25+00:00,2026-09-15,buy_stock,-432270714539440540,148952695,-0.43227071453944054,148.952695,0.43227071453944054,0
4663:0xb32188e17961ab253b721a3f1971202f41c3b514094726b81d3b8d7243da708a:37,GOOGL,v3,0xb32188e17961ab253b721a3f1971202f41c3b514094726b81d3b8d7243da708a,37,63742035,2026-09-15T14:52:26+00:00,2026-09-15,buy_stock,-1560223607276835069,537651240,-1.560223607276835069,537.65124,1.560223607276835069,0
4663:0xcf683376f93e891d9e24cf52d6a6a2ffa5f2d85c331af7329c3b1116edc17270:67,GOOGL,v3,0xcf683376f93e891d9e24cf52d6a6a2ffa5f2d85c331af7329c3b1116edc17270,67,63742036,2026-09-15T14:52:26+00:00,2026-09-15,buy_stock,-94984376593025537,32732838,-0.094984376593025537,32.732838,0.094984376593025537,0
4663:0x2be40a8fcf3a90776b49898bdae85882bfca54a45a72bf037c8f0cbd3b99b6b7:12,GOOGL,v3,0x2be40a8fcf3a90776b49898bdae85882bfca54a45a72bf037c8f0cbd3b99b6b7,12,63742041,2026-09-15T14:52:27+00:00,2026-09-15,buy_stock,-1684368446800539622,580480383,-1.684368446800539622,580.480383,1.684368446800539622,0
4663:0x14111e0aff98e360f9e6d095fdd9dcc5e936e72602fb337b6292e4f46c53b778:184,GOOGL,v3,0x14111e0aff98e360f9e6d095fdd9dcc5e936e72602fb337b6292e4f46c53b778,184,63742042,2026-09-15T14:52:27+00:00,2026-09-15,buy_stock,-1374691984153277423,473792835,-1.374691984153277423,473.792835,1.374691984153277423,0
4663:0x8e64914274aaf5dc16b61ded3fc9eecb6a671f9e138d66b273cea229f5319079:65,GOOGL,v3,0x8e64914274aaf5dc16b61ded3fc9eecb6a671f9e138d66b273cea229f5319079,65,63742044,2026-09-15T14:52:27+00:00,2026-09-15,buy_stock,-343971001191672545,118555923,-0.343971001191672545,118.555923,0.343971001191672545,0
4663:0xf5ffd899286b46f13eeea3c9e94800977743aae1bdba0905e699143068261969:18,GOOGL,v3,0xf5ffd899286b46f13eeea3c9e94800977743aae1bdba0905e699143068261969,18,63742297,2026-09-15T14:52:54+00:00,2026-09-15,buy_stablecoin,4267397499144643072,-1469224911,4.267397499144643072,-1469.224911,0,1469.224911
4663:0xb52658501ed75e6044df8f0d88da6d4590b7f5aac93da272262bf0d11b19d46c:22,GOOGL,v3,0xb52658501ed75e6044df8f0d88da6d4590b7f5aac93da272262bf0d11b19d46c,22,63742579,2026-09-15T14:53:23+00:00,2026-09-15,buy_stock,-1084170419700416187,373612373,-1.084170419700416187,373.612373,1.084170419700416187,0
4663:0x37dd4a0502dd1b279a0c463134eb740b88acfbbf4116adb1c994d50de2a969fb:53,GOOGL,v3,0x37dd4a0502dd1b279a0c463134eb740b88acfbbf4116adb1c994d50de2a969fb,53,63742772,2026-09-15T14:53:40+00:00,2026-09-15,buy_stock,-232673936567142309,80183150,-0.232673936567142309,80.18315,0.232673936567142309,0
4663:0x30e9210179e66ed7be64a4fccf7dffe2be769dc007a9d6aabd0ef5b952b1cb34:34,GOOGL,v3,0x30e9210179e66ed7be64a4fccf7dffe2be769dc007a9d6aabd0ef5b952b1cb34,34,63742773,2026-09-15T14:53:40+00:00,2026-09-15,buy_stablecoin,1162600000000000000,-400242357,1.1626,-400.242357,0,400.242357
4663:0x3cab9fed9a3b69d3397b6605f1109e0c63f3eed7322b893fc86940a9bea8561c:17,GOOGL,v3,0x3cab9fed9a3b69d3397b6605f1109e0c63f3eed7322b893fc86940a9bea8561c,17,63742782,2026-09-15T14:53:41+00:00,2026-09-15,buy_stablecoin,1162600000000000000,-400223363,1.1626,-400.223363,0,400.223363
4663:0x23f04dfb397b5e587ce3c7e335df81e0f527f715a8ead0d6f4b1a9fdcb0f4634:9,GOOGL,v3,0x23f04dfb397b5e587ce3c7e335df81e0f527f715a8ead0d6f4b1a9fdcb0f4634,9,63742790,2026-09-15T14:53:42+00:00,2026-09-15,buy_stablecoin,1162700000000000000,-400238794,1.1627,-400.238794,0,400.238794
4663:0x9360d604d1674fdd553900d9afbf1dfea66424fadfa2a91635cf886c90bbaf4e:18,GOOGL,v3,0x9360d604d1674fdd553900d9afbf1dfea66424fadfa2a91635cf886c90bbaf4e,18,63742891,2026-09-15T14:53:53+00:00,2026-09-15,buy_stock,-2902008355444184537,1000000000,-2.902008355444184537,1000,2.902008355444184537,0
4663:0x002d8e5e0ec9196e1b15d14194f3eeab4dcd613b1d0a7ac1ebe9662ee008f20a:6,GOOGL,v3,0x002d8e5e0ec9196e1b15d14194f3eeab4dcd613b1d0a7ac1ebe9662ee008f20a,6,63742897,2026-09-15T14:53:53+00:00,2026-09-15,buy_stablecoin,1162600000000000000,-400232808,1.1626,-400.232808,0,400.232808
4663:0x9a813b544fd7899022f0ab0a29edc6f62a8bcf92349e67d52d5cdc9bb5887fc9:5,GOOGL,v3,0x9a813b544fd7899022f0ab0a29edc6f62a8bcf92349e67d52d5cdc9bb5887fc9,5,63742905,2026-09-15T14:53:54+00:00,2026-09-15,buy_stablecoin,1162600000000000000,-400213816,1.1626,-400.213816,0,400.213816
4663:0xf79816c2575aa79bcdc69f666d19a936a1b8a66e448e15e465356342c5351fb4:11,GOOGL,v3,0xf79816c2575aa79bcdc69f666d19a936a1b8a66e448e15e465356342c5351fb4,11,63743153,2026-09-15T14:54:21+00:00,2026-09-15,buy_stock,-2245615767732893311,773822264,-2.245615767732893311,773.822264,2.245615767732893311,0
4663:0x9f72666afff739839f84ad359ec932dda46bef89454b923e5a828d3e855a2fc8:59,GOOGL,v3,0x9f72666afff739839f84ad359ec932dda46bef89454b923e5a828d3e855a2fc8,59,63743280,2026-09-15T14:54:34+00:00,2026-09-15,buy_stock,-2613106377647732909,900546101,-2.613106377647732909,900.546101,2.613106377647732909,0
4663:0xaca9e093a6bb68bc0f667bddc1ed8d2acb3a4489d95933d5fe982e4bc60bf4fd:12,GOOGL,v3,0xaca9e093a6bb68bc0f667bddc1ed8d2acb3a4489d95933d5fe982e4bc60bf4fd,12,63743288,2026-09-15T14:54:35+00:00,2026-09-15,buy_stablecoin,15894237079259907,-5472391,0.015894237079259907,-5.472391,0,5.472391
4663:0xb093c83a77e65e5e70b28a3977baa7717ac322ab5afb86e956544576abff4bb1:26,GOOGL,v3,0xb093c83a77e65e5e70b28a3977baa7717ac322ab5afb86e956544576abff4bb1,26,63743325,2026-09-15T14:54:39+00:00,2026-09-15,buy_stock,-6903054144343127176,2379327192,-6.903054144343127176,2379.327192,6.903054144343127176,0
4663:0xbd4206108ca3cf283a74ed0154928037a251d48319bf4f6612c7a737aba9437e:85,GOOGL,v3,0xbd4206108ca3cf283a74ed0154928037a251d48319bf4f6612c7a737aba9437e,85,63743540,2026-09-15T14:55:01+00:00,2026-09-15,buy_stablecoin,1993050878806208442,-686298216,1.993050878806208442,-686.298216,0,686.298216
4663:0x00e68f3ae35ee08b33e764f9dd97550d1e1ffaf9608498973488c8a4e2987a8e:112,GOOGL,v3,0x00e68f3ae35ee08b33e764f9dd97550d1e1ffaf9608498973488c8a4e2987a8e,112,63743570,2026-09-15T14:55:04+00:00,2026-09-15,buy_stablecoin,171336854193178820,-58998450,0.17133685419317882,-58.99845,0,58.99845
4663:0xde2fc7223b3e97f084e8d2104565b7716c0f5a8fdd8c98abbadeb6a3eb4de831:63,GOOGL,v3,0xde2fc7223b3e97f084e8d2104565b7716c0f5a8fdd8c98abbadeb6a3eb4de831,63,63743573,2026-09-15T14:55:04+00:00,2026-09-15,buy_stock,-689883072746030385,237793965,-0.689883072746030385,237.793965,0.689883072746030385,0
4663:0x17dbf7423901ed0bb6aebd310b97c961bafdf5589f85a63fa91e5f8c5f967610:92,GOOGL,v3,0x17dbf7423901ed0bb6aebd310b97c961bafdf5589f85a63fa91e5f8c5f967610,92,63743600,2026-09-15T14:55:07+00:00,2026-09-15,buy_stablecoin,137457729382366130,-47332701,0.13745772938236613,-47.332701,0,47.332701
4663:0x5c9df17c28e783e470f5b62be3cd54ed0b5d16021afc9d38785e450d9ae77810:60,GOOGL,v3,0x5c9df17c28e783e470f5b62be3cd54ed0b5d16021afc9d38785e450d9ae77810,60,63743618,2026-09-15T14:55:09+00:00,2026-09-15,buy_stablecoin,686914741801864247,-236533788,0.686914741801864247,-236.533788,0,236.533788
4663:0x004e2069d249213937180d8c98f3b6c5944324e8599c99cc95c3eb91fb70854b:81,GOOGL,v3,0x004e2069d249213937180d8c98f3b6c5944324e8599c99cc95c3eb91fb70854b,81,63743863,2026-09-15T14:55:35+00:00,2026-09-15,buy_stock,-13603987731779441093,4689417012,-13.603987731779441093,4689.417012,13.603987731779441093,0
4663:0xd0362af904db85eeed0b2455a0d82fa45e73b11cd42a7a32d8866e8e3717b9d8:97,GOOGL,v3,0xd0362af904db85eeed0b2455a0d82fa45e73b11cd42a7a32d8866e8e3717b9d8,97,63743863,2026-09-15T14:55:35+00:00,2026-09-15,buy_stock,-5497920739623282092,1895362616,-5.497920739623282092,1895.362616,5.497920739623282092,0
4663:0x2fdcd688be667ba6cab72a72f2efc3e90019106b3ffe8a9edf7c56bf266b3db9:80,GOOGL,v3,0x2fdcd688be667ba6cab72a72f2efc3e90019106b3ffe8a9edf7c56bf266b3db9,80,63743865,2026-09-15T14:55:35+00:00,2026-09-15,buy_stock,-7496008781795274742,2584353739,-7.496008781795274742,2584.353739,7.496008781795274742,0
4663:0xa0e9a63b97834349ab170246c830ccf5ca70b0c2ff2e4e4d42fb5163a53fe854:55,GOOGL,v3,0xa0e9a63b97834349ab170246c830ccf5ca70b0c2ff2e4e4d42fb5163a53fe854,55,63743867,2026-09-15T14:55:35+00:00,2026-09-15,buy_stock,-6439360051819719182,2220213040,-6.439360051819719182,2220.21304,6.439360051819719182,0
4663:0x3bce82b2af340ebb133947758a394afc73db0127280c07cbf223d78b7691c170:40,GOOGL,v3,0x3bce82b2af340ebb133947758a394afc73db0127280c07cbf223d78b7691c170,40,63744206,2026-09-15T14:56:11+00:00,2026-09-15,buy_stablecoin,321633515818122137,-110787824,0.321633515818122137,-110.787824,0,110.787824
4663:0xd089e1dcd117aecf493862f62cd1cf0a6b488998f1f83b06d021e04cb8fe5519:18,GOOGL,v3,0xd089e1dcd117aecf493862f62cd1cf0a6b488998f1f83b06d021e04cb8fe5519,18,63744370,2026-09-15T14:56:28+00:00,2026-09-15,buy_stock,-688484922899665152,237388878,-0.688484922899665152,237.388878,0.688484922899665152,0
4663:0x8913ed3b3ea04be6cc238bb361da1e4f2f754e7e0d567aefecfa82b42bf31c5a:128,GOOGL,v3,0x8913ed3b3ea04be6cc238bb361da1e4f2f754e7e0d567aefecfa82b42bf31c5a,128,63744833,2026-09-15T14:57:16+00:00,2026-09-15,buy_stablecoin,1127022096802171009,-388206690,1.127022096802171009,-388.20669,0,388.20669
4663:0x20b2239759819c2c24e32cadac0f0c75092fe2a78757aed5e53787c005f5cd15:167,GOOGL,v3,0x20b2239759819c2c24e32cadac0f0c75092fe2a78757aed5e53787c005f5cd15,167,63744833,2026-09-15T14:57:16+00:00,2026-09-15,buy_stablecoin,1199446420525376323,-413148727,1.199446420525376323,-413.148727,0,413.148727
4663:0x3e2bdbc0d5c4a9542214fb02fa389e30ace2dc14c2d29cd9f412b5d3e8d9b313:206,GOOGL,v3,0x3e2bdbc0d5c4a9542214fb02fa389e30ace2dc14c2d29cd9f412b5d3e8d9b313,206,63744833,2026-09-15T14:57:16+00:00,2026-09-15,buy_stablecoin,1171423449847539143,-403491478,1.171423449847539143,-403.491478,0,403.491478
4663:0x3da3f2aeb2d32636ae8e1c7602fb44f2cf24a0f74646fb0d680b3ab32d6d1d3d:3,GOOGL,v3,0x3da3f2aeb2d32636ae8e1c7602fb44f2cf24a0f74646fb0d680b3ab32d6d1d3d,3,63745317,2026-09-15T14:58:06+00:00,2026-09-15,buy_stock,-173809744104465350,59927592,-0.17380974410446535,59.927592,0.17380974410446535,0
4663:0x69eab15f32ad7b292803fb6bba65ae7646c837ce2d0c18748e1c1ad2754807e0:28,GOOGL,v3,0x69eab15f32ad7b292803fb6bba65ae7646c837ce2d0c18748e1c1ad2754807e0,28,63745322,2026-09-15T14:58:07+00:00,2026-09-15,buy_stablecoin,7850216285251617,-2703960,0.007850216285251617,-2.70396,0,2.70396
4663:0x69c3aa767c5ac2ff9c961b1b49022c7dcffe73efc8dbfcf55bc4575d50afb449:10,GOOGL,v3,0x69c3aa767c5ac2ff9c961b1b49022c7dcffe73efc8dbfcf55bc4575d50afb449,10,63745519,2026-09-15T14:58:27+00:00,2026-09-15,buy_stock,-1148695440161558795,396059489,-1.148695440161558795,396.059489,1.148695440161558795,0
4663:0xe101568695bb936e0b0f0565a3438464f597144e4ea1896470e04fbb82da0373:94,GOOGL,v3,0xe101568695bb936e0b0f0565a3438464f597144e4ea1896470e04fbb82da0373,94,63745593,2026-09-15T14:58:35+00:00,2026-09-15,buy_stablecoin,6612237489452446153,-2277496846,6.612237489452446153,-2277.496846,0,2277.496846
4663:0x1384205dc1aac695618587264df340acee2cedac131519323a862402330a8275:10,GOOGL,v3,0x1384205dc1aac695618587264df340acee2cedac131519323a862402330a8275,10,63745710,2026-09-15T14:58:47+00:00,2026-09-15,buy_stablecoin,186124857804483096,-64106055,0.186124857804483096,-64.106055,0,64.106055
4663:0x0940b44303a211140f4a7bd3646d4a4c13ea5f68c8e47f74e0aa481d94793282:8,GOOGL,v3,0x0940b44303a211140f4a7bd3646d4a4c13ea5f68c8e47f74e0aa481d94793282,8,63745712,2026-09-15T14:58:47+00:00,2026-09-15,buy_stock,-20728556769931101,7146573,-0.020728556769931101,7.146573,0.020728556769931101,0
4663:0x0e517065427b73a7773907e7f1dde085e2a1887cb7b1199ff07ce2ffab749655:9,GOOGL,v3,0x0e517065427b73a7773907e7f1dde085e2a1887cb7b1199ff07ce2ffab749655,9,63745795,2026-09-15T14:58:56+00:00,2026-09-15,buy_stock,-863862237000138129,297834578,-0.863862237000138129,297.834578,0.863862237000138129,0
4663:0xa9ca54ef42440ddfacafbbf2829a8d7662295ae30b666b88fefbf3c791e6697b:50,GOOGL,v3,0xa9ca54ef42440ddfacafbbf2829a8d7662295ae30b666b88fefbf3c791e6697b,50,63745795,2026-09-15T14:58:56+00:00,2026-09-15,buy_stock,-863852656206851326,297833820,-0.863852656206851326,297.83382,0.863852656206851326,0
4663:0xa6bd938459fb75b0d3149829b201a7e57444a89bcfb1884049829cf0860bb6d5:73,GOOGL,v3,0xa6bd938459fb75b0d3149829b201a7e57444a89bcfb1884049829cf0860bb6d5,73,63745825,2026-09-15T14:58:59+00:00,2026-09-15,buy_stock,-345519519876721142,119126814,-0.345519519876721142,119.126814,0.345519519876721142,0
4663:0x88867e0177925998036410f306b971ec98bb927a36bd55ae0848fd7ebbcf0160:108,GOOGL,v3,0x88867e0177925998036410f306b971ec98bb927a36bd55ae0848fd7ebbcf0160,108,63745825,2026-09-15T14:58:59+00:00,2026-09-15,buy_stock,-345517984558937871,119126692,-0.345517984558937871,119.126692,0.345517984558937871,0
4663:0x93aa1bdf0f8952362497f2080b5d7c677f9e7903c1def77a030e1a6fec9757e6:69,GOOGL,v3,0x93aa1bdf0f8952362497f2080b5d7c677f9e7903c1def77a030e1a6fec9757e6,69,63745839,2026-09-15T14:59:00+00:00,2026-09-15,buy_stock,-207418478359700330,71513339,-0.20741847835970033,71.513339,0.20741847835970033,0
4663:0x1c8acb1563dbaca925799aa153e833b88dbc94f3621620797f9fa9c022068251:8,GOOGL,v3,0x1c8acb1563dbaca925799aa153e833b88dbc94f3621620797f9fa9c022068251,8,63745840,2026-09-15T14:59:00+00:00,2026-09-15,buy_stock,-172848332294640893,59594424,-0.172848332294640893,59.594424,0.172848332294640893,0
4663:0xbc6c7ca48fc1da94b8eea5fc7765a72cf731e69b7545d82087f13d7b886b3edc:49,GOOGL,v3,0xbc6c7ca48fc1da94b8eea5fc7765a72cf731e69b7545d82087f13d7b886b3edc,49,63745840,2026-09-15T14:59:00+00:00,2026-09-15,buy_stock,-172847969925127134,59594401,-0.172847969925127134,59.594401,0.172847969925127134,0
4663:0xdf1b60fa62af4f5b47096c05c55fd6480b077536b5757611d4de186a0a9f82c3:8,GOOGL,v3,0xdf1b60fa62af4f5b47096c05c55fd6480b077536b5757611d4de186a0a9f82c3,8,63745848,2026-09-15T14:59:01+00:00,2026-09-15,buy_stock,-69132790182925540,23835583,-0.06913279018292554,23.835583,0.06913279018292554,0
4663:0xeb940ce194f4ef5c8ed20bc287cc81a68cb20827efe78249fcb06e2a80175d0a:89,GOOGL,v3,0xeb940ce194f4ef5c8ed20bc287cc81a68cb20827efe78249fcb06e2a80175d0a,89,63745863,2026-09-15T14:59:03+00:00,2026-09-15,buy_stablecoin,66641876625781855,-22953795,0.066641876625781855,-22.953795,0,22.953795
4663:0x11a272d9478957cbb3328f8920225901a0a41f4b4188faf6db9d6f2a4a0b0055:10,GOOGL,v3,0x11a272d9478957cbb3328f8920225901a0a41f4b4188faf6db9d6f2a4a0b0055,10,63745902,2026-09-15T14:59:07+00:00,2026-09-15,buy_stock,-4179520030765090508,1441043012,-4.179520030765090508,1441.043012,4.179520030765090508,0
4663:0x6fb44462e4370766632b24f561c4024da0b81239f346015ab23e9f366617bb5e:42,GOOGL,v3,0x6fb44462e4370766632b24f561c4024da0b81239f346015ab23e9f366617bb5e,42,63745926,2026-09-15T14:59:09+00:00,2026-09-15,buy_stock,-34547283100935045,11911693,-0.034547283100935045,11.911693,0.034547283100935045,0
4663:0x543923ced5b887d3ffedf35983e498a95d4cca66dbb171fca0b70e8d1924ea6b:135,GOOGL,v3,0x543923ced5b887d3ffedf35983e498a95d4cca66dbb171fca0b70e8d1924ea6b,135,63745933,2026-09-15T14:59:10+00:00,2026-09-15,buy_stock,-345569960841344108,119150643,-0.345569960841344108,119.150643,0.345569960841344108,0
4663:0xd85fa8be010a5eef8f709744c02f76b408c32eed579c55d8dddb7b85fd6f515b:8,GOOGL,v3,0xd85fa8be010a5eef8f709744c02f76b408c32eed579c55d8dddb7b85fd6f515b,8,63745942,2026-09-15T14:59:11+00:00,2026-09-15,buy_stock,-345626784433052716,119170643,-0.345626784433052716,119.170643,0.345626784433052716,0
4663:0xfc185de845d3c940394a446d393dee9f487069988a1b7e31d8fd46bb8290223e:43,GOOGL,v3,0xfc185de845d3c940394a446d393dee9f487069988a1b7e31d8fd46bb8290223e,43,63745942,2026-09-15T14:59:11+00:00,2026-09-15,buy_stock,-345625248368091272,119170521,-0.345625248368091272,119.170521,0.345625248368091272,0
4663:0x42fb0757544cc44344f0c3910206074e203df3d1dafcfb5743b81f2dbb7a34ec:13,GOOGL,v3,0x42fb0757544cc44344f0c3910206074e203df3d1dafcfb5743b81f2dbb7a34ec,13,63745956,2026-09-15T14:59:12+00:00,2026-09-15,buy_stock,-34563407230015026,11917379,-0.034563407230015026,11.917379,0.034563407230015026,0
4663:0xf5c1be542ab4cc35ac0052c62c84dfed5462d32ee30dc0721e770163e1295a36:19,GOOGL,v3,0xf5c1be542ab4cc35ac0052c62c84dfed5462d32ee30dc0721e770163e1295a36,19,63745962,2026-09-15T14:59:13+00:00,2026-09-15,buy_stablecoin,1248715119065668088,-430120905,1.248715119065668088,-430.120905,0,430.120905
4663:0xc99389fb5892cee9ade88f267b8e46cd53f3e95bed06e084e9e7a6917a40a9e8:37,GOOGL,v3,0xc99389fb5892cee9ade88f267b8e46cd53f3e95bed06e084e9e7a6917a40a9e8,37,63745962,2026-09-15T14:59:13+00:00,2026-09-15,buy_stock,-6894046207814410094,2377102484,-6.894046207814410094,2377.102484,6.894046207814410094,0
4663:0xe05f5b2763e5beb0ebd50ffae069edde704c2ece242b79013eb4a9f016d768a3:20,GOOGL,v3,0xe05f5b2763e5beb0ebd50ffae069edde704c2ece242b79013eb4a9f016d768a3,20,63745966,2026-09-15T14:59:13+00:00,2026-09-15,buy_stablecoin,785694775701588012,-270648923,0.785694775701588012,-270.648923,0,270.648923
4663:0x0e83947a62a50c942399e8a3bff35f7240b01a53d4b0f7e87a0db0389c201082:101,GOOGL,v3,0x0e83947a62a50c942399e8a3bff35f7240b01a53d4b0f7e87a0db0389c201082,101,63745970,2026-09-15T14:59:14+00:00,2026-09-15,buy_stablecoin,480872065045413411,-165645357,0.480872065045413411,-165.645357,0,165.645357
4663:0xdcace695e54400076558cc9fca63cc31d415d41c785f54190528765fe7787691:13,GOOGL,v3,0xdcace695e54400076558cc9fca63cc31d415d41c785f54190528765fe7787691,13,63745982,2026-09-15T14:59:15+00:00,2026-09-15,buy_stablecoin,337527693698100994,-116267242,0.337527693698100994,-116.267242,0,116.267242
4663:0x465d7cbacd6b80b4f3466115a6fa9e426d006c90cede331c3f3330a2ee3704ef:81,GOOGL,v3,0x465d7cbacd6b80b4f3466115a6fa9e426d006c90cede331c3f3330a2ee3704ef,81,63746005,2026-09-15T14:59:17+00:00,2026-09-15,buy_stablecoin,292441558567353654,-100736230,0.292441558567353654,-100.73623,0,100.73623
4663:0x7a9bb0aeb1818bb9e90770951520edc565a4d43d91b11479ccccea1b6a6422f3:67,GOOGL,v3,0x7a9bb0aeb1818bb9e90770951520edc565a4d43d91b11479ccccea1b6a6422f3,67,63746007,2026-09-15T14:59:17+00:00,2026-09-15,buy_stablecoin,339264891141256437,-116864921,0.339264891141256437,-116.864921,0,116.864921
4663:0x9c19e609f4b3fd5f739e3435986126a1f5d74019cb7bd54d385a4ca6f635ecd2:106,GOOGL,v3,0x9c19e609f4b3fd5f739e3435986126a1f5d74019cb7bd54d385a4ca6f635ecd2,106,63746007,2026-09-15T14:59:17+00:00,2026-09-15,buy_stablecoin,332126739044334708,-114405696,0.332126739044334708,-114.405696,0,114.405696
4663:0xfa428b2b8ea2e82271601812185289f481df531e1afeb1ba058e317d2cfcdfc2:96,GOOGL,v3,0xfa428b2b8ea2e82271601812185289f481df531e1afeb1ba058e317d2cfcdfc2,96,63746037,2026-09-15T14:59:21+00:00,2026-09-15,buy_stock,-69144110587101676,23841460,-0.069144110587101676,23.84146,0.069144110587101676,0
4663:0x794d2544aaf7e332e466dbb2452df284386e2b4a4097945d6450470271de1c38:46,GOOGL,v3,0x794d2544aaf7e332e466dbb2452df284386e2b4a4097945d6450470271de1c38,46,63746047,2026-09-15T14:59:22+00:00,2026-09-15,buy_stock,-69143813739704179,23841374,-0.069143813739704179,23.841374,0.069143813739704179,0
4663:0xaa1ecb81ef8a59be38c6ebc52650ea5af52d66ec2542123c48679daf3f1c3ae6:22,GOOGL,v3,0xaa1ecb81ef8a59be38c6ebc52650ea5af52d66ec2542123c48679daf3f1c3ae6,22,63746058,2026-09-15T14:59:23+00:00,2026-09-15,buy_stablecoin,408989654318216613,-140881878,0.408989654318216613,-140.881878,0,140.881878
4663:0x1bab6b5666efcc870e5a1515b6636d33940e39915d5fe41b72f42095b0c6b475:39,GOOGL,v3,0x1bab6b5666efcc870e5a1515b6636d33940e39915d5fe41b72f42095b0c6b475,39,63746058,2026-09-15T14:59:23+00:00,2026-09-15,buy_stablecoin,833203085990644962,-287006025,0.833203085990644962,-287.006025,0,287.006025
4663:0xf18b7cf3acfb5b932a6f7600a387e1d4193d2b0a5fb59e6dd4c58af55395245f:65,GOOGL,v3,0xf18b7cf3acfb5b932a6f7600a387e1d4193d2b0a5fb59e6dd4c58af55395245f,65,63746102,2026-09-15T14:59:27+00:00,2026-09-15,buy_stock,-34581644114818110,11923904,-0.03458164411481811,11.923904,0.03458164411481811,0
4663:0x7b0d3b6a074007dd0315cf4a91a572b30547588e7e61648951c3b1801c819e19:20,GOOGL,v3,0x7b0d3b6a074007dd0315cf4a91a572b30547588e7e61648951c3b1801c819e19,20,63746152,2026-09-15T14:59:33+00:00,2026-09-15,buy_stock,-138242403381393285,47666634,-0.138242403381393285,47.666634,0.138242403381393285,0
4663:0xeb2384dc86c5ba14428432a204eea28f5e6308bcb25de97ad9baea4f4a3f8f72:58,GOOGL,v3,0xeb2384dc86c5ba14428432a204eea28f5e6308bcb25de97ad9baea4f4a3f8f72,58,63746162,2026-09-15T14:59:34+00:00,2026-09-15,buy_stablecoin,67158203939922306,-23133323,0.067158203939922306,-23.133323,0,23.133323
4663:0x7a998fccbf83019775f4c533ec2beb052ca0db5d316dae54b37b01150a886799:33,GOOGL,v3,0x7a998fccbf83019775f4c533ec2beb052ca0db5d316dae54b37b01150a886799,33,63746174,2026-09-15T14:59:35+00:00,2026-09-15,buy_stablecoin,123161229905768475,-42424092,0.123161229905768475,-42.424092,0,42.424092
4663:0xad2769ed691dcf21536417958bc2ee50703688d13216c7886d36e82fbfb65c6a:123,GOOGL,v3,0xad2769ed691dcf21536417958bc2ee50703688d13216c7886d36e82fbfb65c6a,123,63746178,2026-09-15T14:59:36+00:00,2026-09-15,buy_stablecoin,1277608987613097896,-440081887,1.277608987613097896,-440.081887,0,440.081887
4663:0x8a203e91f62fcf3546ac3767f3e8b2f5d8d235cd622454ccace6fe85c2fcdfbf:162,GOOGL,v3,0x8a203e91f62fcf3546ac3767f3e8b2f5d8d235cd622454ccace6fe85c2fcdfbf,162,63746178,2026-09-15T14:59:36+00:00,2026-09-15,buy_stablecoin,1243634770127000910,-428373875,1.24363477012700091,-428.373875,0,428.373875
4663:0xd0b738d5c6a727b11cc5339d8a15db835576953ab9298a45e4fe81d5486eaffc:77,GOOGL,v3,0xd0b738d5c6a727b11cc5339d8a15db835576953ab9298a45e4fe81d5486eaffc,77,63746180,2026-09-15T14:59:36+00:00,2026-09-15,buy_stock,-207280428404225920,71469476,-0.20728042840422592,71.469476,0.20728042840422592,0
4663:0x797869cfdb25710b8ef21b03524d85e9fe4e2e9844a34271527c07ff6d994c21:33,GOOGL,v3,0x797869cfdb25710b8ef21b03524d85e9fe4e2e9844a34271527c07ff6d994c21,33,63746188,2026-09-15T14:59:37+00:00,2026-09-15,buy_stablecoin,174292399581612756,-60035262,0.174292399581612756,-60.035262,0,60.035262
4663:0xfa78bf86b5df5487a3927d473ca5789e2f371828264689a90e531bcf540a255c:57,GOOGL,v3,0xfa78bf86b5df5487a3927d473ca5789e2f371828264689a90e531bcf540a255c,57,63746204,2026-09-15T14:59:38+00:00,2026-09-15,buy_stablecoin,91501991796015805,-31517948,0.091501991796015805,-31.517948,0,31.517948
4663:0xcc28603e7099c3870e16be9b859d8ddcc6fa2a045a37475efa556acbe5748379:33,GOOGL,v3,0xcc28603e7099c3870e16be9b859d8ddcc6fa2a045a37475efa556acbe5748379,33,63746207,2026-09-15T14:59:39+00:00,2026-09-15,buy_stablecoin,2495825755214543289,-859678571,2.495825755214543289,-859.678571,0,859.678571
4663:0x7d8b46b57a95d2412bc5adad40529d1fcd4fa8fe07fab5bced2a2eea46668612:108,GOOGL,v3,0x7d8b46b57a95d2412bc5adad40529d1fcd4fa8fe07fab5bced2a2eea46668612,108,63746216,2026-09-15T14:59:40+00:00,2026-09-15,buy_stablecoin,8199885168259148384,-2824272776,8.199885168259148384,-2824.272776,0,2824.272776
4663:0x688b43d05ee608fc13ef7c1f7a81ac77d19136c84c26e5a1ce57d9769c604dfa:90,GOOGL,v3,0x688b43d05ee608fc13ef7c1f7a81ac77d19136c84c26e5a1ce57d9769c604dfa,90,63746219,2026-09-15T14:59:40+00:00,2026-09-15,buy_stablecoin,1162000000000000000,-400207194,1.162,-400.207194,0,400.207194
4663:0xa50a7d86995c413d2a1d1151a2346c64578b0c325d3ddd3f22f8d79db0af0ed9:19,GOOGL,v3,0xa50a7d86995c413d2a1d1151a2346c64578b0c325d3ddd3f22f8d79db0af0ed9,19,63746225,2026-09-15T14:59:41+00:00,2026-09-15,buy_stablecoin,1162000000000000000,-400202595,1.162,-400.202595,0,400.202595
4663:0xc8b1c7529e0f5351e68f5f3496b9b67c70a7806b5cb684dd21675ba7c5e25777:14,GOOGL,v3,0xc8b1c7529e0f5351e68f5f3496b9b67c70a7806b5cb684dd21675ba7c5e25777,14,63746232,2026-09-15T14:59:41+00:00,2026-09-15,buy_stablecoin,1162000000000000000,-400197996,1.162,-400.197996,0,400.197996
4663:0x596d50aca5a9317f88dbb2db2b89166c8c374e96aef13095b21edcc4cab11d79:29,GOOGL,v3,0x596d50aca5a9317f88dbb2db2b89166c8c374e96aef13095b21edcc4cab11d79,29,63746237,2026-09-15T14:59:42+00:00,2026-09-15,buy_stablecoin,1162100000000000000,-400227837,1.1621,-400.227837,0,400.227837
4663:0xc89cd05495297500a00c3745af43b112e197360cea43d20b64f3fd5125f0e1d9:31,GOOGL,v3,0xc89cd05495297500a00c3745af43b112e197360cea43d20b64f3fd5125f0e1d9,31,63746242,2026-09-15T14:59:42+00:00,2026-09-15,buy_stablecoin,1162100000000000000,-400223238,1.1621,-400.223238,0,400.223238
4663:0xc6cd7c2f6eaef79764ee7bea8105644ea2d23680b306f918ffc6eee2c109c6c1:93,GOOGL,v3,0xc6cd7c2f6eaef79764ee7bea8105644ea2d23680b306f918ffc6eee2c109c6c1,93,63746247,2026-09-15T14:59:43+00:00,2026-09-15,buy_stablecoin,273700000000000000,-94260668,0.2737,-94.260668,0,94.260668
4663:0x6ee6edddabc55bbe782ee21d760c4c869b5151fab5efcf06cbe8296397e075ce:77,GOOGL,v3,0x6ee6edddabc55bbe782ee21d760c4c869b5151fab5efcf06cbe8296397e075ce,77,63746272,2026-09-15T14:59:45+00:00,2026-09-15,buy_stablecoin,56865498385950771,-19584110,0.056865498385950771,-19.58411,0,19.58411
4663:0xc93452f3e64e8b630b3a7716ea71b45ee49a59abc5331be58ffa485780397f55:49,GOOGL,v3,0xc93452f3e64e8b630b3a7716ea71b45ee49a59abc5331be58ffa485780397f55,49,63746281,2026-09-15T14:59:46+00:00,2026-09-15,buy_stock,-867611422044349070,299100000,-0.86761142204434907,299.1,0.86761142204434907,0
4663:0x3c5229243f6f298250aaa049719c6eae7e4abd247866a61ab31bb6fb77371496:4,GOOGL,v3,0x3c5229243f6f298250aaa049719c6eae7e4abd247866a61ab31bb6fb77371496,4,63746354,2026-09-15T14:59:54+00:00,2026-09-15,buy_stablecoin,8254921786639886211,-2842849371,8.254921786639886211,-2842.849371,0,2842.849371
4663:0xe3cf455c261f4ea2edd3da9f4dc299eeccfe1b3be7eaa8ac09564b5117b14e54:46,GOOGL,v3,0xe3cf455c261f4ea2edd3da9f4dc299eeccfe1b3be7eaa8ac09564b5117b14e54,46,63746410,2026-09-15T14:59:57+00:00,2026-09-15,buy_stablecoin,3259935671126230416,-1122600391,3.259935671126230416,-1122.600391,0,1122.600391
4663:0x9724fe7288e74c2c7cd91ce09caf452bd865dcf446b8184a4bae4d9f9b2962d9:13,GOOGL,v3,0x9724fe7288e74c2c7cd91ce09caf452bd865dcf446b8184a4bae4d9f9b2962d9,13,63746469,2026-09-15T15:00:03+00:00,2026-09-15,buy_stock,-6910392901765529,2382026,-0.006910392901765529,2.382026,0.006910392901765529,0
4663:0x8b23379e2c398b513ae6597ba331792855d5b46849edc329e326cc9027e28ac3:90,GOOGL,v3,0x8b23379e2c398b513ae6597ba331792855d5b46849edc329e326cc9027e28ac3,90,63746824,2026-09-15T15:00:41+00:00,2026-09-15,buy_stablecoin,17249695631755149,-5940056,0.017249695631755149,-5.940056,0,5.940056
4663:0xdc66c0b4afe1c3c2be0052e0eda0620cf602b9982167203c26066820ed0a2f9f:85,GOOGL,v3,0xdc66c0b4afe1c3c2be0052e0eda0620cf602b9982167203c26066820ed0a2f9f,85,63746959,2026-09-15T15:00:55+00:00,2026-09-15,buy_stablecoin,681570994415506123,-234703059,0.681570994415506123,-234.703059,0,234.703059
4663:0x9480bfe14b155ae768935f5692f98ccad835c5c29220fae1929d67844daaeacd:112,GOOGL,v3,0x9480bfe14b155ae768935f5692f98ccad835c5c29220fae1929d67844daaeacd,112,63747132,2026-09-15T15:01:13+00:00,2026-09-15,buy_stablecoin,616084719698120972,-212151106,0.616084719698120972,-212.151106,0,212.151106
4663:0x1a9b4f8b029a7d3505c000c86477ec3e54cbbdfb4be4c00cf23a8b4aa6a7fe96:8,GOOGL,v3,0x1a9b4f8b029a7d3505c000c86477ec3e54cbbdfb4be4c00cf23a8b4aa6a7fe96,8,63747364,2026-09-15T15:01:37+00:00,2026-09-15,buy_stock,-117142916929879561,40378877,-0.117142916929879561,40.378877,0.117142916929879561,0
4663:0xf7d0c475aa7e2f4fe7ff78c974ace0378f3fab6b6c2a63b22bf576b541d66cce:72,GOOGL,v3,0xf7d0c475aa7e2f4fe7ff78c974ace0378f3fab6b6c2a63b22bf576b541d66cce,72,63747378,2026-09-15T15:01:39+00:00,2026-09-15,buy_stablecoin,3732547143588705003,-1285290600,3.732547143588705003,-1285.2906,0,1285.2906
4663:0xaa01e47ed024b16a146e53a1e1d4194417ecc333ca692ddde433d3a34ccd0477:41,GOOGL,v3,0xaa01e47ed024b16a146e53a1e1d4194417ecc333ca692ddde433d3a34ccd0477,41,63747437,2026-09-15T15:01:45+00:00,2026-09-15,buy_stock,-344995068561152692,118914838,-0.344995068561152692,118.914838,0.344995068561152692,0
4663:0x27bdf911c512fe33067e455e9883febae4b61fa1fd953a10f0eca9306c61f5fd:55,GOOGL,v3,0x27bdf911c512fe33067e455e9883febae4b61fa1fd953a10f0eca9306c61f5fd,55,63747562,2026-09-15T15:01:58+00:00,2026-09-15,buy_stablecoin,6428980794173574563,-2213610880,6.428980794173574563,-2213.61088,0,2213.61088
4663:0x101bca993f863269078ffd1e075dc2aac2948493a5f384fce24931da8b888637:14,GOOGL,v3,0x101bca993f863269078ffd1e075dc2aac2948493a5f384fce24931da8b888637,14,63747582,2026-09-15T15:02:00+00:00,2026-09-15,buy_stock,-345379982930525415,119026488,-0.345379982930525415,119.026488,0.345379982930525415,0
4663:0x62fa181295cf5ad998952266641ed345438e92363389ae5f5a56dc117380250f:36,GOOGL,v3,0x62fa181295cf5ad998952266641ed345438e92363389ae5f5a56dc117380250f,36,63747862,2026-09-15T15:02:31+00:00,2026-09-15,buy_stablecoin,2888406706687495012,-994370516,2.888406706687495012,-994.370516,0,994.370516
4663:0x8b8550cc53025e4e24357774c6cf73bbbd6e3b8af3e196cb498ca9521ccb184b:124,GOOGL,v3,0x8b8550cc53025e4e24357774c6cf73bbbd6e3b8af3e196cb498ca9521ccb184b,124,63747866,2026-09-15T15:02:31+00:00,2026-09-15,buy_stock,-345114805679909578,118922966,-0.345114805679909578,118.922966,0.345114805679909578,0
4663:0xad16926e907938bf845ac8fcadd2feaf58c0182d2b403a749f3ad99c94505adc:53,GOOGL,v3,0xad16926e907938bf845ac8fcadd2feaf58c0182d2b403a749f3ad99c94505adc,53,63747871,2026-09-15T15:02:31+00:00,2026-09-15,buy_stock,-69022341509404015,23784578,-0.069022341509404015,23.784578,0.069022341509404015,0
4663:0x410e388061e268453d58b354c5b6be8f0b1676f103573df2174ee40e3939b3bb:84,GOOGL,v3,0x410e388061e268453d58b354c5b6be8f0b1676f103573df2174ee40e3939b3bb,84,63747933,2026-09-15T15:02:38+00:00,2026-09-15,buy_stablecoin,2640954205592821051,-909096129,2.640954205592821051,-909.096129,0,909.096129
4663:0xf629a30a66aee79421f9a0bc1d1b7a5cc3a03e0a58407bad1b000b5657e6dc79:39,GOOGL,v3,0xf629a30a66aee79421f9a0bc1d1b7a5cc3a03e0a58407bad1b000b5657e6dc79,39,63747980,2026-09-15T15:02:43+00:00,2026-09-15,buy_stock,-345710886248375572,119117728,-0.345710886248375572,119.117728,0.345710886248375572,0
4663:0x566ff727e9c918e8027a5c35f625b8d06fb13df078ac64076c521e1980dc5fe5:66,GOOGL,v3,0x566ff727e9c918e8027a5c35f625b8d06fb13df078ac64076c521e1980dc5fe5,66,63747981,2026-09-15T15:02:43+00:00,2026-09-15,buy_stock,-975644165517558158,336175698,-0.975644165517558158,336.175698,0.975644165517558158,0
4663:0xb84daa4a31ae11c1f67c9305a2e24b70501e6b5d0bf4ef4acabd848b37fa901d:95,GOOGL,v3,0xb84daa4a31ae11c1f67c9305a2e24b70501e6b5d0bf4ef4acabd848b37fa901d,95,63747981,2026-09-15T15:02:43+00:00,2026-09-15,buy_stock,-1393711096321854847,480250997,-1.393711096321854847,480.250997,1.393711096321854847,0
4663:0x8805abff5631cbbfb96341f6206e459dd3af08ae9e391af05bcb15e95579cfd2:22,GOOGL,v3,0x8805abff5631cbbfb96341f6206e459dd3af08ae9e391af05bcb15e95579cfd2,22,63748094,2026-09-15T15:02:54+00:00,2026-09-15,buy_stablecoin,1589933269377250040,-547316205,1.58993326937725004,-547.316205,0,547.316205
4663:0x39f53513a44d1ba31669e77d17920e7e19bc92fcf8d3ad2900982c3a8694ae3f:8,GOOGL,v3,0x39f53513a44d1ba31669e77d17920e7e19bc92fcf8d3ad2900982c3a8694ae3f,8,63748143,2026-09-15T15:02:59+00:00,2026-09-15,buy_stock,-5579243148626279272,1922666176,-5.579243148626279272,1922.666176,5.579243148626279272,0
4663:0xe282fe2b84b0c1b2e91b90852ac72796930f803d86e323d36b1e38ad5b0a7154:18,GOOGL,v3,0xe282fe2b84b0c1b2e91b90852ac72796930f803d86e323d36b1e38ad5b0a7154,18,63748517,2026-09-15T15:03:38+00:00,2026-09-15,buy_stock,-1380643516932721912,475850827,-1.380643516932721912,475.850827,1.380643516932721912,0
4663:0x3e947fa8f62ce031f6cc6c0db345744eb779ad0601fc87b1462c4c27858cf96b:102,GOOGL,v3,0x3e947fa8f62ce031f6cc6c0db345744eb779ad0601fc87b1462c4c27858cf96b,102,63748651,2026-09-15T15:03:52+00:00,2026-09-15,buy_stablecoin,74576381135544016,-25678376,0.074576381135544016,-25.678376,0,25.678376
4663:0x5ca34a8030d373e4035b4493da48f0ea3bdb42b4d39f3dc8b8dcf8454dbcca9f:70,GOOGL,v3,0x5ca34a8030d373e4035b4493da48f0ea3bdb42b4d39f3dc8b8dcf8454dbcca9f,70,63748663,2026-09-15T15:03:53+00:00,2026-09-15,buy_stablecoin,1704816382255820357,-586986831,1.704816382255820357,-586.986831,0,586.986831
4663:0x7e26c9efed3960acd80acba71c1ae3621b2cd41c4e6ac58c54e84e26c51b06bc:65,GOOGL,v3,0x7e26c9efed3960acd80acba71c1ae3621b2cd41c4e6ac58c54e84e26c51b06bc,65,63748732,2026-09-15T15:04:00+00:00,2026-09-15,buy_stablecoin,85028190490048220,-29275079,0.08502819049004822,-29.275079,0,29.275079
4663:0x7ea2b6009095c5e8fb6350ec6855c275c3bf033bec05f90eb232b1287fb08b15:39,GOOGL,v3,0x7ea2b6009095c5e8fb6350ec6855c275c3bf033bec05f90eb232b1287fb08b15,39,63748734,2026-09-15T15:04:00+00:00,2026-09-15,buy_stablecoin,468781283103582647,-161398907,0.468781283103582647,-161.398907,0,161.398907
4663:0x7cd7a5c92f0d26ec60b8e7827a80a5e51d2f3da68883396530e778ecd8447ac7:18,GOOGL,v3,0x7cd7a5c92f0d26ec60b8e7827a80a5e51d2f3da68883396530e778ecd8447ac7,18,63748869,2026-09-15T15:04:14+00:00,2026-09-15,buy_stablecoin,1066931835131811488,-367327649,1.066931835131811488,-367.327649,0,367.327649
4663:0x8d1e39c8ca1468609db5ec7042a8f5357ea9de89211cb88c25b6ad9c18108a8d:34,GOOGL,v3,0x8d1e39c8ca1468609db5ec7042a8f5357ea9de89211cb88c25b6ad9c18108a8d,34,63749311,2026-09-15T15:05:00+00:00,2026-09-15,buy_stock,-435256646941110898,150000000,-0.435256646941110898,150,0.435256646941110898,0
4663:0x8651bca063f0ca31b8c9a9c7dcab98c5de7fb2d819d9cc280bf2cd744c5ecd2d:58,GOOGL,v3,0x8651bca063f0ca31b8c9a9c7dcab98c5de7fb2d819d9cc280bf2cd744c5ecd2d,58,63749325,2026-09-15T15:05:02+00:00,2026-09-15,buy_stock,-259844592656399527,89550000,-0.259844592656399527,89.55,0.259844592656399527,0
4663:0xd52dc91c2c6c31840a44917a7a2a7c1ab49a08b6ccd5ac0dfec23a07795ce159:37,GOOGL,v3,0xd52dc91c2c6c31840a44917a7a2a7c1ab49a08b6ccd5ac0dfec23a07795ce159,37,63749861,2026-09-15T15:05:57+00:00,2026-09-15,buy_stablecoin,17616252775954479,-6065032,0.017616252775954479,-6.065032,0,6.065032
4663:0x91fc29e1df36ec2a4f918dd0d4e1548f2dcc4988e6db366ca67057eab5ec8f38:10,GOOGL,v3,0x91fc29e1df36ec2a4f918dd0d4e1548f2dcc4988e6db366ca67057eab5ec8f38,10,63749874,2026-09-15T15:05:59+00:00,2026-09-15,buy_stablecoin,34573683544902913,-11903229,0.034573683544902913,-11.903229,0,11.903229
4663:0xe2c3286dceb07311fa18e80ad58be2d3cd42a22b38179c5190123c45ffd54a71:10,GOOGL,v3,0xe2c3286dceb07311fa18e80ad58be2d3cd42a22b38179c5190123c45ffd54a71,10,63749903,2026-09-15T15:06:02+00:00,2026-09-15,buy_stock,-20764475082533639,7156068,-0.020764475082533639,7.156068,0.020764475082533639,0
4663:0x769c33b5e6fe963bb742c9f6753a63071db5b4a5c5116ae4f7bf1b744e29851b:17,GOOGL,v3,0x769c33b5e6fe963bb742c9f6753a63071db5b4a5c5116ae4f7bf1b744e29851b,17,63749912,2026-09-15T15:06:03+00:00,2026-09-15,buy_stock,-2874195098975080760,990592251,-2.87419509897508076,990.592251,2.87419509897508076,0
4663:0xded86fcec26a025d92fe116509644b49e21568d3ea2bae3cfae0256f2472aea3:19,GOOGL,v3,0xded86fcec26a025d92fe116509644b49e21568d3ea2bae3cfae0256f2472aea3,19,63750306,2026-09-15T15:06:40+00:00,2026-09-15,buy_stock,-346322683459906045,119367939,-0.346322683459906045,119.367939,0.346322683459906045,0
4663:0x6afae4a687a3c2b0ac79049eb25f3f9583fbebfc64c338a18f4aeb1520e6a5cd:104,GOOGL,v3,0x6afae4a687a3c2b0ac79049eb25f3f9583fbebfc64c338a18f4aeb1520e6a5cd,104,63750472,2026-09-15T15:06:57+00:00,2026-09-15,buy_stock,-248697170558110024,85720120,-0.248697170558110024,85.72012,0.248697170558110024,0
4663:0xf852a154a78b0981fe42000bb9f7c5dd15f3e7bcf74a22ecf4c70a41226aa9a5:270,GOOGL,v3,0xf852a154a78b0981fe42000bb9f7c5dd15f3e7bcf74a22ecf4c70a41226aa9a5,270,63750696,2026-09-15T15:07:21+00:00,2026-09-15,buy_stablecoin,17854017671558916263,-6145540994,17.854017671558916263,-6145.540994,0,6145.540994
4663:0x92b76e900ed75a5dfe7d926f3a8a152ea5eafc3b14368d46c5e425c0c268dbad:21,GOOGL,v3,0x92b76e900ed75a5dfe7d926f3a8a152ea5eafc3b14368d46c5e425c0c268dbad,21,63750698,2026-09-15T15:07:21+00:00,2026-09-15,buy_stock,-17976603835638391215,6193945047,-17.976603835638391215,6193.945047,17.976603835638391215,0
4663:0xcd3c14300e021b4767453a4ca03cb244bf02f5ce92246cfa7095f969bbc99bd8:41,GOOGL,v3,0xcd3c14300e021b4767453a4ca03cb244bf02f5ce92246cfa7095f969bbc99bd8,41,63751537,2026-09-15T15:08:48+00:00,2026-09-15,buy_stock,-13673946608157024629,4713435068,-13.673946608157024629,4713.435068,13.673946608157024629,0
4663:0x05ac4c6625d2ccb1c82a58a979efee4d0fe84c55afcb9a7eadace2b5973c8503:42,GOOGL,v3,0x05ac4c6625d2ccb1c82a58a979efee4d0fe84c55afcb9a7eadace2b5973c8503,42,63751538,2026-09-15T15:08:48+00:00,2026-09-15,buy_stock,-1440081190592032063,496435807,-1.440081190592032063,496.435807,1.440081190592032063,0
4663:0x8945de79f5ebfef758d7e9cad39c6ae41e2630ae2826ccd3dbd43778340153b4:158,GOOGL,v3,0x8945de79f5ebfef758d7e9cad39c6ae41e2630ae2826ccd3dbd43778340153b4,158,63751539,2026-09-15T15:08:48+00:00,2026-09-15,buy_stock,-5423429610879193415,1869669635,-5.423429610879193415,1869.669635,5.423429610879193415,0
4663:0x95e1228e468fe04a55eb6d14fbc0d0c7897553506c9bdd64fb4bcecc9331eb11:29,GOOGL,v3,0x95e1228e468fe04a55eb6d14fbc0d0c7897553506c9bdd64fb4bcecc9331eb11,29,63751547,2026-09-15T15:08:49+00:00,2026-09-15,buy_stock,-10494063013606022178,3618001434,-10.494063013606022178,3618.001434,10.494063013606022178,0
4663:0x58eea8562df78f39a2b0837a818c590ddca4e80ec38ac4e898a9d3f3adc6829a:18,GOOGL,v3,0x58eea8562df78f39a2b0837a818c590ddca4e80ec38ac4e898a9d3f3adc6829a,18,63751609,2026-09-15T15:08:56+00:00,2026-09-15,buy_stablecoin,34101273957987710,-11745830,0.03410127395798771,-11.74583,0,11.74583
4663:0x0fe52015a6eb512b8cdaa826b16646d33f2f6015b45661ee5f9c313ba357fffc:13,GOOGL,v3,0x0fe52015a6eb512b8cdaa826b16646d33f2f6015b45661ee5f9c313ba357fffc,13,63751688,2026-09-15T15:09:04+00:00,2026-09-15,buy_stablecoin,151912075641072626,-52324493,0.151912075641072626,-52.324493,0,52.324493
4663:0xc7f6f802a655598026791d4ce0c8799a40777f24d504495f97567b4e8db2ee5d:125,GOOGL,v3,0xc7f6f802a655598026791d4ce0c8799a40777f24d504495f97567b4e8db2ee5d,125,63751961,2026-09-15T15:09:32+00:00,2026-09-15,buy_stablecoin,181839810963527691,-62632679,0.181839810963527691,-62.632679,0,62.632679
4663:0x1670e50bf3d51a640e599a7549b06945891103eea7cb23d938b376e6c7502671:3,GOOGL,v3,0x1670e50bf3d51a640e599a7549b06945891103eea7cb23d938b376e6c7502671,3,63752138,2026-09-15T15:09:51+00:00,2026-09-15,buy_stock,-4622995668867456598,1593967474,-4.622995668867456598,1593.967474,4.622995668867456598,0
4663:0x6e75c4d1d94c2ac4940c68953bd008531889d08ff7a69cbe3d4f2c245173079f:7,GOOGL,v3,0x6e75c4d1d94c2ac4940c68953bd008531889d08ff7a69cbe3d4f2c245173079f,7,63752139,2026-09-15T15:09:51+00:00,2026-09-15,buy_stock,-8515117489436176722,2936127045,-8.515117489436176722,2936.127045,8.515117489436176722,0
4663:0x3a2a77e9e90f980b49a0e9fb48edd094f5f10e6459a9fa83a21d0c90468ffd96:15,GOOGL,v3,0x3a2a77e9e90f980b49a0e9fb48edd094f5f10e6459a9fa83a21d0c90468ffd96,15,63752140,2026-09-15T15:09:51+00:00,2026-09-15,buy_stock,-14760964279417677,5089994,-0.014760964279417677,5.089994,0.014760964279417677,0
4663:0x2d9fe7eaae593e4284e376a0eb3590a6a9b1d1c644fcad552da007a8c8af3dd3:40,GOOGL,v3,0x2d9fe7eaae593e4284e376a0eb3590a6a9b1d1c644fcad552da007a8c8af3dd3,40,63752141,2026-09-15T15:09:51+00:00,2026-09-15,buy_stock,-4842635879984285222,1669916596,-4.842635879984285222,1669.916596,4.842635879984285222,0
4663:0x9428992541f64023534a03557486dac2d097c58d1a5ee788a978eb32157903f9:90,GOOGL,v3,0x9428992541f64023534a03557486dac2d097c58d1a5ee788a978eb32157903f9,90,63752141,2026-09-15T15:09:51+00:00,2026-09-15,buy_stock,-465770623199981246,160618834,-0.465770623199981246,160.618834,0.465770623199981246,0
4663:0xd06547388def908ceead164f82f8cf4115d36c7fd7fd034458b07e1686b940db:207,GOOGL,v3,0xd06547388def908ceead164f82f8cf4115d36c7fd7fd034458b07e1686b940db,207,63752234,2026-09-15T15:10:01+00:00,2026-09-15,buy_stock,-3760892741074074769,1296953492,-3.760892741074074769,1296.953492,3.760892741074074769,0
4663:0x454498f1e34548f46768608cfe0536f2e2e52251b7bb7f907947a05730b3f6b4:36,GOOGL,v3,0x454498f1e34548f46768608cfe0536f2e2e52251b7bb7f907947a05730b3f6b4,36,63752237,2026-09-15T15:10:01+00:00,2026-09-15,buy_stock,-2781963328175332923,959398237,-2.781963328175332923,959.398237,2.781963328175332923,0
4663:0x1679394458d3fc0f4574ad68d0b03fc9d1097803fbae5e8f43674b4d75192bcc:50,GOOGL,v3,0x1679394458d3fc0f4574ad68d0b03fc9d1097803fbae5e8f43674b4d75192bcc,50,63752238,2026-09-15T15:10:01+00:00,2026-09-15,buy_stock,-4149317787378188623,1430998267,-4.149317787378188623,1430.998267,4.149317787378188623,0
4663:0x6550dace7d18ac4f379138d8f47b3f1531335de30875208ec2c29f14d35cecb1:119,GOOGL,v3,0x6550dace7d18ac4f379138d8f47b3f1531335de30875208ec2c29f14d35cecb1,119,63752239,2026-09-15T15:10:01+00:00,2026-09-15,buy_stock,-126496779922401202,43626571,-0.126496779922401202,43.626571,0.126496779922401202,0
4663:0x63fa7c9d35c76ed39a55e9d12be2b5fcb6fd4a40fcb4303d5b38014241ea96e5:62,GOOGL,v3,0x63fa7c9d35c76ed39a55e9d12be2b5fcb6fd4a40fcb4303d5b38014241ea96e5,62,63752289,2026-09-15T15:10:07+00:00,2026-09-15,buy_stock,-4839702764512961,1669132,-0.004839702764512961,1.669132,0.004839702764512961,0
4663:0xed70aab5bf5e385a68eaa46e50c47b3a9d714a12d312dfa1965df45827191538:131,GOOGL,v3,0xed70aab5bf5e385a68eaa46e50c47b3a9d714a12d312dfa1965df45827191538,131,63752327,2026-09-15T15:10:11+00:00,2026-09-15,buy_stock,-2548962570761248150,879105156,-2.54896257076124815,879.105156,2.54896257076124815,0
4663:0x49f0c067d770deb47e6e1eb6892b34331181be0db9d784ae4f709f9f09072fa6:11,GOOGL,v3,0x49f0c067d770deb47e6e1eb6892b34331181be0db9d784ae4f709f9f09072fa6,11,63752343,2026-09-15T15:10:13+00:00,2026-09-15,buy_stock,-8771234348037266027,3025257951,-8.771234348037266027,3025.257951,8.771234348037266027,0
4663:0xa613db8a3268563c677c184960f5b7edbb4a8914f579b7f7b05f7288a56dfb99:14,GOOGL,v3,0xa613db8a3268563c677c184960f5b7edbb4a8914f579b7f7b05f7288a56dfb99,14,63752345,2026-09-15T15:10:13+00:00,2026-09-15,buy_stock,-4938816809596663830,1703546837,-4.93881680959666383,1703.546837,4.93881680959666383,0
4663:0x428e5fae7b7e2b1139dee18ac4d159bbd63e2e239c51fe58a502437774f3616a:101,GOOGL,v3,0x428e5fae7b7e2b1139dee18ac4d159bbd63e2e239c51fe58a502437774f3616a,101,63752383,2026-09-15T15:10:17+00:00,2026-09-15,buy_stablecoin,1885595221559777291,-649758231,1.885595221559777291,-649.758231,0,649.758231
4663:0xd60971eab95ff864d44150d57cd174c59d70e0ea3988592a18a69546bdbd79a3:64,GOOGL,v3,0xd60971eab95ff864d44150d57cd174c59d70e0ea3988592a18a69546bdbd79a3,64,63752385,2026-09-15T15:10:17+00:00,2026-09-15,buy_stock,-4767971396389027196,1644665425,-4.767971396389027196,1644.665425,4.767971396389027196,0
4663:0xc493bc1d913c9c89f78db690e8e441a7653cb4c35201f56828a2cef0d43156be:83,GOOGL,v3,0xc493bc1d913c9c89f78db690e8e441a7653cb4c35201f56828a2cef0d43156be,83,63752448,2026-09-15T15:10:24+00:00,2026-09-15,buy_stock,-7614065860165805350,2626559006,-7.61406586016580535,2626.559006,7.61406586016580535,0
4663:0x1ce5d38a33c36e36f72b8387fcccbc39981c140e2ea781d4fa6ca31004d30583:143,GOOGL,v3,0x1ce5d38a33c36e36f72b8387fcccbc39981c140e2ea781d4fa6ca31004d30583,143,63752456,2026-09-15T15:10:25+00:00,2026-09-15,buy_stock,-5067925412498472820,1748348496,-5.06792541249847282,1748.348496,5.06792541249847282,0
4663:0xa2c123d826e1608c1023cd255aee7bf88c9b9446d7918bc163dd918f0357c0a6:120,GOOGL,v3,0xa2c123d826e1608c1023cd255aee7bf88c9b9446d7918bc163dd918f0357c0a6,120,63752457,2026-09-15T15:10:25+00:00,2026-09-15,buy_stock,-2049252848677509542,706982453,-2.049252848677509542,706.982453,2.049252848677509542,0
4663:0x5076e241691e344fc10dffeec3073098b4e71ea7861cfcc4f5d29dd288598a1e:23,GOOGL,v3,0x5076e241691e344fc10dffeec3073098b4e71ea7861cfcc4f5d29dd288598a1e,23,63753055,2026-09-15T15:11:28+00:00,2026-09-15,buy_stock,-6606188427249426054,2279201108,-6.606188427249426054,2279.201108,6.606188427249426054,0
4663:0xcb4fa925e1915ec9518c20dcb15b717083c86c1704ee0404e5e22adf122936a2:85,GOOGL,v3,0xcb4fa925e1915ec9518c20dcb15b717083c86c1704ee0404e5e22adf122936a2,85,63753141,2026-09-15T15:11:37+00:00,2026-09-15,buy_stablecoin,15135377211722149,-5216806,0.015135377211722149,-5.216806,0,5.216806
4663:0xc5d6490487fd6a47b47c66366a90595a1eedba182f607f102642186fd3c9a9f9:31,GOOGL,v3,0xc5d6490487fd6a47b47c66366a90595a1eedba182f607f102642186fd3c9a9f9,31,63753168,2026-09-15T15:11:40+00:00,2026-09-15,buy_stock,-1398452495023675468,482498761,-1.398452495023675468,482.498761,1.398452495023675468,0
4663:0x8fd4f8253ba35c6237459a70e345d78ade2697b433a8313bdc84f6eedaa51ffb:97,GOOGL,v3,0x8fd4f8253ba35c6237459a70e345d78ade2697b433a8313bdc84f6eedaa51ffb,97,63753171,2026-09-15T15:11:40+00:00,2026-09-15,buy_stock,-6922271926014245,2388359,-0.006922271926014245,2.388359,0.006922271926014245,0
4663:0x3d046682a5ca0641f06eec5ec7985bb49439d32a63a442281875a96a3b5e522f:41,GOOGL,v3,0x3d046682a5ca0641f06eec5ec7985bb49439d32a63a442281875a96a3b5e522f,41,63753172,2026-09-15T15:11:40+00:00,2026-09-15,buy_stock,-692225317220307728,238835781,-0.692225317220307728,238.835781,0.692225317220307728,0
4663:0x482e3e5ce0726bec0ba5af5fadf4c3583b2a09ca087814f12f9f4ec4fa50642a:77,GOOGL,v3,0x482e3e5ce0726bec0ba5af5fadf4c3583b2a09ca087814f12f9f4ec4fa50642a,77,63753172,2026-09-15T15:11:40+00:00,2026-09-15,buy_stock,-1038329449503134805,358252995,-1.038329449503134805,358.252995,1.038329449503134805,0
4663:0x98b0ef07263e059ebefbfc748e35eba8b43d9dc73a136d8b872e9a609cb8478b:175,GOOGL,v3,0x98b0ef07263e059ebefbfc748e35eba8b43d9dc73a136d8b872e9a609cb8478b,175,63753248,2026-09-15T15:11:49+00:00,2026-09-15,buy_stock,-1038118622816784718,358182971,-1.038118622816784718,358.182971,1.038118622816784718,0
4663:0xacb1023e70f58ab5306c97fb220446cddea45e76afca2d7d1a524b365f126c01:24,GOOGL,v3,0xacb1023e70f58ab5306c97fb220446cddea45e76afca2d7d1a524b365f126c01,24,63753291,2026-09-15T15:11:53+00:00,2026-09-15,buy_stock,-18018169161743657594,6217257402,-18.018169161743657594,6217.257402,18.018169161743657594,0
4663:0xad8a24fbed26000ade24ee55d703e825a26513cb9c174eb8eaa5260001e2bc50:25,GOOGL,v3,0xad8a24fbed26000ade24ee55d703e825a26513cb9c174eb8eaa5260001e2bc50,25,63753293,2026-09-15T15:11:53+00:00,2026-09-15,buy_stock,-9109240123676085898,3143499401,-9.109240123676085898,3143.499401,9.109240123676085898,0
4663:0xaf33a6bc96dbd9ffcf34e7978cf50a9c58802624206d02e092d45155cbf82220:10,GOOGL,v3,0xaf33a6bc96dbd9ffcf34e7978cf50a9c58802624206d02e092d45155cbf82220,10,63753313,2026-09-15T15:11:56+00:00,2026-09-15,buy_stablecoin,411411265915136367,-141836109,0.411411265915136367,-141.836109,0,141.836109
4663:0x6e86cf2ffb1132bc7738dcf157dd3912ef03fdd968d32d3add737a5b066adae6:53,GOOGL,v3,0x6e86cf2ffb1132bc7738dcf157dd3912ef03fdd968d32d3add737a5b066adae6,53,63753317,2026-09-15T15:11:56+00:00,2026-09-15,buy_stablecoin,400169501017828871,-137960045,0.400169501017828871,-137.960045,0,137.960045
4663:0x8097ea8fb504d33390d9a107aa67c440dc4c21aed905be523214ee44cfaf9220:42,GOOGL,v3,0x8097ea8fb504d33390d9a107aa67c440dc4c21aed905be523214ee44cfaf9220,42,63753318,2026-09-15T15:11:56+00:00,2026-09-15,buy_stock,-5794699696655984864,1999784696,-5.794699696655984864,1999.784696,5.794699696655984864,0
4663:0xd595e9d071c421cf88b63be316141f52457faeafab4f2bd716859c335d2c1d64:71,GOOGL,v3,0xd595e9d071c421cf88b63be316141f52457faeafab4f2bd716859c335d2c1d64,71,63753319,2026-09-15T15:11:56+00:00,2026-09-15,buy_stock,-1790746823002282269,618014313,-1.790746823002282269,618.014313,1.790746823002282269,0
4663:0x645423fa4381d4af482bfb4562b25ccfb5fbe07970fdfb87781dd0477d36fee6:129,GOOGL,v3,0x645423fa4381d4af482bfb4562b25ccfb5fbe07970fdfb87781dd0477d36fee6,129,63753323,2026-09-15T15:11:57+00:00,2026-09-15,buy_stock,-6365436064669537258,2196875502,-6.365436064669537258,2196.875502,6.365436064669537258,0
4663:0xe49087c35163d3f462dbcf26d08181564474275fb20adb9d000c3daa7a4570aa:21,GOOGL,v3,0xe49087c35163d3f462dbcf26d08181564474275fb20adb9d000c3daa7a4570aa,21,63753326,2026-09-15T15:11:57+00:00,2026-09-15,buy_stock,-3770499723531197770,1301344507,-3.77049972353119777,1301.344507,3.77049972353119777,0
4663:0x29934a9c7bcff69ac667aa6d5e4d871f47fa931f0f13d69246f2e3fd25ff749a:45,GOOGL,v3,0x29934a9c7bcff69ac667aa6d5e4d871f47fa931f0f13d69246f2e3fd25ff749a,45,63753348,2026-09-15T15:11:59+00:00,2026-09-15,buy_stablecoin,768975419251778090,-265140571,0.76897541925177809,-265.140571,0,265.140571
4663:0x8585e7f273aeb99795145c7fd308624e4b013aa193d7de86e38a515478666d3d:38,GOOGL,v3,0x8585e7f273aeb99795145c7fd308624e4b013aa193d7de86e38a515478666d3d,38,63753445,2026-09-15T15:12:10+00:00,2026-09-15,buy_stablecoin,3042738910486038035,-1049113251,3.042738910486038035,-1049.113251,0,1049.113251
4663:0x0ffcc7b862aab9aea3e2c7d854b318c183c68bb80792532bc3905911cab8d0c3:128,GOOGL,v3,0x0ffcc7b862aab9aea3e2c7d854b318c183c68bb80792532bc3905911cab8d0c3,128,63753446,2026-09-15T15:12:10+00:00,2026-09-15,buy_stock,-417005300042490427,143922767,-0.417005300042490427,143.922767,0.417005300042490427,0
4663:0x8b2834b46dfa251b1418eb8fe1153b8e7855bf766ff6584824097ecd00d0309b:35,GOOGL,v3,0x8b2834b46dfa251b1418eb8fe1153b8e7855bf766ff6584824097ecd00d0309b,35,63753461,2026-09-15T15:12:11+00:00,2026-09-15,buy_stablecoin,986490672652594147,-340130518,0.986490672652594147,-340.130518,0,340.130518
4663:0x225a469db38a446223777a9a1d1f7f909a29ffd2aba2d6892ad561568264f54d:46,GOOGL,v3,0x225a469db38a446223777a9a1d1f7f909a29ffd2aba2d6892ad561568264f54d,46,63753485,2026-09-15T15:12:14+00:00,2026-09-15,buy_stablecoin,2964141518834888426,-1021986798,2.964141518834888426,-1021.986798,0,1021.986798
4663:0x27dd61d248464f733dc78944efee33bbf5bf02a44c9a85ae51bf6bae0b8941cd:8,GOOGL,v3,0x27dd61d248464f733dc78944efee33bbf5bf02a44c9a85ae51bf6bae0b8941cd,8,63753539,2026-09-15T15:12:19+00:00,2026-09-15,buy_stock,-691796877526267896,238756800,-0.691796877526267896,238.7568,0.691796877526267896,0
4663:0x141a6f43d180caa692f54763f51b5d97537d8595404ce1bee620d3906372b567:28,GOOGL,v3,0x141a6f43d180caa692f54763f51b5d97537d8595404ce1bee620d3906372b567,28,63753675,2026-09-15T15:12:33+00:00,2026-09-15,buy_stablecoin,1173918023021205528,-404743379,1.173918023021205528,-404.743379,0,404.743379
4663:0x99cedab1e49cc79201c7104c31a562c45d7a3a3f7f176ecec5daca381ebb5ce7:92,GOOGL,v3,0x99cedab1e49cc79201c7104c31a562c45d7a3a3f7f176ecec5daca381ebb5ce7,92,63753685,2026-09-15T15:12:34+00:00,2026-09-15,buy_stablecoin,1451229317793752327,-500349953,1.451229317793752327,-500.349953,0,500.349953
4663:0x7e29e4d86f20075d13d9b550df62f2cd83218c938f1ea3da0b55e48e351e1d60:41,GOOGL,v3,0x7e29e4d86f20075d13d9b550df62f2cd83218c938f1ea3da0b55e48e351e1d60,41,63753725,2026-09-15T15:12:39+00:00,2026-09-15,buy_stablecoin,779733219209946390,-268831601,0.77973321920994639,-268.831601,0,268.831601
4663:0xcc195b0f95846de3797635212dff7398d6cfded92b4dbf738c693e5e45797124:172,GOOGL,v3,0xcc195b0f95846de3797635212dff7398d6cfded92b4dbf738c693e5e45797124,172,63754121,2026-09-15T15:13:20+00:00,2026-09-15,buy_stock,-138372177419691846,47754736,-0.138372177419691846,47.754736,0.138372177419691846,0
4663:0xa519d4d25d99fdc37f7d284572d4403f57fb44ffbfcb3490e1479bf7ec227754:24,GOOGL,v3,0xa519d4d25d99fdc37f7d284572d4403f57fb44ffbfcb3490e1479bf7ec227754,24,63754269,2026-09-15T15:13:35+00:00,2026-09-15,buy_stablecoin,123582768678589787,-42608005,0.123582768678589787,-42.608005,0,42.608005
4663:0xece67e88654a85a44afa5b97f211cea7f49efa20717f43b05820452ddee768f4:63,GOOGL,v3,0xece67e88654a85a44afa5b97f211cea7f49efa20717f43b05820452ddee768f4,63,63754465,2026-09-15T15:13:55+00:00,2026-09-15,buy_stock,-57350411899254689,19792659,-0.057350411899254689,19.792659,0.057350411899254689,0
4663:0x83e6ea30b33a6860a9e3942ccfffe1a327f54c93c18a795d81ca1abe1cf41920:76,GOOGL,v3,0x83e6ea30b33a6860a9e3942ccfffe1a327f54c93c18a795d81ca1abe1cf41920,76,63754475,2026-09-15T15:13:56+00:00,2026-09-15,buy_stock,-62256810157898451,21485954,-0.062256810157898451,21.485954,0.062256810157898451,0
4663:0x24681c6e0a83bdeefc2e28d9f58dbec799613984516c80c7e852b9e08661aad5:14,GOOGL,v3,0x24681c6e0a83bdeefc2e28d9f58dbec799613984516c80c7e852b9e08661aad5,14,63754477,2026-09-15T15:13:57+00:00,2026-09-15,buy_stock,-41504526302592414,14323970,-0.041504526302592414,14.32397,0.041504526302592414,0
4663:0x7035c86a7122098ba745d8b7d978d6eef0f240d3883f9d0178970772d824fe08:7,GOOGL,v3,0x7035c86a7122098ba745d8b7d978d6eef0f240d3883f9d0178970772d824fe08,7,63754510,2026-09-15T15:14:00+00:00,2026-09-15,buy_stock,-28226843925515274,9741602,-0.028226843925515274,9.741602,0.028226843925515274,0
4663:0x65bc1cda513c050d4fb63afa17fdf1590a14b3367a094b5ae9f219946368de1c:91,GOOGL,v3,0x65bc1cda513c050d4fb63afa17fdf1590a14b3367a094b5ae9f219946368de1c,91,63754593,2026-09-15T15:14:09+00:00,2026-09-15,buy_stablecoin,248276068682574367,-85598895,0.248276068682574367,-85.598895,0,85.598895
4663:0x5ae56ed6c44e36e472c77637d957b9e6bd59c6fd1a6eb543a21277cbfe057e56:161,GOOGL,v3,0x5ae56ed6c44e36e472c77637d957b9e6bd59c6fd1a6eb543a21277cbfe057e56,161,63754601,2026-09-15T15:14:09+00:00,2026-09-15,buy_stablecoin,12170612589426007,-4196095,0.012170612589426007,-4.196095,0,4.196095
4663:0x0b3c0146a95d08748db78f0612fe4c08acd8854216c1e819364e8eab515fa394:41,GOOGL,v3,0x0b3c0146a95d08748db78f0612fe4c08acd8854216c1e819364e8eab515fa394,41,63754678,2026-09-15T15:14:17+00:00,2026-09-15,buy_stablecoin,74067719391127333,-25536520,0.074067719391127333,-25.53652,0,25.53652
4663:0x04907ceaafb71c3d54b3b0b343f3e6b13d0655d57ea5afe110afbfc3f9b24bde:13,GOOGL,v3,0x04907ceaafb71c3d54b3b0b343f3e6b13d0655d57ea5afe110afbfc3f9b24bde,13,63754698,2026-09-15T15:14:19+00:00,2026-09-15,buy_stablecoin,47594056911783832,-16409119,0.047594056911783832,-16.409119,0,16.409119
4663:0xf321eafde402db913029e959e789f8eeca3db3cab1cb8f442e5330070976a75d:23,GOOGL,v3,0xf321eafde402db913029e959e789f8eeca3db3cab1cb8f442e5330070976a75d,23,63754815,2026-09-15T15:14:32+00:00,2026-09-15,buy_stablecoin,2169875970604946365,-748107398,2.169875970604946365,-748.107398,0,748.107398
4663:0x0e01ee712f9f271dd537faf78af1beb0b04517f7e7462cf92abc24d5f94e7ca9:12,GOOGL,v3,0x0e01ee712f9f271dd537faf78af1beb0b04517f7e7462cf92abc24d5f94e7ca9,12,63754817,2026-09-15T15:14:32+00:00,2026-09-15,buy_stablecoin,6507866788428470894,-2243643911,6.507866788428470894,-2243.643911,0,2243.643911
4663:0x65cec3c331f63af26b66b0ebaf5cc291c5b32456dd2838b7a8d8aa28c57c61e8:17,GOOGL,v3,0x65cec3c331f63af26b66b0ebaf5cc291c5b32456dd2838b7a8d8aa28c57c61e8,17,63754858,2026-09-15T15:14:36+00:00,2026-09-15,buy_stablecoin,6562019423473100529,-2262205529,6.562019423473100529,-2262.205529,0,2262.205529
4663:0x773b7bab67cce8cd6a6c1b6a9197f33a08aa26dca432855aa988b513d6716c67:78,GOOGL,v3,0x773b7bab67cce8cd6a6c1b6a9197f33a08aa26dca432855aa988b513d6716c67,78,63754869,2026-09-15T15:14:37+00:00,2026-09-15,buy_stablecoin,15790070028514038,-5443373,0.015790070028514038,-5.443373,0,5.443373
4663:0x24d447133cdd2344eebdce7b75abea7b7f3d9368f935002dff004bd88fab31f9:90,GOOGL,v3,0x24d447133cdd2344eebdce7b75abea7b7f3d9368f935002dff004bd88fab31f9,90,63754884,2026-09-15T15:14:39+00:00,2026-09-15,buy_stock,-1729195616827910576,596712814,-1.729195616827910576,596.712814,1.729195616827910576,0
4663:0x4420b15823122ef4f819a184f6d753acf3ab5aa43d0abed7af4c7ae81203e871:51,GOOGL,v3,0x4420b15823122ef4f819a184f6d753acf3ab5aa43d0abed7af4c7ae81203e871,51,63754918,2026-09-15T15:14:43+00:00,2026-09-15,buy_stablecoin,8110300970735245312,-2795848839,8.110300970735245312,-2795.848839,0,2795.848839
4663:0x7b71f69ddfa8066dafc724fd0b10d1097979c40a432bb320c3b00f822f0c33f1:19,GOOGL,v3,0x7b71f69ddfa8066dafc724fd0b10d1097979c40a432bb320c3b00f822f0c33f1,19,63754919,2026-09-15T15:14:43+00:00,2026-09-15,buy_stablecoin,2918419472317899198,-1006020752,2.918419472317899198,-1006.020752,0,1006.020752
4663:0xb26fd7d95705e372d992aa763ffb9a1ffa8d72d467be3b8d89d17cc212ea649c:38,GOOGL,v3,0xb26fd7d95705e372d992aa763ffb9a1ffa8d72d467be3b8d89d17cc212ea649c,38,63754920,2026-09-15T15:14:43+00:00,2026-09-15,buy_stablecoin,5905223642548112852,-2035549097,5.905223642548112852,-2035.549097,0,2035.549097
4663:0xe2d9b35b03eb3cc947deec3f906d7f8d908e1d63dd4e9fa96e95227c65f80619:8,GOOGL,v3,0xe2d9b35b03eb3cc947deec3f906d7f8d908e1d63dd4e9fa96e95227c65f80619,8,63754931,2026-09-15T15:14:44+00:00,2026-09-15,buy_stablecoin,5067852657337574400,-1746834698,5.0678526573375744,-1746.834698,0,1746.834698
4663:0x90e377aafd10e079f092aeeb1325e438875fd46a1032b7254c0a3cf761e51588:32,GOOGL,v3,0x90e377aafd10e079f092aeeb1325e438875fd46a1032b7254c0a3cf761e51588,32,63754932,2026-09-15T15:14:44+00:00,2026-09-15,buy_stablecoin,4676102958749894187,-1611742221,4.676102958749894187,-1611.742221,0,1611.742221
4663:0xa94e7fc82ee7dd8f5efd3d6b481479b9dc6db1f3c946be687622dd625d1a120b:27,GOOGL,v3,0xa94e7fc82ee7dd8f5efd3d6b481479b9dc6db1f3c946be687622dd625d1a120b,27,63754933,2026-09-15T15:14:44+00:00,2026-09-15,buy_stablecoin,2014655250563721888,-694381859,2.014655250563721888,-694.381859,0,694.381859
4663:0xaa84150ae10b69741619f316e5c36f242e5fc7cc97c99aeb58313c10fb7484f5:13,GOOGL,v3,0xaa84150ae10b69741619f316e5c36f242e5fc7cc97c99aeb58313c10fb7484f5,13,63755106,2026-09-15T15:15:02+00:00,2026-09-15,buy_stablecoin,11834086067997591552,-4078520029,11.834086067997591552,-4078.520029,0,4078.520029
4663:0x342fbe2afff4e0e3ba8e67db4c1681b01f0531e6648b80bad9e64d9575da546e:10,GOOGL,v3,0x342fbe2afff4e0e3ba8e67db4c1681b01f0531e6648b80bad9e64d9575da546e,10,63755107,2026-09-15T15:15:02+00:00,2026-09-15,buy_stablecoin,13841847524818999,-4770198,0.013841847524818999,-4.770198,0,4.770198
4663:0x91495e8efd4101bd663cc97edfa0119c4a0958c3c928557fcf8cfff5e9393207:27,GOOGL,v3,0x91495e8efd4101bd663cc97edfa0119c4a0958c3c928557fcf8cfff5e9393207,27,63755312,2026-09-15T15:15:24+00:00,2026-09-15,buy_stock,-8612369187794487420,2971104631,-8.61236918779448742,2971.104631,8.61236918779448742,0
4663:0xceae7a05ce615b061db7ced3d8f0480e5ddec2c588804d8b60e809fb55f00c8f:15,GOOGL,v3,0xceae7a05ce615b061db7ced3d8f0480e5ddec2c588804d8b60e809fb55f00c8f,15,63755377,2026-09-15T15:15:30+00:00,2026-09-15,buy_stablecoin,147788081485952182,-50935259,0.147788081485952182,-50.935259,0,50.935259
4663:0xf55244d278b2c79d8e2c41158859ac53616185597642f0a0515003f3d94d51a7:39,GOOGL,v3,0xf55244d278b2c79d8e2c41158859ac53616185597642f0a0515003f3d94d51a7,39,63755433,2026-09-15T15:15:36+00:00,2026-09-15,buy_stablecoin,6073256855131560575,-2093090048,6.073256855131560575,-2093.090048,0,2093.090048
4663:0x1fcb4c49a2b9b9cec9d2107f5d984599ca91e3ddbcf5cc6357d78702e300b97f:49,GOOGL,v3,0x1fcb4c49a2b9b9cec9d2107f5d984599ca91e3ddbcf5cc6357d78702e300b97f,49,63755608,2026-09-15T15:15:54+00:00,2026-09-15,buy_stock,-42590408978108922,14692647,-0.042590408978108922,14.692647,0.042590408978108922,0
4663:0x29016f9beb4a1d65458fff0e88a2d9ad0a50e6ced90fcf3c83cc6b06a0398181:25,GOOGL,v3,0x29016f9beb4a1d65458fff0e88a2d9ad0a50e6ced90fcf3c83cc6b06a0398181,25,63755704,2026-09-15T15:16:04+00:00,2026-09-15,buy_stablecoin,9050622491005084672,-3118987693,9.050622491005084672,-3118.987693,0,3118.987693
4663:0xc92f2765f78ca2135ec57f52d146aca03433ba2974323ad174d2f19b255eadf6:3,GOOGL,v3,0xc92f2765f78ca2135ec57f52d146aca03433ba2974323ad174d2f19b255eadf6,3,63755707,2026-09-15T15:16:04+00:00,2026-09-15,buy_stablecoin,4479665179045147136,-1543664184,4.479665179045147136,-1543.664184,0,1543.664184
4663:0x13966a4b8e9780bc8ff0fb4f68f8e31940ce51411adb444b416f7d15531f087a:3,GOOGL,v3,0x13966a4b8e9780bc8ff0fb4f68f8e31940ce51411adb444b416f7d15531f087a,3,63755708,2026-09-15T15:16:05+00:00,2026-09-15,buy_stablecoin,2950143055424351660,-1016564660,2.95014305542435166,-1016.56466,0,1016.56466
4663:0x8b9e15507900e5932d075c12e0b8b39ade9b1497515c2b2b07c6e394309127de:64,GOOGL,v3,0x8b9e15507900e5932d075c12e0b8b39ade9b1497515c2b2b07c6e394309127de,64,63755741,2026-09-15T15:16:08+00:00,2026-09-15,buy_stablecoin,4644831957029452489,-1600465279,4.644831957029452489,-1600.465279,0,1600.465279
4663:0xcbaf72b7ceb4522314832629ff8bee8e1af6e4ec3393a38a78c03dc1368eda2d:17,GOOGL,v3,0xcbaf72b7ceb4522314832629ff8bee8e1af6e4ec3393a38a78c03dc1368eda2d,17,63755842,2026-09-15T15:16:18+00:00,2026-09-15,buy_stablecoin,1012832445936939404,-348981314,1.012832445936939404,-348.981314,0,348.981314
4663:0xc9834047555c68e8fb358342d98743dc2b5a45985f1ef60c1b0b4874ae71ceef:139,GOOGL,v3,0xc9834047555c68e8fb358342d98743dc2b5a45985f1ef60c1b0b4874ae71ceef,139,63756420,2026-09-15T15:17:19+00:00,2026-09-15,buy_stablecoin,25419646501171704,-8758544,0.025419646501171704,-8.758544,0,8.758544
4663:0x5535575cc501d2c56ac442e2905d0e04af75c5d8c66cb35ad339c3bfd174f2f2:34,GOOGL,v3,0x5535575cc501d2c56ac442e2905d0e04af75c5d8c66cb35ad339c3bfd174f2f2,34,63756650,2026-09-15T15:17:43+00:00,2026-09-15,buy_stock,-5899253401565478,2034670,-0.005899253401565478,2.03467,0.005899253401565478,0
4663:0x4c45ddd1a897bd8afb2f579506b23552dedab0eb3be51f5d2e80e60278d3fa6f:129,GOOGL,v3,0x4c45ddd1a897bd8afb2f579506b23552dedab0eb3be51f5d2e80e60278d3fa6f,129,63756683,2026-09-15T15:17:46+00:00,2026-09-15,buy_stablecoin,10734192840532915,-3698552,0.010734192840532915,-3.698552,0,3.698552
4663:0x7b11c4704789cc7b2966a1c0c2e8fb5330cd635de74a1606a59feb8ad9602da6:30,GOOGL,v3,0x7b11c4704789cc7b2966a1c0c2e8fb5330cd635de74a1606a59feb8ad9602da6,30,63757037,2026-09-15T15:18:24+00:00,2026-09-15,buy_stock,-315424888829086698,108791100,-0.315424888829086698,108.7911,0.315424888829086698,0
4663:0xc636ed2dce893cf1e97880b74cf9cf65d859e185c3a26fdfec787127df716981:28,GOOGL,v3,0xc636ed2dce893cf1e97880b74cf9cf65d859e185c3a26fdfec787127df716981,28,63757448,2026-09-15T15:19:07+00:00,2026-09-15,buy_stock,-1391522277865594856,479944587,-1.391522277865594856,479.944587,1.391522277865594856,0
4663:0x58809ec831717b7f9a6db031853b0564eeeab14de69693975549ae6607f6b60c:50,GOOGL,v3,0x58809ec831717b7f9a6db031853b0564eeeab14de69693975549ae6607f6b60c,50,63757790,2026-09-15T15:19:40+00:00,2026-09-15,buy_stablecoin,68240274493541360,-23513107,0.06824027449354136,-23.513107,0,23.513107
4663:0xafc62668b904c113fad6539c9680ffab99ec1eb8ceed917c84ff4bffb6fd95aa:33,GOOGL,v3,0xafc62668b904c113fad6539c9680ffab99ec1eb8ceed917c84ff4bffb6fd95aa,33,63757838,2026-09-15T15:19:45+00:00,2026-09-15,buy_stablecoin,794388436873537700,-273716133,0.7943884368735377,-273.716133,0,273.716133
4663:0x1c859fb8bc2bfedf40d59719fb275cf378a03b267895dfde3d488b94979545bf:3,GOOGL,v3,0x1c859fb8bc2bfedf40d59719fb275cf378a03b267895dfde3d488b94979545bf,3,63757915,2026-09-15T15:19:53+00:00,2026-09-15,buy_stablecoin,5460926802684554240,-1881572353,5.46092680268455424,-1881.572353,0,1881.572353
4663:0x3f5c97cb69ae34c4a6652fbfc4fc329865015b159b18d0e64c671b4b7e160b61:10,GOOGL,v3,0x3f5c97cb69ae34c4a6652fbfc4fc329865015b159b18d0e64c671b4b7e160b61,10,63758047,2026-09-15T15:20:06+00:00,2026-09-15,buy_stablecoin,5865140477612963840,-2020736109,5.86514047761296384,-2020.736109,0,2020.736109
4663:0x17862de859faeea85ad72b1f54fc96e098b68f09af0ae3e62181a1a7f03b6643:97,GOOGL,v3,0x17862de859faeea85ad72b1f54fc96e098b68f09af0ae3e62181a1a7f03b6643,97,63758048,2026-09-15T15:20:06+00:00,2026-09-15,buy_stablecoin,11571749299358758,-3986741,0.011571749299358758,-3.986741,0,3.986741
4663:0xe12a4c590134bf9c326d1606fdd401955a1ed03cd7527b6887135ede9b84c2dc:262,GOOGL,v3,0xe12a4c590134bf9c326d1606fdd401955a1ed03cd7527b6887135ede9b84c2dc,262,63758104,2026-09-15T15:20:12+00:00,2026-09-15,buy_stablecoin,6506951472968319873,-2241729260,6.506951472968319873,-2241.72926,0,2241.72926
4663:0x672c4edb37d45346459d15803500d21eb6cb30b71b4805b6b7badda67bda4a0a:11,GOOGL,v3,0x672c4edb37d45346459d15803500d21eb6cb30b71b4805b6b7badda67bda4a0a,11,63758209,2026-09-15T15:20:23+00:00,2026-09-15,buy_stock,-691180489991380944,238352363,-0.691180489991380944,238.352363,0.691180489991380944,0
4663:0xeef959ec0a24e440f1c8d1242b7b597255697f2ac7c496653c2c928037a93d99:10,GOOGL,v3,0xeef959ec0a24e440f1c8d1242b7b597255697f2ac7c496653c2c928037a93d99,10,63758215,2026-09-15T15:20:24+00:00,2026-09-15,buy_stock,-69998026816933561,24138783,-0.069998026816933561,24.138783,0.069998026816933561,0
4663:0x149be3b144b1b7b5df44608cc99e6b12bd6cda1d578abed8c4bf7c807ed3a5c2:41,GOOGL,v3,0x149be3b144b1b7b5df44608cc99e6b12bd6cda1d578abed8c4bf7c807ed3a5c2,41,63758218,2026-09-15T15:20:24+00:00,2026-09-15,buy_stablecoin,677249614031370583,-233315005,0.677249614031370583,-233.315005,0,233.315005
4663:0xe19e34df49864902a838b10f9e2dd8f67e2b3c76c69bf5e26b9d72e6bb9bbe6b:21,GOOGL,v3,0xe19e34df49864902a838b10f9e2dd8f67e2b3c76c69bf5e26b9d72e6bb9bbe6b,21,63758219,2026-09-15T15:20:24+00:00,2026-09-15,buy_stock,-874971389318246347,301732833,-0.874971389318246347,301.732833,0.874971389318246347,0
4663:0x0ad1fac78b32b93980c241f54140764b8a63d80d3f08d91001f15fd64aefb7c7:96,GOOGL,v3,0x0ad1fac78b32b93980c241f54140764b8a63d80d3f08d91001f15fd64aefb7c7,96,63758233,2026-09-15T15:20:25+00:00,2026-09-15,buy_stock,-874966552775795883,301733676,-0.874966552775795883,301.733676,0.874966552775795883,0
4663:0x5820808f2ad72725673e4efa5954c373b61b031f5f3d673ac9c63043c6102687:31,GOOGL,v3,0x5820808f2ad72725673e4efa5954c373b61b031f5f3d673ac9c63043c6102687,31,63758250,2026-09-15T15:20:27+00:00,2026-09-15,buy_stock,-610365344267875104,210486995,-0.610365344267875104,210.486995,0.610365344267875104,0
4663:0x285ab7140ded2aaa72474f00e452597032a40da9a4d221c0a3bf8f03c03a1745:60,GOOGL,v3,0x285ab7140ded2aaa72474f00e452597032a40da9a4d221c0a3bf8f03c03a1745,60,63758251,2026-09-15T15:20:27+00:00,2026-09-15,buy_stablecoin,96355431363089454,-33195426,0.096355431363089454,-33.195426,0,33.195426
4663:0xb05fb2b682bf266db5aa892d582235e82ca0b15d71695af7dacbe82465a03cdd:104,GOOGL,v3,0xb05fb2b682bf266db5aa892d582235e82ca0b15d71695af7dacbe82465a03cdd,104,63758379,2026-09-15T15:20:40+00:00,2026-09-15,buy_stock,-69292243264013957,23895770,-0.069292243264013957,23.89577,0.069292243264013957,0
4663:0x5bae7cf1754746a9e035f9c49238c06d40d550a088c47b98473ebbf8c34e7919:50,GOOGL,v3,0x5bae7cf1754746a9e035f9c49238c06d40d550a088c47b98473ebbf8c34e7919,50,63758442,2026-09-15T15:20:47+00:00,2026-09-15,buy_stablecoin,937884250439280205,-323109295,0.937884250439280205,-323.109295,0,323.109295
4663:0x46219376305abebe0062bfdaed51fd1547675b69162feaac94f0c118b700d703:66,GOOGL,v3,0x46219376305abebe0062bfdaed51fd1547675b69162feaac94f0c118b700d703,66,63758442,2026-09-15T15:20:47+00:00,2026-09-15,buy_stablecoin,930248301308559602,-320475798,0.930248301308559602,-320.475798,0,320.475798
4663:0x60b6a2dabb6e9f4f7f3a529cb843c5d546916f75977883677cfdce2f65915b6a:82,GOOGL,v3,0x60b6a2dabb6e9f4f7f3a529cb843c5d546916f75977883677cfdce2f65915b6a,82,63758442,2026-09-15T15:20:47+00:00,2026-09-15,buy_stablecoin,436247463915449587,-150288741,0.436247463915449587,-150.288741,0,150.288741
4663:0x3880edf7006133429dff095e50707d228b241cf032c1b1ab7327fa93cccb5cb0:133,GOOGL,v3,0x3880edf7006133429dff095e50707d228b241cf032c1b1ab7327fa93cccb5cb0,133,63758453,2026-09-15T15:20:48+00:00,2026-09-15,buy_stablecoin,732928874780633784,-252495097,0.732928874780633784,-252.495097,0,252.495097
4663:0xd24be9642687b2d873bcb8f644dd2aafee68cba6625c6337223c431e0b47af1d:44,GOOGL,v3,0xd24be9642687b2d873bcb8f644dd2aafee68cba6625c6337223c431e0b47af1d,44,63758468,2026-09-15T15:20:50+00:00,2026-09-15,buy_stock,-444951812692080521,153439759,-0.444951812692080521,153.439759,0.444951812692080521,0
4663:0xc70c3431d356dcc34c13e1cb9f1faf34935fb5f5cbee7b3a8ff3b08b1402cec2:44,GOOGL,v3,0xc70c3431d356dcc34c13e1cb9f1faf34935fb5f5cbee7b3a8ff3b08b1402cec2,44,63758478,2026-09-15T15:20:51+00:00,2026-09-15,buy_stablecoin,8346214500983279616,-2875171497,8.346214500983279616,-2875.171497,0,2875.171497
4663:0xc5e8f60f7ba375891f671971ed8358f2fca5455eeca6ec0198b7c6bc12783f52:32,GOOGL,v3,0xc5e8f60f7ba375891f671971ed8358f2fca5455eeca6ec0198b7c6bc12783f52,32,63758479,2026-09-15T15:20:51+00:00,2026-09-15,buy_stablecoin,632520788805738626,-217886578,0.632520788805738626,-217.886578,0,217.886578
4663:0x0fdfd33af77c72f5c09e9e32b594f92805de091fa3ff762cbc3670e26aeca339:54,GOOGL,v3,0x0fdfd33af77c72f5c09e9e32b594f92805de091fa3ff762cbc3670e26aeca339,54,63758480,2026-09-15T15:20:51+00:00,2026-09-15,buy_stablecoin,4745826011673428891,-1634768968,4.745826011673428891,-1634.768968,0,1634.768968
4663:0xcd02e3b1653a51e6484b60eebef694d0f29b7e10313d567aeb3b3736aae9dcdc:65,GOOGL,v3,0xcd02e3b1653a51e6484b60eebef694d0f29b7e10313d567aeb3b3736aae9dcdc,65,63758508,2026-09-15T15:20:54+00:00,2026-09-15,buy_stablecoin,9817178510254294,-3381593,0.009817178510254294,-3.381593,0,3.381593
4663:0xa4eac98805c0de3dd8daeea917d7afd6d139f9c3d5266df5e206b3c8cff6c5e5:48,GOOGL,v3,0xa4eac98805c0de3dd8daeea917d7afd6d139f9c3d5266df5e206b3c8cff6c5e5,48,63758551,2026-09-15T15:20:58+00:00,2026-09-15,buy_stock,-69289707800195105,23891203,-0.069289707800195105,23.891203,0.069289707800195105,0
4663:0x45ad3f55ae25340a6fc1eeed005ec0ebe1685cc14ecf5ca4fe75fd33b844578a:62,GOOGL,v3,0x45ad3f55ae25340a6fc1eeed005ec0ebe1685cc14ecf5ca4fe75fd33b844578a,62,63758551,2026-09-15T15:20:58+00:00,2026-09-15,buy_stablecoin,5825667657509154816,-2006636466,5.825667657509154816,-2006.636466,0,2006.636466
4663:0x1dedb444a3aaf020a5528c55ebc3cd9171cfa5b23a69daa3070584f27eb1b817:68,GOOGL,v3,0x1dedb444a3aaf020a5528c55ebc3cd9171cfa5b23a69daa3070584f27eb1b817,68,63758552,2026-09-15T15:20:58+00:00,2026-09-15,buy_stablecoin,11642910742671913,-4010259,0.011642910742671913,-4.010259,0,4.010259
4663:0xfe6313caf532baca9067733c49cc017e9ba76f921b74706f061bf76633e89325:31,GOOGL,v3,0xfe6313caf532baca9067733c49cc017e9ba76f921b74706f061bf76633e89325,31,63758672,2026-09-15T15:21:11+00:00,2026-09-15,buy_stablecoin,8851379771484532736,-3048622311,8.851379771484532736,-3048.622311,0,3048.622311
4663:0xa619115907d09a12931d44fff992adad8317f85b6e68592b92936b90f292435d:11,GOOGL,v3,0xa619115907d09a12931d44fff992adad8317f85b6e68592b92936b90f292435d,11,63758701,2026-09-15T15:21:14+00:00,2026-09-15,buy_stablecoin,7157701295098672128,-2465092230,7.157701295098672128,-2465.09223,0,2465.09223
4663:0xb9657aeb6a4858e350a45a8d22e8d2a92b354160fc175db3cf51acdb07fcda72:38,GOOGL,v3,0xb9657aeb6a4858e350a45a8d22e8d2a92b354160fc175db3cf51acdb07fcda72,38,63758702,2026-09-15T15:21:14+00:00,2026-09-15,buy_stablecoin,1162100000000000000,-400208151,1.1621,-400.208151,0,400.208151
4663:0x02bd47bb7ca01273f36fe63bf35281fcb89bc77525445882b04cf70bbce1e32e:4,GOOGL,v3,0x02bd47bb7ca01273f36fe63bf35281fcb89bc77525445882b04cf70bbce1e32e,4,63758708,2026-09-15T15:21:14+00:00,2026-09-15,buy_stablecoin,1162100000000000000,-400203730,1.1621,-400.20373,0,400.20373
4663:0x56618e7a1ef38e70699b76aa1faefe18f54fcf4b47851def60a9418968c60f1a:4,GOOGL,v3,0x56618e7a1ef38e70699b76aa1faefe18f54fcf4b47851def60a9418968c60f1a,4,63758714,2026-09-15T15:21:15+00:00,2026-09-15,buy_stablecoin,1162300000000000000,-400268184,1.1623,-400.268184,0,400.268184
4663:0x450b1725b2cc4bcfc5c1719cef6e37e5d3e8d9cf2fed0f5b70ce73cb43a50c27:82,GOOGL,v3,0x450b1725b2cc4bcfc5c1719cef6e37e5d3e8d9cf2fed0f5b70ce73cb43a50c27,82,63758719,2026-09-15T15:21:15+00:00,2026-09-15,buy_stablecoin,136600000000000000,-47041466,0.1366,-47.041466,0,47.041466
4663:0x1c0db884d8550c832eba738a2e858ac5b5468ac28ff121ca6ee06b5b9a0a8500:23,GOOGL,v3,0x1c0db884d8550c832eba738a2e858ac5b5468ac28ff121ca6ee06b5b9a0a8500,23,63758805,2026-09-15T15:21:24+00:00,2026-09-15,buy_stablecoin,6936064829245920853,-2388518982,6.936064829245920853,-2388.518982,0,2388.518982
4663:0x4cf5560a1917f307f4ab1fc9bd0cd01a21ef4d05f0878ad279e53f615c4fa3e2:10,GOOGL,v3,0x4cf5560a1917f307f4ab1fc9bd0cd01a21ef4d05f0878ad279e53f615c4fa3e2,10,63758923,2026-09-15T15:21:37+00:00,2026-09-15,buy_stablecoin,5885550939022482190,-2026636885,5.88555093902248219,-2026.636885,0,2026.636885
4663:0x4da951527232baa577633a2c1d6a07ff0bcb24ad6540707063c22ea15324084b:8,GOOGL,v3,0x4da951527232baa577633a2c1d6a07ff0bcb24ad6540707063c22ea15324084b,8,63758939,2026-09-15T15:21:38+00:00,2026-09-15,buy_stablecoin,4598400307546488238,-1583227871,4.598400307546488238,-1583.227871,0,1583.227871
4663:0xbb716c0806cee76db8f93821ae67b329c9203bde6f82f0eb486114bd75637058:9,GOOGL,v3,0xbb716c0806cee76db8f93821ae67b329c9203bde6f82f0eb486114bd75637058,9,63758960,2026-09-15T15:21:40+00:00,2026-09-15,buy_stablecoin,273000000000000032,-93985925,0.273000000000000032,-93.985925,0,93.985925
4663:0xfe82ab1dde45dfe1de6f212ce56d06f461e55dfad5667358696f2b2c99bf854c:47,GOOGL,v3,0xfe82ab1dde45dfe1de6f212ce56d06f461e55dfad5667358696f2b2c99bf854c,47,63759165,2026-09-15T15:22:02+00:00,2026-09-15,buy_stablecoin,19395749095392276,-6677356,0.019395749095392276,-6.677356,0,6.677356
4663:0x27704008fc983f431642414bfbbb2fee4e008acae5cea89aea19989fa5696e4e:8,GOOGL,v3,0x27704008fc983f431642414bfbbb2fee4e008acae5cea89aea19989fa5696e4e,8,63759245,2026-09-15T15:22:10+00:00,2026-09-15,buy_stock,-173291428458900645,59718739,-0.173291428458900645,59.718739,0.173291428458900645,0
4663:0xdaf47ca026618d40e4a576c7bef2c92e4ee6ca887f905984eba72bb240d1465d:25,GOOGL,v3,0xdaf47ca026618d40e4a576c7bef2c92e4ee6ca887f905984eba72bb240d1465d,25,63759245,2026-09-15T15:22:10+00:00,2026-09-15,buy_stock,-173290328628809755,59718717,-0.173290328628809755,59.718717,0.173290328628809755,0
4663:0xb151e435acecb582d1ba7602c5a2d1bf778f5c1ef8e27eba7829c9b5c1b52ec2:38,GOOGL,v3,0xb151e435acecb582d1ba7602c5a2d1bf778f5c1ef8e27eba7829c9b5c1b52ec2,38,63759601,2026-09-15T15:22:47+00:00,2026-09-15,buy_stablecoin,172589002738467965,-59417566,0.172589002738467965,-59.417566,0,59.417566
4663:0x372018732f5a63f3f6690c48a0d66e254a7f40986e0ab93f0f968e744ada64c1:75,GOOGL,v3,0x372018732f5a63f3f6690c48a0d66e254a7f40986e0ab93f0f968e744ada64c1,75,63760055,2026-09-15T15:23:35+00:00,2026-09-15,buy_stablecoin,29000469099135,-9984,0.000029000469099135,-0.009984,0,0.009984
4663:0x7b457fd3b59bbde0756c419d942262d5bf475f408d425ea462c34232b40f1a09:28,GOOGL,v3,0x7b457fd3b59bbde0756c419d942262d5bf475f408d425ea462c34232b40f1a09,28,63760267,2026-09-15T15:23:57+00:00,2026-09-15,buy_stock,-145093817738226312,50001709,-0.145093817738226312,50.001709,0.145093817738226312,0
4663:0xa074ee1d8d9b7eac507cb2236199922ba20b0f7c01ef4f73a7638457b3f9debf:24,GOOGL,v3,0xa074ee1d8d9b7eac507cb2236199922ba20b0f7c01ef4f73a7638457b3f9debf,24,63760289,2026-09-15T15:23:59+00:00,2026-09-15,buy_stock,-41645048403831629,14351613,-0.041645048403831629,14.351613,0.041645048403831629,0
4663:0x722313bb75c53b2d576871aee9b20ce99e59f48d438e53a387aecb93197ea6a8:22,GOOGL,v3,0x722313bb75c53b2d576871aee9b20ce99e59f48d438e53a387aecb93197ea6a8,22,63760446,2026-09-15T15:24:16+00:00,2026-09-15,buy_stablecoin,386818456837116982,-133170349,0.386818456837116982,-133.170349,0,133.170349
4663:0x796916aa6ba5c3203c96f908964138f9b0f412e510a51786a79fa0022e808186:41,GOOGL,v3,0x796916aa6ba5c3203c96f908964138f9b0f412e510a51786a79fa0022e808186,41,63760446,2026-09-15T15:24:16+00:00,2026-09-15,buy_stablecoin,226835627974174997,-78092086,0.226835627974174997,-78.092086,0,78.092086
4663:0xef2de704f059578178d5eee7e1f86dbadc01740d931fa03ebf509f188b25d9c0:60,GOOGL,v3,0xef2de704f059578178d5eee7e1f86dbadc01740d931fa03ebf509f188b25d9c0,60,63760446,2026-09-15T15:24:16+00:00,2026-09-15,buy_stablecoin,400809369493084238,-137984060,0.400809369493084238,-137.98406,0,137.98406
4663:0x25ae4756666128be8ac20dcbe84626aeb437663d62f709a11682c488c7f46f7f:77,GOOGL,v3,0x25ae4756666128be8ac20dcbe84626aeb437663d62f709a11682c488c7f46f7f,77,63760446,2026-09-15T15:24:16+00:00,2026-09-15,buy_stablecoin,234022247619464906,-80564450,0.234022247619464906,-80.56445,0,80.56445
4663:0x27bcd6dd9d62c90e3c359504017ae43089eacfe499a1e2b416f244b30e92fde8:11,GOOGL,v3,0x27bcd6dd9d62c90e3c359504017ae43089eacfe499a1e2b416f244b30e92fde8,11,63760488,2026-09-15T15:24:20+00:00,2026-09-15,buy_stablecoin,95657190376302728,-32930737,0.095657190376302728,-32.930737,0,32.930737
4663:0x3c676bea69aeef469090ac4358d4a369b8ee60bed0e741ac6c5d6939b95c1aae:6,GOOGL,v3,0x3c676bea69aeef469090ac4358d4a369b8ee60bed0e741ac6c5d6939b95c1aae,6,63760947,2026-09-15T15:25:08+00:00,2026-09-15,buy_stablecoin,1030517965637799424,-354756997,1.030517965637799424,-354.756997,0,354.756997
4663:0x4b7e1bae9107d671452ea86281d2245cb26bfd7ca206f5a47ec7eefb7314854d:104,GOOGL,v3,0x4b7e1bae9107d671452ea86281d2245cb26bfd7ca206f5a47ec7eefb7314854d,104,63760997,2026-09-15T15:25:13+00:00,2026-09-15,buy_stablecoin,4299493670238089,-1480079,0.004299493670238089,-1.480079,0,1.480079
4663:0x9cf3682dfaffa47b3d22615e07eb97919779970068be6129016e6b2ab798b2cf:25,GOOGL,v3,0x9cf3682dfaffa47b3d22615e07eb97919779970068be6129016e6b2ab798b2cf,25,63761054,2026-09-15T15:25:19+00:00,2026-09-15,buy_stablecoin,1896967494386653,-653021,0.001896967494386653,-0.653021,0,0.653021
4663:0x325fdd63de0cee5f9997964061344e9e1a3cd977acaeae93747ee6369e2bc501:11,GOOGL,v3,0x325fdd63de0cee5f9997964061344e9e1a3cd977acaeae93747ee6369e2bc501,11,63761622,2026-09-15T15:26:15+00:00,2026-09-15,buy_stablecoin,4559536999509225984,-1569474723,4.559536999509225984,-1569.474723,0,1569.474723
4663:0xa0e2c0b7cc34df0815a9782766064e26aadc3519e102c26f0434df9d82bde6a6:16,GOOGL,v3,0xa0e2c0b7cc34df0815a9782766064e26aadc3519e102c26f0434df9d82bde6a6,16,63761623,2026-09-15T15:26:15+00:00,2026-09-15,buy_stablecoin,1247692496026609300,-429435382,1.2476924960266093,-429.435382,0,429.435382
4663:0x71862cb5882a01bf0ce26b6da0559fc091a484400f2f01dc184f459965b7e9af:5,GOOGL,v3,0x71862cb5882a01bf0ce26b6da0559fc091a484400f2f01dc184f459965b7e9af,5,63761655,2026-09-15T15:26:19+00:00,2026-09-15,buy_stablecoin,912000000000000000,-313883863,0.912,-313.883863,0,313.883863
4663:0xae52137a29c31cc0b554cae7ac491dd41e3e41aa489fc359764ddecf9ca25211:69,GOOGL,v3,0xae52137a29c31cc0b554cae7ac491dd41e3e41aa489fc359764ddecf9ca25211,69,63762507,2026-09-15T15:27:47+00:00,2026-09-15,buy_stablecoin,49784423341175357,-17134066,0.049784423341175357,-17.134066,0,17.134066
4663:0x4dd4c56e59c722d3bf5cdc7d71aceffefd5e9dc9d031419ac494187613afa15d:53,GOOGL,v3,0x4dd4c56e59c722d3bf5cdc7d71aceffefd5e9dc9d031419ac494187613afa15d,53,63762719,2026-09-15T15:28:09+00:00,2026-09-15,buy_stablecoin,35600000000000000,-12252263,0.0356,-12.252263,0,12.252263
4663:0x8ab13dfcb28af3bd938661f7367c4727a582e6ee16bb206f9c5b37c2814c8f48:56,GOOGL,v3,0x8ab13dfcb28af3bd938661f7367c4727a582e6ee16bb206f9c5b37c2814c8f48,56,63762861,2026-09-15T15:28:23+00:00,2026-09-15,buy_stablecoin,943200000000000000,-324610700,0.9432,-324.6107,0,324.6107
4663:0x90bf007cfebab0ffa4da4fc3d467bf3acdedb0cfc7af1562fbd36c6d5a43663a:33,GOOGL,v3,0x90bf007cfebab0ffa4da4fc3d467bf3acdedb0cfc7af1562fbd36c6d5a43663a,33,63762867,2026-09-15T15:28:24+00:00,2026-09-15,buy_stablecoin,955900000000000000,-328970788,0.9559,-328.970788,0,328.970788
4663:0xca02724c125d8a4118c7db87dd888397d7906c8170d959842209edc913d7087a:31,GOOGL,v3,0xca02724c125d8a4118c7db87dd888397d7906c8170d959842209edc913d7087a,31,63762872,2026-09-15T15:28:24+00:00,2026-09-15,buy_stablecoin,967400000000000000,-332917489,0.9674,-332.917489,0,332.917489
4663:0xb678e9fdedd1154016281317dea862bd6ee4f090e7c582c9ce9bbe466a32a60a:3,GOOGL,v3,0xb678e9fdedd1154016281317dea862bd6ee4f090e7c582c9ce9bbe466a32a60a,3,63762883,2026-09-15T15:28:26+00:00,2026-09-15,buy_stablecoin,978800000000000000,-336829385,0.9788,-336.829385,0,336.829385
4663:0x64bea11ae678250a16d3084fa9600112f165d0951eb0c09d0d06c04deb24de4e:23,GOOGL,v3,0x64bea11ae678250a16d3084fa9600112f165d0951eb0c09d0d06c04deb24de4e,23,63762886,2026-09-15T15:28:26+00:00,2026-09-15,buy_stock,-45106251054807592,15537466,-0.045106251054807592,15.537466,0.045106251054807592,0
4663:0x7e277464a67b596a280bd7cb71f5bf048601b1362399f6a2938c187e77ff3d41:39,GOOGL,v3,0x7e277464a67b596a280bd7cb71f5bf048601b1362399f6a2938c187e77ff3d41,39,63762914,2026-09-15T15:28:29+00:00,2026-09-15,buy_stablecoin,17800000000000000,-6125326,0.0178,-6.125326,0,6.125326
4663:0x18efb876a56fca02ec52d4cfc1f291643431b38ebdf47a631e235fd2e8ce3ada:9,GOOGL,v3,0x18efb876a56fca02ec52d4cfc1f291643431b38ebdf47a631e235fd2e8ce3ada,9,63762986,2026-09-15T15:28:36+00:00,2026-09-15,buy_stock,-125511279948258968,43234180,-0.125511279948258968,43.23418,0.125511279948258968,0
4663:0xa4d53aa2890f786b6ab54dc561ff260ad1fc5ad7a1ba8fb62d21aa7b412f504c:95,GOOGL,v3,0xa4d53aa2890f786b6ab54dc561ff260ad1fc5ad7a1ba8fb62d21aa7b412f504c,95,63763437,2026-09-15T15:29:23+00:00,2026-09-15,buy_stablecoin,3414284056093860222,-1174857454,3.414284056093860222,-1174.857454,0,1174.857454
4663:0xab15280a2fa93bc8e1edb412cc02b5a0e1928ca34ca052323d43b0dec73c3b0e:15,GOOGL,v3,0xab15280a2fa93bc8e1edb412cc02b5a0e1928ca34ca052323d43b0dec73c3b0e,15,63763438,2026-09-15T15:29:23+00:00,2026-09-15,buy_stablecoin,534436778904079869,-183887586,0.534436778904079869,-183.887586,0,183.887586
4663:0xdc27132d4cb67f0e3a86e6820b1c736afa804f7a6bd9eebd3d89b50845b2a8ca:177,GOOGL,v3,0xdc27132d4cb67f0e3a86e6820b1c736afa804f7a6bd9eebd3d89b50845b2a8ca,177,63763480,2026-09-15T15:29:27+00:00,2026-09-15,buy_stock,-697373923622146439,240191371,-0.697373923622146439,240.191371,0.697373923622146439,0
4663:0xa00b237bfdf08a68b4d6a915dc29d58512f5c5b4b9be1cceeb988a3ad60a55e0:45,GOOGL,v3,0xa00b237bfdf08a68b4d6a915dc29d58512f5c5b4b9be1cceeb988a3ad60a55e0,45,63763577,2026-09-15T15:29:37+00:00,2026-09-15,buy_stock,-139487590932102406,48043376,-0.139487590932102406,48.043376,0.139487590932102406,0
4663:0xb60508a574049bad218716b88587ec02af6261d7303e4adbaf2aad229b4a81d3:35,META,v4,0xb60508a574049bad218716b88587ec02af6261d7303e4adbaf2aad229b4a81d3,35,68352496,2026-09-21T00:02:10+00:00,2026-09-21,buy_stock,-58878126,87513966731458214,-0.087513966731458214,58.878126,0.087513966731458214,0
4663:0x3c96f880b248e68a4810c07f931485ca7f5f766bb901ec9d316bfde8b9e9cdbf:97,META,v4,0x3c96f880b248e68a4810c07f931485ca7f5f766bb901ec9d316bfde8b9e9cdbf,97,68352659,2026-09-21T00:02:26+00:00,2026-09-21,buy_stock,-1297776604,1928933074544866651,-1.928933074544866651,1297.776604,1.928933074544866651,0
4663:0x4acee16dc2d01eb1d0a9403f5ca44fe4d9293d15f49d83fbc3b1368b1812d09a:22,META,v4,0x4acee16dc2d01eb1d0a9403f5ca44fe4d9293d15f49d83fbc3b1368b1812d09a,22,68352660,2026-09-21T00:02:27+00:00,2026-09-21,buy_stock,-2157411889,3206524490706533717,-3.206524490706533717,2157.411889,3.206524490706533717,0
4663:0x0416e2898fdfce100d9a936c1d8f6915be63c2619419ff2dd3017a7052496130:77,META,v4,0x0416e2898fdfce100d9a936c1d8f6915be63c2619419ff2dd3017a7052496130,77,68352660,2026-09-21T00:02:27+00:00,2026-09-21,buy_stock,-1120331708,1665072712239829420,-1.66507271223982942,1120.331708,1.66507271223982942,0
4663:0x45554a454001e04a7b43d3ebfe84cf2bd6c9a0f36f7e15f01c555995bd03be11:45,META,v4,0x45554a454001e04a7b43d3ebfe84cf2bd6c9a0f36f7e15f01c555995bd03be11,45,68352662,2026-09-21T00:02:27+00:00,2026-09-21,buy_stock,-1892584155,2812730117858632982,-2.812730117858632982,1892.584155,2.812730117858632982,0
4663:0xbbb48fb1f1943a72099f5730da19449980a8bf43148f9424ae6d324df74cc910:17,META,v4,0xbbb48fb1f1943a72099f5730da19449980a8bf43148f9424ae6d324df74cc910,17,68352663,2026-09-21T00:02:27+00:00,2026-09-21,buy_stock,-273764189,406854985122711653,-0.406854985122711653,273.764189,0.406854985122711653,0
4663:0x8cccbbae05fce3cdc820ad9501712fad36d49c6e21d9307889043ad013387349:50,META,v4,0x8cccbbae05fce3cdc820ad9501712fad36d49c6e21d9307889043ad013387349,50,68352668,2026-09-21T00:02:27+00:00,2026-09-21,buy_stock,-3105026255,4614375199787839562,-4.614375199787839562,3105.026255,4.614375199787839562,0
4663:0x74bb57608ddedc29730d0e10fcb8d629e252e1223f951c0b824fa650c143f9a4:9,META,v4,0x74bb57608ddedc29730d0e10fcb8d629e252e1223f951c0b824fa650c143f9a4,9,68352669,2026-09-21T00:02:27+00:00,2026-09-21,buy_stock,-717819533,1066707875413829989,-1.066707875413829989,717.819533,1.066707875413829989,0
4663:0x790c1c5933e042b82a37e314b88ebaf3c778c5f01c6ca7fb224433bbd892c732:13,META,v4,0x790c1c5933e042b82a37e314b88ebaf3c778c5f01c6ca7fb224433bbd892c732,13,68352669,2026-09-21T00:02:27+00:00,2026-09-21,buy_stock,-2686359048,3991892123523010160,-3.99189212352301016,2686.359048,3.99189212352301016,0
4663:0x54ea4230cf04ecb0f5d87a251c01eba6da314d7f7583c51cd65f8ba7bfd78b2f:0,META,v4,0x54ea4230cf04ecb0f5d87a251c01eba6da314d7f7583c51cd65f8ba7bfd78b2f,0,68352678,2026-09-21T00:02:28+00:00,2026-09-21,buy_stock,-1496945289,2224342341051003503,-2.224342341051003503,1496.945289,2.224342341051003503,0
4663:0xe580a4b1b0322ac0deb2055ad30549572551f324e26c4e43db930ad36e80051b:32,META,v4,0xe580a4b1b0322ac0deb2055ad30549572551f324e26c4e43db930ad36e80051b,32,68352681,2026-09-21T00:02:29+00:00,2026-09-21,buy_stock,-1147675797,1705308234615928976,-1.705308234615928976,1147.675797,1.705308234615928976,0
4663:0xd16e605b738c9d533d7fbe40d5689fa3762027a8984186c9cee160142ef75f55:0,META,v4,0xd16e605b738c9d533d7fbe40d5689fa3762027a8984186c9cee160142ef75f55,0,68352682,2026-09-21T00:02:29+00:00,2026-09-21,buy_stock,-1703889496,2531699263068469447,-2.531699263068469447,1703.889496,2.531699263068469447,0
4663:0xe7fc3dd9c930613392bf259ed579e0a7c60992e2a5225bd2b10972c6d16f3509:14,META,v4,0xe7fc3dd9c930613392bf259ed579e0a7c60992e2a5225bd2b10972c6d16f3509,14,68352702,2026-09-21T00:02:31+00:00,2026-09-21,buy_stock,-1147488865,1704928593360518450,-1.70492859336051845,1147.488865,1.70492859336051845,0
4663:0xcb55c067b1eb16c7e8a4819e26bd2c11699345574ac0972d025ff9bc3d7de14a:72,META,v4,0xcb55c067b1eb16c7e8a4819e26bd2c11699345574ac0972d025ff9bc3d7de14a,72,68352702,2026-09-21T00:02:31+00:00,2026-09-21,buy_stock,-1496697915,2223718635924725434,-2.223718635924725434,1496.697915,2.223718635924725434,0
4663:0x632fd4898787671540eca4c4110e2a8ac599f474fa1462c97da25985481cdabb:10,META,v4,0x632fd4898787671540eca4c4110e2a8ac599f474fa1462c97da25985481cdabb,10,68352709,2026-09-21T00:02:31+00:00,2026-09-21,buy_stock,-1995701972,2965005319114966817,-2.965005319114966817,1995.701972,2.965005319114966817,0
4663:0x54bfbde4c9b50c119cde674368075518c0ca91ee8da6f410ed3e11848b870e9c:14,META,v4,0x54bfbde4c9b50c119cde674368075518c0ca91ee8da6f410ed3e11848b870e9c,14,68352709,2026-09-21T00:02:31+00:00,2026-09-21,buy_stock,-1518550588,2256020613305040033,-2.256020613305040033,1518.550588,2.256020613305040033,0
4663:0x71cca6e21cdf742b88859fcfcd3db078a6531067e715b3e954869e7c226c7b11:18,META,v4,0x71cca6e21cdf742b88859fcfcd3db078a6531067e715b3e954869e7c226c7b11,18,68352709,2026-09-21T00:02:31+00:00,2026-09-21,buy_stock,-1995701972,2964786982754248332,-2.964786982754248332,1995.701972,2.964786982754248332,0
4663:0xe6f738bd8081940b34fba5bd12e1edf4421e8634e1b7b69370432c49dedfc037:26,META,v4,0xe6f738bd8081940b34fba5bd12e1edf4421e8634e1b7b69370432c49dedfc037,26,68352709,2026-09-21T00:02:31+00:00,2026-09-21,buy_stock,-997559721,1481914317112752073,-1.481914317112752073,997.559721,1.481914317112752073,0
4663:0xf1c32a8c1e8034d24e234724c571f9a92eb5608117c84aeda148d413c1f10e28:0,META,v4,0xf1c32a8c1e8034d24e234724c571f9a92eb5608117c84aeda148d413c1f10e28,0,68352710,2026-09-21T00:02:32+00:00,2026-09-21,buy_stock,-1745743197,2593295849357489443,-2.593295849357489443,1745.743197,2.593295849357489443,0
4663:0x9021ff68d8553fcccc4a6b8462ad8524efafe8358cf53f4b960b47faa965e130:8,META,v4,0x9021ff68d8553fcccc4a6b8462ad8524efafe8358cf53f4b960b47faa965e130,8,68352710,2026-09-21T00:02:32+00:00,2026-09-21,buy_stock,-1442154171,2142243786674828166,-2.142243786674828166,1442.154171,2.142243786674828166,0
4663:0x7dc04d99d30aee4e397af0e632d4f6643af2d4b23ba006ef36da1824c76acd82:11,META,v4,0x7dc04d99d30aee4e397af0e632d4f6643af2d4b23ba006ef36da1824c76acd82,11,68352711,2026-09-21T00:02:32+00:00,2026-09-21,buy_stock,-682925851,1014427664457703382,-1.014427664457703382,682.925851,1.014427664457703382,0
4663:0x64c2f167feda852c66b1e3cf5fad016fd423580d870a04407f04e635ceff4fc0:15,META,v4,0x64c2f167feda852c66b1e3cf5fad016fd423580d870a04407f04e635ceff4fc0,15,68352711,2026-09-21T00:02:32+00:00,2026-09-21,buy_stock,-2765611737,4107930163342260942,-4.107930163342260942,2765.611737,4.107930163342260942,0
4663:0x4c5b0e14311706bf128916832cd7540b0b50d5e53a79d3779dca9ec3b0d474fc:3,META,v4,0x4c5b0e14311706bf128916832cd7540b0b50d5e53a79d3779dca9ec3b0d474fc,3,68352712,2026-09-21T00:02:32+00:00,2026-09-21,buy_stock,-1071974100,1592203866360390583,-1.592203866360390583,1071.9741,1.592203866360390583,0
4663:0xc88250840fed04804e34b35c859e2b975718049d32d25b03b5e5628d929428ef:7,META,v4,0xc88250840fed04804e34b35c859e2b975718049d32d25b03b5e5628d929428ef,7,68352712,2026-09-21T00:02:32+00:00,2026-09-21,buy_stock,-1296882352,1926212445417630619,-1.926212445417630619,1296.882352,1.926212445417630619,0
4663:0x088aab7c637ca681e79a9f141733f246e48065a9a98eb383009d5a43dab27006:20,META,v4,0x088aab7c637ca681e79a9f141733f246e48065a9a98eb383009d5a43dab27006,20,68352712,2026-09-21T00:02:32+00:00,2026-09-21,buy_stock,-1147240282,1703910863710064176,-1.703910863710064176,1147.240282,1.703910863710064176,0
4663:0xc42e27bd1ade0c0f5f4b3f1de5a5259c6dabdfceeb4643c933f7910b28ea74c6:39,META,v4,0xc42e27bd1ade0c0f5f4b3f1de5a5259c6dabdfceeb4643c933f7910b28ea74c6,39,68352712,2026-09-21T00:02:32+00:00,2026-09-21,buy_stock,-1496405842,2222439010277072034,-2.222439010277072034,1496.405842,2.222439010277072034,0
4663:0x6d4926a29752bab7397841663ed10ffd6a6ee3a900e54af481fa8c91d107b24f:63,META,v4,0x6d4926a29752bab7397841663ed10ffd6a6ee3a900e54af481fa8c91d107b24f,63,68352712,2026-09-21T00:02:32+00:00,2026-09-21,buy_stock,-583031043,865889901619390963,-0.865889901619390963,583.031043,0.865889901619390963,0
4663:0x2e443c81e7e64c0114d00b0d9e535957de177084c6e6735e7f7fa545388743eb:18,META,v4,0x2e443c81e7e64c0114d00b0d9e535957de177084c6e6735e7f7fa545388743eb,18,68352713,2026-09-21T00:02:32+00:00,2026-09-21,buy_stock,-4746614927,7049052580218550092,-7.049052580218550092,4746.614927,7.049052580218550092,0
4663:0xc90e6da90f5082030387627a63ca42c42bfd06456876f33ede30171c0c32b302:33,META,v4,0xc90e6da90f5082030387627a63ca42c42bfd06456876f33ede30171c0c32b302,33,68352760,2026-09-21T00:02:37+00:00,2026-09-21,buy_stablecoin,3751822,-5610635024448751,0.005610635024448751,-3.751822,0,3.751822
4663:0x6fe279170bb513af5146c811c557594bc4a09c50ce1513dc7178a1dfcd37665b:0,META,v4,0x6fe279170bb513af5146c811c557594bc4a09c50ce1513dc7178a1dfcd37665b,0,68352819,2026-09-21T00:02:43+00:00,2026-09-21,buy_stock,-299400000,444606310856781316,-0.444606310856781316,299.4,0.444606310856781316,0
4663:0xc1553ed006dd4cb8132c464fed09a80501a68e74d9ff69a6e65d3d5de1230928:6,META,v4,0xc1553ed006dd4cb8132c464fed09a80501a68e74d9ff69a6e65d3d5de1230928,6,68352884,2026-09-21T00:02:49+00:00,2026-09-21,buy_stock,-5259288,7809969408854407,-0.007809969408854407,5.259288,0.007809969408854407,0
4663:0x44a7da0c7768f913530e0b208a71b196f766634952200f3c6163bf2db18efd3e:69,META,v4,0x44a7da0c7768f913530e0b208a71b196f766634952200f3c6163bf2db18efd3e,69,68353084,2026-09-21T00:03:09+00:00,2026-09-21,buy_stock,-3188407888,4734583580486475819,-4.734583580486475819,3188.407888,4.734583580486475819,0
4663:0xc7d7749c54910f5cfdbe02d15351e5df296d65f7c335cb4ff9d1d1761b28be44:16,META,v4,0xc7d7749c54910f5cfdbe02d15351e5df296d65f7c335cb4ff9d1d1761b28be44,16,68353091,2026-09-21T00:03:10+00:00,2026-09-21,buy_stock,-299400000,444573776116082958,-0.444573776116082958,299.4,0.444573776116082958,0
4663:0xafb32e561584c8be66dcff74ea66fc7b4db1ce388ead35d41015cde91607af5d:0,META,v4,0xafb32e561584c8be66dcff74ea66fc7b4db1ce388ead35d41015cde91607af5d,0,68353141,2026-09-21T00:03:15+00:00,2026-09-21,buy_stock,-2020411173,2999999999362479540,-2.99999999936247954,2020.411173,2.99999999936247954,0
4663:0x579bd59b7e976a40d857fea705866b764e8cc7c7cf54f7c8d29e8fd7cc190573:25,META,v4,0x579bd59b7e976a40d857fea705866b764e8cc7c7cf54f7c8d29e8fd7cc190573,25,68353145,2026-09-21T00:03:15+00:00,2026-09-21,buy_stock,-299400000,444552171160267336,-0.444552171160267336,299.4,0.444552171160267336,0
4663:0x150e6580e291526f70d7bac8d57849e1263e80ad64632d63a7adf87b3ef78137:0,META,v4,0x150e6580e291526f70d7bac8d57849e1263e80ad64632d63a7adf87b3ef78137,0,68353186,2026-09-21T00:03:19+00:00,2026-09-21,buy_stock,-3325469212,4937503111438412879,-4.937503111438412879,3325.469212,4.937503111438412879,0
4663:0x1798a7bdc4b575cb32de953d882e944076f189b04d93c924d23aa596856214e5:47,META,v4,0x1798a7bdc4b575cb32de953d882e944076f189b04d93c924d23aa596856214e5,47,68353186,2026-09-21T00:03:19+00:00,2026-09-21,buy_stock,-486522713,722337613562097937,-0.722337613562097937,486.522713,0.722337613562097937,0
4663:0x5072ac1ac55f5afc31825a4ce7d837f28831fa28921c3bea13d91d592462957b:0,META,v4,0x5072ac1ac55f5afc31825a4ce7d837f28831fa28921c3bea13d91d592462957b,0,68353187,2026-09-21T00:03:19+00:00,2026-09-21,buy_stock,-3167925439,4703221566050374908,-4.703221566050374908,3167.925439,4.703221566050374908,0
4663:0xba3766e81f39a1b747e1dc5d3ee580390dd39b28b1fb69fb2e059bdf76698265:0,META,v4,0xba3766e81f39a1b747e1dc5d3ee580390dd39b28b1fb69fb2e059bdf76698265,0,68353196,2026-09-21T00:03:20+00:00,2026-09-21,buy_stock,-3482126770,5169336651588678272,-5.169336651588678272,3482.12677,5.169336651588678272,0
4663:0x284845985ef87ae2100ceacbb3dc0dda65dc35ff668a8d29f16dca0bfe0dfdfd:33,META,v4,0x284845985ef87ae2100ceacbb3dc0dda65dc35ff668a8d29f16dca0bfe0dfdfd,33,68353196,2026-09-21T00:03:20+00:00,2026-09-21,buy_stock,-427648065,634832226223485307,-0.634832226223485307,427.648065,0.634832226223485307,0
4663:0x596e1a5201e489c1c37dd557c8fce366800e0b20d74d120d4296544b3a2defe1:11,META,v4,0x596e1a5201e489c1c37dd557c8fce366800e0b20d74d120d4296544b3a2defe1,11,68353197,2026-09-21T00:03:21+00:00,2026-09-21,buy_stock,-3514051117,5216300482886149439,-5.216300482886149439,3514.051117,5.216300482886149439,0
4663:0x1e30ad3f3b0a6cb958c6efcb026e0f295c3aa7497ad51036953a54a6100469a8:53,META,v4,0x1e30ad3f3b0a6cb958c6efcb026e0f295c3aa7497ad51036953a54a6100469a8,53,68353198,2026-09-21T00:03:21+00:00,2026-09-21,buy_stock,-3037186756,4508127873576306174,-4.508127873576306174,3037.186756,4.508127873576306174,0
4663:0xe8a9faa967f205c5a59dc02100082c8c111cbc61fd5d5e71dcca799f45df32e5:7,META,v4,0xe8a9faa967f205c5a59dc02100082c8c111cbc61fd5d5e71dcca799f45df32e5,7,68353213,2026-09-21T00:03:22+00:00,2026-09-21,buy_stock,-299400000,444387003287694333,-0.444387003287694333,299.4,0.444387003287694333,0
4663:0xfee8fcd0626c3210bce6d3b96d26910ce34e149578b33290e4af2aa668566657:9,META,v4,0xfee8fcd0626c3210bce6d3b96d26910ce34e149578b33290e4af2aa668566657,9,68353291,2026-09-21T00:03:30+00:00,2026-09-21,buy_stock,-2021260345,2999999998699013364,-2.999999998699013364,2021.260345,2.999999998699013364,0
4663:0xedd52ddec541f5e438abb6720efa25943e759bb3d80992cba2d6019d6cf2c89a:14,META,v4,0xedd52ddec541f5e438abb6720efa25943e759bb3d80992cba2d6019d6cf2c89a,14,68353339,2026-09-21T00:03:35+00:00,2026-09-21,buy_stock,-299400000,444365404041911737,-0.444365404041911737,299.4,0.444365404041911737,0
4663:0xa6630da6ebb5a0b0c686f5138b2edb47658f091ab38a82ece01415b39933dded:225,META,v4,0xa6630da6ebb5a0b0c686f5138b2edb47658f091ab38a82ece01415b39933dded,225,68353442,2026-09-21T00:03:45+00:00,2026-09-21,buy_stock,-2021358594,2999999999576895970,-2.99999999957689597,2021.358594,2.99999999957689597,0
4663:0xb18a78fc8868615a5eb1e6b1b883c5199c2d3eda5153330a9d383547d684ed79:14,META,v4,0xb18a78fc8868615a5eb1e6b1b883c5199c2d3eda5153330a9d383547d684ed79,14,68353449,2026-09-21T00:03:46+00:00,2026-09-21,buy_stock,-299400000,444343805456486700,-0.4443438054564867,299.4,0.4443438054564867,0
4663:0x97fafd5797c2eaae101c640a5868e5d4d4fa45bbd4bcc11656a702590c32a186:36,META,v4,0x97fafd5797c2eaae101c640a5868e5d4d4fa45bbd4bcc11656a702590c32a186,36,68353742,2026-09-21T00:04:14+00:00,2026-09-21,buy_stock,-2021456848,2999999998184292846,-2.999999998184292846,2021.456848,2.999999998184292846,0
4663:0x18070d4c9120e6d5501ec350e216a25d645c4ea372e1bdcf2fc5a943b8622bb6:9,META,v4,0x18070d4c9120e6d5501ec350e216a25d645c4ea372e1bdcf2fc5a943b8622bb6,9,68353743,2026-09-21T00:04:14+00:00,2026-09-21,buy_stock,-421302857,625230382823687931,-0.625230382823687931,421.302857,0.625230382823687931,0
4663:0x0a6e30cba7d68c658ff04ea9ea8ecfd0dd4ef9868573edd84b5a0c263074c8a6:0,META,v4,0x0a6e30cba7d68c658ff04ea9ea8ecfd0dd4ef9868573edd84b5a0c263074c8a6,0,68353892,2026-09-21T00:04:29+00:00,2026-09-21,buy_stock,-2021560271,2999999998729062508,-2.999999998729062508,2021.560271,2.999999998729062508,0
4663:0x2e1341d851cfc2b4fd25543f24a66d7ff761dc0122be91e8d0c975af30a019c8:6,META,v4,0x2e1341d851cfc2b4fd25543f24a66d7ff761dc0122be91e8d0c975af30a019c8,6,68353893,2026-09-21T00:04:29+00:00,2026-09-21,buy_stock,-421302857,625198395928235740,-0.62519839592823574,421.302857,0.62519839592823574,0
4663:0x3b785a4a87edd8ceffc5670e571354769af6e661e7710d3875f83bfc20f030e3:5,META,v4,0x3b785a4a87edd8ceffc5670e571354769af6e661e7710d3875f83bfc20f030e3,5,68353946,2026-09-21T00:04:35+00:00,2026-09-21,buy_stock,-299400000,444295555734934638,-0.444295555734934638,299.4,0.444295555734934638,0
4663:0x821fd39ddc3c4ce0c7891de4df2b93b637ad9ca8f331943173cc65d3c54173fc:1,META,v4,0x821fd39ddc3c4ce0c7891de4df2b93b637ad9ca8f331943173cc65d3c54173fc,1,68353976,2026-09-21T00:04:38+00:00,2026-09-21,buy_stock,-3899728994,5786760454717518580,-5.78676045471751858,3899.728994,5.78676045471751858,0
4663:0x9d84b926049700ee2b8a4d639b0608286fcbec9007cb9939c80848c4b19d36c3:8,META,v4,0x9d84b926049700ee2b8a4d639b0608286fcbec9007cb9939c80848c4b19d36c3,8,68353976,2026-09-21T00:04:38+00:00,2026-09-21,buy_stock,-451711546,670258730372093612,-0.670258730372093612,451.711546,0.670258730372093612,0
4663:0x967dc16b1e81f988274121097be4964e0308007b07444c08d5c4ee9bbe6291a8:48,META,v4,0x967dc16b1e81f988274121097be4964e0308007b07444c08d5c4ee9bbe6291a8,48,68353977,2026-09-21T00:04:38+00:00,2026-09-21,buy_stock,-3974952133,5897841029895473483,-5.897841029895473483,3974.952133,5.897841029895473483,0
4663:0xb1ca45c545b06b03cea1f8f99071a2966834c4149fb7176704e75860b971666f:24,META,v4,0xb1ca45c545b06b03cea1f8f99071a2966834c4149fb7176704e75860b971666f,24,68353978,2026-09-21T00:04:38+00:00,2026-09-21,buy_stock,-3450890495,5119865711663593832,-5.119865711663593832,3450.890495,5.119865711663593832,0
4663:0x15e17854c7bf857dc0538836aa5ea4de591a50caddb5038006f8b52beeeb65b6:10,META,v4,0x15e17854c7bf857dc0538836aa5ea4de591a50caddb5038006f8b52beeeb65b6,10,68353980,2026-09-21T00:04:38+00:00,2026-09-21,buy_stock,-299400000,444183205479409714,-0.444183205479409714,299.4,0.444183205479409714,0
4663:0x8ef082b37dc5bb546336211c2c73756f1979f05d8b175e3c5d4ed9175e29c1bf:0,META,v4,0x8ef082b37dc5bb546336211c2c73756f1979f05d8b175e3c5d4ed9175e29c1bf,0,68354042,2026-09-21T00:04:44+00:00,2026-09-21,buy_stock,-2022187738,2999999999462736491,-2.999999999462736491,2022.187738,2.999999999462736491,0
4663:0xbfe3982a78c650d736ac6b016e8a7fcf255f66e2b0dd58fa2d369cb05115b770:2,META,v4,0xbfe3982a78c650d736ac6b016e8a7fcf255f66e2b0dd58fa2d369cb05115b770,2,68354192,2026-09-21T00:05:00+00:00,2026-09-21,buy_stock,-2022273369,2999999998221343231,-2.999999998221343231,2022.273369,2.999999998221343231,0
4663:0xf919da7b00de5836ce2a92dab636a945a7e170946cfdec110ae3624c5c1d11d4:1,META,v4,0xf919da7b00de5836ce2a92dab636a945a7e170946cfdec110ae3624c5c1d11d4,1,68354248,2026-09-21T00:05:05+00:00,2026-09-21,buy_stock,-2189305845,3247646145750245763,-3.247646145750245763,2189.305845,3.247646145750245763,0
4663:0xe6feefa0c1944a5f485d8627185e4d55d9aae6f4e3bd9c368f397555c08f1c6e:13,META,v4,0xe6feefa0c1944a5f485d8627185e4d55d9aae6f4e3bd9c368f397555c08f1c6e,13,68354253,2026-09-21T00:05:06+00:00,2026-09-21,buy_stock,-2474927270,3671162046624029251,-3.671162046624029251,2474.92727,3.671162046624029251,0
4663:0xb1fc1573b26b87ccfb37c8996e56bcb73559a35bcc0842cec3b3820e2c528428:27,META,v4,0xb1fc1573b26b87ccfb37c8996e56bcb73559a35bcc0842cec3b3820e2c528428,27,68354253,2026-09-21T00:05:06+00:00,2026-09-21,buy_stock,-699726331,1037898614923483264,-1.037898614923483264,699.726331,1.037898614923483264,0
4663:0x246d6bcb1277e80f5607ccbc2e0d6931b265a17a586652952bea33f6d0a308b5:31,META,v4,0x246d6bcb1277e80f5607ccbc2e0d6931b265a17a586652952bea33f6d0a308b5,31,68354254,2026-09-21T00:05:06+00:00,2026-09-21,buy_stock,-367987033,545826213460246189,-0.545826213460246189,367.987033,0.545826213460246189,0
4663:0x8f89b080c3c7e64d95f67840957e85d32256caa453923078137aec928c6c715b:37,META,v4,0x8f89b080c3c7e64d95f67840957e85d32256caa453923078137aec928c6c715b,37,68354254,2026-09-21T00:05:06+00:00,2026-09-21,buy_stock,-2733278356,4054074003648235168,-4.054074003648235168,2733.278356,4.054074003648235168,0
4663:0x21f91ad234b84081c80faa67398d964b5f0a88310c63e0d6cff29f736b1cb807:38,META,v4,0x21f91ad234b84081c80faa67398d964b5f0a88310c63e0d6cff29f736b1cb807,38,68354256,2026-09-21T00:05:06+00:00,2026-09-21,buy_stock,-3039704810,4508302410170566179,-4.508302410170566179,3039.70481,4.508302410170566179,0
4663:0x8b073f98d7a9e383eece4c0741f338f12181847ca08ec2f10152cc02b78f9026:11,META,v4,0x8b073f98d7a9e383eece4c0741f338f12181847ca08ec2f10152cc02b78f9026,11,68354342,2026-09-21T00:05:15+00:00,2026-09-21,buy_stock,-2022844890,2999999997789010777,-2.999999997789010777,2022.84489,2.999999997789010777,0
4663:0xacf26b87d1aaa9ba10c5f11b3182813a9076b37a988e0e151d392563f9689395:75,META,v4,0xacf26b87d1aaa9ba10c5f11b3182813a9076b37a988e0e151d392563f9689395,75,68354346,2026-09-21T00:05:15+00:00,2026-09-21,buy_stock,-997349330,1479082082181508861,-1.479082082181508861,997.34933,1.479082082181508861,0
4663:0x6d92a8f561abdb52f0374ab1995f21cf8b30c2dfe922e80d1cc98a06b17bd096:10,META,v4,0x6d92a8f561abdb52f0374ab1995f21cf8b30c2dfe922e80d1cc98a06b17bd096,10,68354347,2026-09-21T00:05:15+00:00,2026-09-21,buy_stock,-4344535722,6442643864037481009,-6.442643864037481009,4344.535722,6.442643864037481009,0
4663:0xbd733523874244553aa48ca3bc7159789d337522bb9db04fa6998c7298dcd576:23,META,v4,0xbd733523874244553aa48ca3bc7159789d337522bb9db04fa6998c7298dcd576,23,68354347,2026-09-21T00:05:15+00:00,2026-09-21,buy_stock,-554543000,822306578841331886,-0.822306578841331886,554.543,0.822306578841331886,0
4663:0x2f116416e737f221e00e6d01a0c210cd0b59aaa9d27d0cb9db19d36cfc0ba29a:1,META,v4,0x2f116416e737f221e00e6d01a0c210cd0b59aaa9d27d0cb9db19d36cfc0ba29a,1,68354348,2026-09-21T00:05:15+00:00,2026-09-21,buy_stock,-1273977697,1889087486143489981,-1.889087486143489981,1273.977697,1.889087486143489981,0
4663:0x38b5684c8aa650c3402f5b4ddfccfb0ea7666cb6861bb155e0720b3aff32aa6e:69,META,v4,0x38b5684c8aa650c3402f5b4ddfccfb0ea7666cb6861bb155e0720b3aff32aa6e,69,68354348,2026-09-21T00:05:15+00:00,2026-09-21,buy_stock,-3653933741,5417869865060766765,-5.417869865060766765,3653.933741,5.417869865060766765,0
4663:0xcddfdf3bd7dcd81819b0e4cba8bb8f984b15ecc63dd6f91463f94e8fdd7b81a2:53,META,v4,0xcddfdf3bd7dcd81819b0e4cba8bb8f984b15ecc63dd6f91463f94e8fdd7b81a2,53,68354349,2026-09-21T00:05:15+00:00,2026-09-21,buy_stock,-3852330079,5711594390601765035,-5.711594390601765035,3852.330079,5.711594390601765035,0
4663:0xe9600ecd362c274a2b51e7d92f7e3c35ea130a8587327893ed7c42ff2e140451:58,META,v4,0xe9600ecd362c274a2b51e7d92f7e3c35ea130a8587327893ed7c42ff2e140451,58,68354350,2026-09-21T00:05:15+00:00,2026-09-21,buy_stock,-3325703781,4930431000214227269,-4.930431000214227269,3325.703781,4.930431000214227269,0
4663:0x905095ffc2f8bf97fe0ad0618d4cb1635c3372188fb1d93e2faeb89ae4ece1c1:7,META,v4,0x905095ffc2f8bf97fe0ad0618d4cb1635c3372188fb1d93e2faeb89ae4ece1c1,7,68354355,2026-09-21T00:05:16+00:00,2026-09-21,buy_stock,-1730416392,2565245991477218037,-2.565245991477218037,1730.416392,2.565245991477218037,0
4663:0xfc4e24dc04e14d5f0bf57685719c94cc503737c53f4200161519e4fa297e92b2:28,META,v4,0xfc4e24dc04e14d5f0bf57685719c94cc503737c53f4200161519e4fa297e92b2,28,68354492,2026-09-21T00:05:30+00:00,2026-09-21,buy_stock,-2023764055,2999999998782892922,-2.999999998782892922,2023.764055,2.999999998782892922,0
4663:0xaeb7c5d913d15e405ad95c4b0e75e7c92916733573b37b51c96c23e977878b71:132,META,v4,0xaeb7c5d913d15e405ad95c4b0e75e7c92916733573b37b51c96c23e977878b71,132,68354514,2026-09-21T00:05:32+00:00,2026-09-21,buy_stablecoin,1740427,-2598081033337482,0.002598081033337482,-1.740427,0,1.740427
4663:0xaeb7c5d913d15e405ad95c4b0e75e7c92916733573b37b51c96c23e977878b71:168,META,v4,0xaeb7c5d913d15e405ad95c4b0e75e7c92916733573b37b51c96c23e977878b71,168,68354514,2026-09-21T00:05:32+00:00,2026-09-21,buy_stock,-2478786,3674439599045561,-0.003674439599045561,2.478786,0.003674439599045561,0
4663:0xbbfc2b3671ad4ef7917533da5216dcc2f9c25c90642cd07017fd4be5bc296aec:0,META,v4,0xbbfc2b3671ad4ef7917533da5216dcc2f9c25c90642cd07017fd4be5bc296aec,0,68354642,2026-09-21T00:05:45+00:00,2026-09-21,buy_stock,-2023849599,2999999998431449931,-2.999999998431449931,2023.849599,2.999999998431449931,0
4663:0x89687ec0ecabd37ae6f4203cc5da8de7bf2b66429448ef59b8e4f1bdc2e1faf8:13,META,v4,0x89687ec0ecabd37ae6f4203cc5da8de7bf2b66429448ef59b8e4f1bdc2e1faf8,13,68354792,2026-09-21T00:06:00+00:00,2026-09-21,buy_stock,-2023935118,2999999998719367011,-2.999999998719367011,2023.935118,2.999999998719367011,0
4663:0xd07e878bec504042a91146896bdffe136e2a7714528aee8148a7acc5f2d62cac:3,META,v4,0xd07e878bec504042a91146896bdffe136e2a7714528aee8148a7acc5f2d62cac,3,68354942,2026-09-21T00:06:15+00:00,2026-09-21,buy_stock,-2024020643,2999999998409861420,-2.99999999840986142,2024.020643,2.99999999840986142,0
4663:0x9a7d86dc741aaf77074e6e397b3803500a6c781a69f579dfac821bad04a261d4:18,META,v4,0x9a7d86dc741aaf77074e6e397b3803500a6c781a69f579dfac821bad04a261d4,18,68355242,2026-09-21T00:06:45+00:00,2026-09-21,buy_stock,-2024106173,2999999998989663616,-2.999999998989663616,2024.106173,2.999999998989663616,0
4663:0x832562a791c17a454b1e36b1cd305fc1db10af23abefad9478a05fccab1244c0:0,META,v4,0x832562a791c17a454b1e36b1cd305fc1db10af23abefad9478a05fccab1244c0,0,68355392,2026-09-21T00:07:00+00:00,2026-09-21,buy_stock,-2024191708,2999999998970698640,-2.99999999897069864,2024.191708,2.99999999897069864,0
4663:0x7bab3b698124bd71912ac57324583e1ed86dcbcb37e3479b936e9acc726e87d2:18,META,v4,0x7bab3b698124bd71912ac57324583e1ed86dcbcb37e3479b936e9acc726e87d2,18,68355443,2026-09-21T00:07:06+00:00,2026-09-21,buy_stock,-421302857,624385675534465294,-0.624385675534465294,421.302857,0.624385675534465294,0
4663:0x39bb7780771fe0ab3fa9eaf6ef96220d0c87837e785c4dbe3eff153492d8d1cc:9,META,v4,0x39bb7780771fe0ab3fa9eaf6ef96220d0c87837e785c4dbe3eff153492d8d1cc,9,68355542,2026-09-21T00:07:16+00:00,2026-09-21,buy_stock,-2024295053,2999999998572021664,-2.999999998572021664,2024.295053,2.999999998572021664,0
4663:0xd888af2584eae1d3f4bee28ca2d0be4ee6e470aaaf10e88fff2c07cc385d9f2e:51,META,v4,0xd888af2584eae1d3f4bee28ca2d0be4ee6e470aaaf10e88fff2c07cc385d9f2e,51,68355543,2026-09-21T00:07:16+00:00,2026-09-21,buy_stock,-421302857,624353798957334048,-0.624353798957334048,421.302857,0.624353798957334048,0
4663:0x55d03637774e6e24e7fba5f3c1939466ce9669ed770a5b075c93a167ed24441d:1,META,v4,0x55d03637774e6e24e7fba5f3c1939466ce9669ed770a5b075c93a167ed24441d,1,68355692,2026-09-21T00:07:31+00:00,2026-09-21,buy_stock,-2024398405,2999999998201575859,-2.999999998201575859,2024.398405,2.999999998201575859,0
4663:0x6dd73f96fffa8bff86f262fe290de629bed60b8de2ebc03d2c7c267e20fd37fd:13,META,v4,0x6dd73f96fffa8bff86f262fe290de629bed60b8de2ebc03d2c7c267e20fd37fd,13,68355842,2026-09-21T00:07:46+00:00,2026-09-21,buy_stock,-2024483959,2999999998985834516,-2.999999998985834516,2024.483959,2.999999998985834516,0
4663:0xb862be66c8818bee9c63b48edefd120bf9388c48917ffd916b04c5848f74bb53:0,META,v4,0xb862be66c8818bee9c63b48edefd120bf9388c48917ffd916b04c5848f74bb53,0,68355993,2026-09-21T00:08:02+00:00,2026-09-21,buy_stock,-2024569518,2999999999168412751,-2.999999999168412751,2024.569518,2.999999999168412751,0
4663:0xa1f2af453fa89f4b5588746edba214cb736d4072be6258debce9059f45dd180c:32,META,v4,0xa1f2af453fa89f4b5588746edba214cb736d4072be6258debce9059f45dd180c,32,68356681,2026-09-21T00:09:11+00:00,2026-09-21,buy_stablecoin,170356450,-254204517756634947,0.254204517756634947,-170.35645,0,170.35645
4663:0xa751b92463c0c66aaad284794a3d78a509b933c6d11064d23cadcff930b0cd11:6,META,v4,0xa751b92463c0c66aaad284794a3d78a509b933c6d11064d23cadcff930b0cd11,6,68357639,2026-09-21T00:10:48+00:00,2026-09-21,buy_stock,-4464077,6614736847612375,-0.006614736847612375,4.464077,0.006614736847612375,0
4663:0x497850586c0a21508a3da568b716490a4e300310bb3e102cd6b5339f17d94bd9:5,META,v4,0x497850586c0a21508a3da568b716490a4e300310bb3e102cd6b5339f17d94bd9,5,68361533,2026-09-21T00:17:19+00:00,2026-09-21,buy_stock,-132447227,196256192823808040,-0.19625619282380804,132.447227,0.19625619282380804,0
4663:0xfce300f392713928d8629e8f594eb06275c17ab2ad12aebb8e1cab275fb1c98d:47,META,v4,0xfce300f392713928d8629e8f594eb06275c17ab2ad12aebb8e1cab275fb1c98d,47,68362177,2026-09-21T00:18:24+00:00,2026-09-21,buy_stablecoin,1906282622,-2844576347588674842,2.844576347588674842,-1906.282622,0,1906.282622
4663:0xcaeb811e4d1b52e203d9d598fc0aa49dcf62ca9b87cacb32a1aa4c091ad33943:10,META,v4,0xcaeb811e4d1b52e203d9d598fc0aa49dcf62ca9b87cacb32a1aa4c091ad33943,10,68363107,2026-09-21T00:19:58+00:00,2026-09-21,buy_stock,-5322916,7887530415243596,-0.007887530415243596,5.322916,0.007887530415243596,0
4663:0x02727e6d1658faca72f98da50ef386b51cf98feba6eec3e6c5d6260efe77a453:1,META,v4,0x02727e6d1658faca72f98da50ef386b51cf98feba6eec3e6c5d6260efe77a453,1,68369223,2026-09-21T00:30:13+00:00,2026-09-21,buy_stock,-5465476,8098775861123913,-0.008098775861123913,5.465476,0.008098775861123913,0
4663:0xd3b59514536e87f88f42a3c2b9b16fa8da706fbddbfaea88f7ea2452e5aa57c3:28,META,v4,0xd3b59514536e87f88f42a3c2b9b16fa8da706fbddbfaea88f7ea2452e5aa57c3,28,68372752,2026-09-21T00:36:09+00:00,2026-09-21,buy_stock,-63961574,94778612978089712,-0.094778612978089712,63.961574,0.094778612978089712,0
4663:0xe45c40a67b680f4b59ce8659230d8f0b8543b0c0d69cf95ab2d36631c258ce8e:31,META,v4,0xe45c40a67b680f4b59ce8659230d8f0b8543b0c0d69cf95ab2d36631c258ce8e,31,68374374,2026-09-21T00:38:53+00:00,2026-09-21,buy_stablecoin,177910368,-265483372538584256,0.265483372538584256,-177.910368,0,177.910368
4663:0x33bc17854d5bc9fdddacc6022925507e9e723580a9e68eb2592b986c30a48ae0:65,META,v4,0x33bc17854d5bc9fdddacc6022925507e9e723580a9e68eb2592b986c30a48ae0,65,68374374,2026-09-21T00:38:53+00:00,2026-09-21,buy_stablecoin,81615010,-121788664452109237,0.121788664452109237,-81.61501,0,81.61501
4663:0x485eedc2fbbffa30b722677822c0dceaa3861ea5c2362ce701b12b1c1809b2e2:96,META,v4,0x485eedc2fbbffa30b722677822c0dceaa3861ea5c2362ce701b12b1c1809b2e2,96,68374374,2026-09-21T00:38:53+00:00,2026-09-21,buy_stablecoin,81460260,-121557874322305628,0.121557874322305628,-81.46026,0,81.46026
4663:0x5bc62e3a71b04a4b08113f6a90af0c1e6fe1d38a2793eac85053031374473a4d:127,META,v4,0x5bc62e3a71b04a4b08113f6a90af0c1e6fe1d38a2793eac85053031374473a4d,127,68374374,2026-09-21T00:38:53+00:00,2026-09-21,buy_stablecoin,251242828,-374914254733554089,0.374914254733554089,-251.242828,0,251.242828
4663:0x42763da344f576a02bd0751be3ceec8ef1066aa49f4689e9bf162139df8f07a9:161,META,v4,0x42763da344f576a02bd0751be3ceec8ef1066aa49f4689e9bf162139df8f07a9,161,68374374,2026-09-21T00:38:53+00:00,2026-09-21,buy_stablecoin,250529414,-373850936740663462,0.373850936740663462,-250.529414,0,250.529414
4663:0x6ba16d1003aadc88cfd0da3de1644107e235e131efe52ae4cd08698ddf47147f:192,META,v4,0x6ba16d1003aadc88cfd0da3de1644107e235e131efe52ae4cd08698ddf47147f,192,68374374,2026-09-21T00:38:53+00:00,2026-09-21,buy_stablecoin,250254809,-373442421210129113,0.373442421210129113,-250.254809,0,250.254809
4663:0xc86962a43b2541b96d1106dcef32a131a246d902ece1bc76a15680e4d1aef8af:87,MSFT,v3,0xc86962a43b2541b96d1106dcef32a131a246d902ece1bc76a15680e4d1aef8af,87,60341800,2026-09-11T14:53:05+00:00,2026-09-11,buy_stock,2573446,-5184034154836465,-0.005184034154836465,2.573446,0.005184034154836465,0
4663:0x7051d310db15f2c036e232a07b156a27770dbbc589298e09d6c1ea8565ec5728:55,MSFT,v3,0x7051d310db15f2c036e232a07b156a27770dbbc589298e09d6c1ea8565ec5728,55,60341811,2026-09-11T14:53:06+00:00,2026-09-11,buy_stablecoin,-164646732,333671004076758571,0.333671004076758571,-164.646732,0,164.646732
4663:0xb4f23b55194332495733f20db0d099ca2fa395db8b3f1924f16fdb3bd2467b15:73,MSFT,v3,0xb4f23b55194332495733f20db0d099ca2fa395db8b3f1924f16fdb3bd2467b15,73,60341811,2026-09-11T14:53:06+00:00,2026-09-11,buy_stablecoin,-163916525,332195457332891380,0.33219545733289138,-163.916525,0,163.916525
4663:0x4c379c32cda32a8a2888a853dd101d03c125b8c3e17d31a93d7ebf8a134ae41a:106,MSFT,v3,0x4c379c32cda32a8a2888a853dd101d03c125b8c3e17d31a93d7ebf8a134ae41a,106,60341816,2026-09-11T14:53:07+00:00,2026-09-11,buy_stock,10299035,-20747242346621723,-0.020747242346621723,10.299035,0.020747242346621723,0
4663:0xf69d9ab27c7c2bdebcd17fc22cbe90afbb61db037c8a2793874f42d8bdb87689:33,MSFT,v3,0xf69d9ab27c7c2bdebcd17fc22cbe90afbb61db037c8a2793874f42d8bdb87689,33,60341864,2026-09-11T14:53:12+00:00,2026-09-11,buy_stablecoin,-228936286,463972164111960571,0.463972164111960571,-228.936286,0,228.936286
4663:0x5cb01bcc18b399097adfddff5d235f342c028d6cc938979ce441763447ed71d9:87,MSFT,v3,0x5cb01bcc18b399097adfddff5d235f342c028d6cc938979ce441763447ed71d9,87,60341869,2026-09-11T14:53:12+00:00,2026-09-11,buy_stablecoin,-1216122,2464669073436950,0.00246466907343695,-1.216122,0,1.216122
4663:0xeb89e352d3fe56eecc3f1b0c2fa774ff6eb5d6e45d440029b15eb272093db1db:120,MSFT,v3,0xeb89e352d3fe56eecc3f1b0c2fa774ff6eb5d6e45d440029b15eb272093db1db,120,60341871,2026-09-11T14:53:13+00:00,2026-09-11,buy_stock,12878554,-25944088936387896,-0.025944088936387896,12.878554,0.025944088936387896,0
4663:0x0dc57dbe488e001e4a227867d6f2813e15b0e191c98bd5023f344b60a9eadc43:65,MSFT,v3,0x0dc57dbe488e001e4a227867d6f2813e15b0e191c98bd5023f344b60a9eadc43,65,60341874,2026-09-11T14:53:13+00:00,2026-09-11,buy_stablecoin,-21372487,43314791265710325,0.043314791265710325,-21.372487,0,21.372487
4663:0x2248b419a0ac57832e016de60af93c9c484d27f1fa43c602538d3517ee595fee:27,MSFT,v3,0x2248b419a0ac57832e016de60af93c9c484d27f1fa43c602538d3517ee595fee,27,60341909,2026-09-11T14:53:16+00:00,2026-09-11,buy_stablecoin,-887095,1797843926700067,0.001797843926700067,-0.887095,0,0.887095
4663:0x4981f10ee86644d5e87f03b0daf0ae71add81d67bb534e2c225a1c5e9a54e775:11,MSFT,v3,0x4981f10ee86644d5e87f03b0daf0ae71add81d67bb534e2c225a1c5e9a54e775,11,60341917,2026-09-11T14:53:17+00:00,2026-09-11,buy_stablecoin,-40995786,83084781452733579,0.083084781452733579,-40.995786,0,40.995786
4663:0x0a8f694200b54e60dac18cf7e9b9c79e62314e7bf4de7a482d04775d2859374c:61,MSFT,v3,0x0a8f694200b54e60dac18cf7e9b9c79e62314e7bf4de7a482d04775d2859374c,61,60341960,2026-09-11T14:53:22+00:00,2026-09-11,buy_stablecoin,-7768574,15744338053626972,0.015744338053626972,-7.768574,0,7.768574
4663:0x4ce39e2547472c7786404bb96cf9344525f38cab43a62ba6cdcdf2bf8eca0007:59,MSFT,v3,0x4ce39e2547472c7786404bb96cf9344525f38cab43a62ba6cdcdf2bf8eca0007,59,60342154,2026-09-11T14:53:36+00:00,2026-09-11,buy_stablecoin,-311722622,631766873001525677,0.631766873001525677,-311.722622,0,311.722622
4663:0x8cd2681a24c474df1763d64bac8dc712d0bc8be7f1f112221a635060a7335937:202,MSFT,v3,0x8cd2681a24c474df1763d64bac8dc712d0bc8be7f1f112221a635060a7335937,202,60342344,2026-09-11T14:53:55+00:00,2026-09-11,buy_stablecoin,-1915382,3881945183188066,0.003881945183188066,-1.915382,0,1.915382
4663:0x60e3f9ed76744e47729696030f45eec14dd1c11e6bb1debd9dc78d9a9ab93185:11,MSFT,v3,0x60e3f9ed76744e47729696030f45eec14dd1c11e6bb1debd9dc78d9a9ab93185,11,60342468,2026-09-11T14:54:08+00:00,2026-09-11,buy_stablecoin,-22263494,45121924897800819,0.045121924897800819,-22.263494,0,22.263494
4663:0xa92512817c49d51acd4336dc25a722a38cc0bac954fb2b4907e40c82bfb9d61c:23,MSFT,v3,0xa92512817c49d51acd4336dc25a722a38cc0bac954fb2b4907e40c82bfb9d61c,23,60342480,2026-09-11T14:54:09+00:00,2026-09-11,buy_stablecoin,-19202802,38918813792177887,0.038918813792177887,-19.202802,0,19.202802
4663:0xaa92bccc7392ad191e6143a34b7fc8df5a79529445ced0da25fd7eab58d12ef2:76,MSFT,v3,0xaa92bccc7392ad191e6143a34b7fc8df5a79529445ced0da25fd7eab58d12ef2,76,60342482,2026-09-11T14:54:10+00:00,2026-09-11,buy_stablecoin,-1119017830,2268043556326995722,2.268043556326995722,-1119.01783,0,1119.01783
4663:0xe9dac3bcf2654122647ff874d96d373d9d8302bf93bf867fc58ad036139cead9:33,MSFT,v3,0xe9dac3bcf2654122647ff874d96d373d9d8302bf93bf867fc58ad036139cead9,33,60342511,2026-09-11T14:54:13+00:00,2026-09-11,buy_stock,2575889,-5189802266632080,-0.00518980226663208,2.575889,0.00518980226663208,0
4663:0x0d855a9158ceef9e7f5770935f9aaac0c2ff778156ad9bf2f89161d010d280af:79,MSFT,v3,0x0d855a9158ceef9e7f5770935f9aaac0c2ff778156ad9bf2f89161d010d280af,79,60342571,2026-09-11T14:54:19+00:00,2026-09-11,buy_stablecoin,-160159262,324629627402400626,0.324629627402400626,-160.159262,0,160.159262
4663:0x6562ce43777b641f4cb1dcebf5b46cf49cb113b9db85219e944016a41b26fe76:40,MSFT,v3,0x6562ce43777b641f4cb1dcebf5b46cf49cb113b9db85219e944016a41b26fe76,40,60342597,2026-09-11T14:54:21+00:00,2026-09-11,buy_stablecoin,-5288776,10719984369820603,0.010719984369820603,-5.288776,0,5.288776
4663:0x4d330658d0fcfed3a95e01a1bfbfdf1445158cb751fdfc38733c61eaae882c3b:50,MSFT,v3,0x4d330658d0fcfed3a95e01a1bfbfdf1445158cb751fdfc38733c61eaae882c3b,50,60342608,2026-09-11T14:54:23+00:00,2026-09-11,buy_stablecoin,-46223846,93692724863300091,0.093692724863300091,-46.223846,0,46.223846
4663:0xf1f6c463ab2ace6ef13a5d861295d4fd4dcba13ecac9e444b6664db3355116b6:25,MSFT,v3,0xf1f6c463ab2ace6ef13a5d861295d4fd4dcba13ecac9e444b6664db3355116b6,25,60342621,2026-09-11T14:54:24+00:00,2026-09-11,buy_stablecoin,-13161665,26677900829742220,0.02667790082974222,-13.161665,0,13.161665
4663:0x54690354a0d6e7de0769a699f594398917bc595c85abe1e9adda327405ca365e:12,MSFT,v3,0x54690354a0d6e7de0769a699f594398917bc595c85abe1e9adda327405ca365e,12,60342637,2026-09-11T14:54:26+00:00,2026-09-11,buy_stablecoin,-3335042,6759933976090241,0.006759933976090241,-3.335042,0,3.335042
4663:0x6c93acdaa04e0ba0d15f16f204132c6d0d56b3159e94040ffcc9fd18bb643174:27,MSFT,v3,0x6c93acdaa04e0ba0d15f16f204132c6d0d56b3159e94040ffcc9fd18bb643174,27,60342645,2026-09-11T14:54:26+00:00,2026-09-11,buy_stablecoin,-11466928,23242800490112424,0.023242800490112424,-11.466928,0,11.466928
4663:0x4125babacae3663aea971f61128f89d547d4a99c5392d8f10700192e858c794b:41,MSFT,v3,0x4125babacae3663aea971f61128f89d547d4a99c5392d8f10700192e858c794b,41,60342651,2026-09-11T14:54:27+00:00,2026-09-11,buy_stablecoin,-17351357,35170236395090670,0.03517023639509067,-17.351357,0,17.351357
4663:0xea6809154123382c06cc7f3057bc9952dfed0156b6fa634f7fdae924be4dc141:22,MSFT,v3,0xea6809154123382c06cc7f3057bc9952dfed0156b6fa634f7fdae924be4dc141,22,60342683,2026-09-11T14:54:30+00:00,2026-09-11,buy_stablecoin,-36269590,73516596984103566,0.073516596984103566,-36.26959,0,36.26959
4663:0x9c2906fa66a3ce66b0334badd1482169d7b26ada87a419560475d59107b7ab45:73,MSFT,v3,0x9c2906fa66a3ce66b0334badd1482169d7b26ada87a419560475d59107b7ab45,73,60342717,2026-09-11T14:54:34+00:00,2026-09-11,buy_stablecoin,-144133737,292153747144946674,0.292153747144946674,-144.133737,0,144.133737
4663:0xbc2ae90480c963bb40e6eaa930b3d4c224a1a01fc33fcab812262f316b05cdf4:90,MSFT,v3,0xbc2ae90480c963bb40e6eaa930b3d4c224a1a01fc33fcab812262f316b05cdf4,90,60342717,2026-09-11T14:54:34+00:00,2026-09-11,buy_stablecoin,-134535190,272700828917192627,0.272700828917192627,-134.53519,0,134.53519
4663:0xaa8e9a68c00576783acc2792ac99ed60a645a86bd50c5d3e2adb273fcc7b089d:107,MSFT,v3,0xaa8e9a68c00576783acc2792ac99ed60a645a86bd50c5d3e2adb273fcc7b089d,107,60342717,2026-09-11T14:54:34+00:00,2026-09-11,buy_stablecoin,-122046671,247389278244482482,0.247389278244482482,-122.046671,0,122.046671
4663:0x8312cf43c1e61ee2c9ea66b89db122d41fa2d4e194f0bf3642500a8389bd3cb0:141,MSFT,v3,0x8312cf43c1e61ee2c9ea66b89db122d41fa2d4e194f0bf3642500a8389bd3cb0,141,60342717,2026-09-11T14:54:34+00:00,2026-09-11,buy_stablecoin,-121823880,246940042102284532,0.246940042102284532,-121.82388,0,121.82388
4663:0x770577608ab34646ba12f167804bea1906cb8bf76516b1a95884ca008f143f02:25,MSFT,v3,0x770577608ab34646ba12f167804bea1906cb8bf76516b1a95884ca008f143f02,25,60342754,2026-09-11T14:54:38+00:00,2026-09-11,buy_stablecoin,-22127253,44852748249123067,0.044852748249123067,-22.127253,0,22.127253
4663:0xbee6252a83e33fb03785d1a30283bfc2ca2fd1966eee04432f107069b0f463a9:130,MSFT,v3,0xbee6252a83e33fb03785d1a30283bfc2ca2fd1966eee04432f107069b0f463a9,130,60342799,2026-09-11T14:54:42+00:00,2026-09-11,buy_stablecoin,-113169877,229400674686771593,0.229400674686771593,-113.169877,0,113.169877
4663:0x98bb30ac2a45b9d7693deb51e41bc0d374471ab79eb10445618c5a27415a9a42:148,MSFT,v3,0x98bb30ac2a45b9d7693deb51e41bc0d374471ab79eb10445618c5a27415a9a42,148,60342799,2026-09-11T14:54:42+00:00,2026-09-11,buy_stablecoin,-105733700,214329034495149356,0.214329034495149356,-105.7337,0,105.7337
4663:0x77385e8b177e734578ee02daf11bde56ad6eefac5b6c227c97bc8e42151458a5:27,MSFT,v3,0x77385e8b177e734578ee02daf11bde56ad6eefac5b6c227c97bc8e42151458a5,27,60342820,2026-09-11T14:54:44+00:00,2026-09-11,buy_stock,2603311197,-5244952467491195066,-5.244952467491195066,2603.311197,5.244952467491195066,0
4663:0x7931bf12955c9d39576e891944106e9afe22445fdb7229a899facf26e8ebd77d:48,MSFT,v3,0x7931bf12955c9d39576e891944106e9afe22445fdb7229a899facf26e8ebd77d,48,60342869,2026-09-11T14:54:49+00:00,2026-09-11,buy_stablecoin,-4252174,8617714183331849,0.008617714183331849,-4.252174,0,4.252174
4663:0xcdcc4b4d594904fa56587648644dc48cc6395f61442d9865d58627dee212b007:78,MSFT,v3,0xcdcc4b4d594904fa56587648644dc48cc6395f61442d9865d58627dee212b007,78,60342949,2026-09-11T14:54:59+00:00,2026-09-11,buy_stablecoin,-104231922,211243619008025032,0.211243619008025032,-104.231922,0,104.231922
4663:0xf026d3100b4a7b816a7dcc7eb95338d36bcc60abaa9b0a72fbbc668a9e0c7bc3:85,MSFT,v3,0xf026d3100b4a7b816a7dcc7eb95338d36bcc60abaa9b0a72fbbc668a9e0c7bc3,85,60342991,2026-09-11T14:55:04+00:00,2026-09-11,buy_stablecoin,-118426762,240013959920366909,0.240013959920366909,-118.426762,0,118.426762
4663:0xefa7e282d79b9a4197a2345d4c76f00201aa9f2da119de2bb38038753835b244:20,MSFT,v3,0xefa7e282d79b9a4197a2345d4c76f00201aa9f2da119de2bb38038753835b244,20,60343000,2026-09-11T14:55:04+00:00,2026-09-11,buy_stablecoin,-31921243,64694745235159876,0.064694745235159876,-31.921243,0,31.921243
4663:0x7f0cd8aeaa22d8bdc8803ce6127d70b0e5ee348822be8f47b82c3475fa3eccd6:158,MSFT,v3,0x7f0cd8aeaa22d8bdc8803ce6127d70b0e5ee348822be8f47b82c3475fa3eccd6,158,60343000,2026-09-11T14:55:04+00:00,2026-09-11,buy_stablecoin,-36131145,73227143110988621,0.073227143110988621,-36.131145,0,36.131145
4663:0x656a3a4443795a98948dc4201584388524dc0a0707760a2252e0cf3e30f36807:17,MSFT,v3,0x656a3a4443795a98948dc4201584388524dc0a0707760a2252e0cf3e30f36807,17,60343004,2026-09-11T14:55:05+00:00,2026-09-11,buy_stablecoin,-113402218,229834099188469707,0.229834099188469707,-113.402218,0,113.402218
4663:0x100b8fb4a4a633589d6803adca49d47c5d4c56f21d05bc3d9b5632fb9be396d3:43,MSFT,v3,0x100b8fb4a4a633589d6803adca49d47c5d4c56f21d05bc3d9b5632fb9be396d3,43,60343004,2026-09-11T14:55:05+00:00,2026-09-11,buy_stablecoin,-4432400,8983259263325012,0.008983259263325012,-4.4324,0,4.4324
4663:0x486bfaf71245044cc8955f133d5e3f5832d580127b7174e9284bc9c3e2feccd5:67,MSFT,v3,0x486bfaf71245044cc8955f133d5e3f5832d580127b7174e9284bc9c3e2feccd5,67,60343008,2026-09-11T14:55:05+00:00,2026-09-11,buy_stablecoin,-53896933,109234536164967707,0.109234536164967707,-53.896933,0,53.896933
4663:0x9b148157344b89d01dd49fd1ef6c6d8ef9d6e281c7eaf8f912ae6a61342b3714:21,MSFT,v3,0x9b148157344b89d01dd49fd1ef6c6d8ef9d6e281c7eaf8f912ae6a61342b3714,21,60343047,2026-09-11T14:55:09+00:00,2026-09-11,buy_stock,49452911,-99627255898099567,-0.099627255898099567,49.452911,0.099627255898099567,0
4663:0x40bc1f6f2c177cc171d25099117534d70731262d70a5a001b6211a346a2c2202:22,MSFT,v3,0x40bc1f6f2c177cc171d25099117534d70731262d70a5a001b6211a346a2c2202,22,60343082,2026-09-11T14:55:13+00:00,2026-09-11,buy_stablecoin,-129225327,261905727370610694,0.261905727370610694,-129.225327,0,129.225327
4663:0x20b53b6127486c9800fa98f5337058f0ec3894d0afca25d42d529f0c8c634189:42,MSFT,v3,0x20b53b6127486c9800fa98f5337058f0ec3894d0afca25d42d529f0c8c634189,42,60343082,2026-09-11T14:55:13+00:00,2026-09-11,buy_stablecoin,-146024096,295955607458354877,0.295955607458354877,-146.024096,0,146.024096
4663:0x3f8f9eed71e72360d18a04bbc5fcc4fbc176eaba7d63f6f26f71e0a2759e949a:64,MSFT,v3,0x3f8f9eed71e72360d18a04bbc5fcc4fbc176eaba7d63f6f26f71e0a2759e949a,64,60343082,2026-09-11T14:55:13+00:00,2026-09-11,buy_stablecoin,-147795133,299548525242634004,0.299548525242634004,-147.795133,0,147.795133
4663:0xd373f1e59408d735b143b9bc5089c242a637448b9fa5e40d1e5fe25dd71b3fd2:85,MSFT,v3,0xd373f1e59408d735b143b9bc5089c242a637448b9fa5e40d1e5fe25dd71b3fd2,85,60343092,2026-09-11T14:55:14+00:00,2026-09-11,buy_stablecoin,-64040472,129797158295622614,0.129797158295622614,-64.040472,0,64.040472
4663:0xa71a3f0aa25a13b7018e38f8436f2e0fb01788af758d17abe3bc82f53eddd8ea:138,MSFT,v3,0xa71a3f0aa25a13b7018e38f8436f2e0fb01788af758d17abe3bc82f53eddd8ea,138,60343096,2026-09-11T14:55:14+00:00,2026-09-11,buy_stablecoin,-362580270,734889594581719729,0.734889594581719729,-362.58027,0,362.58027
4663:0xf2feae76a0bcd69835b8ef4233de5d844cfa54e000b7533f095c359c9c413728:22,MSFT,v3,0xf2feae76a0bcd69835b8ef4233de5d844cfa54e000b7533f095c359c9c413728,22,60343105,2026-09-11T14:55:15+00:00,2026-09-11,buy_stablecoin,-405714739,822340738905877133,0.822340738905877133,-405.714739,0,405.714739
4663:0x54e1219d86f623075d348470ceb6e110d37c0c037d8c0e5ffd13796a2d00162a:11,MSFT,v3,0x54e1219d86f623075d348470ceb6e110d37c0c037d8c0e5ffd13796a2d00162a,11,60343117,2026-09-11T14:55:16+00:00,2026-09-11,buy_stablecoin,-151926377,307945388663093133,0.307945388663093133,-151.926377,0,151.926377
4663:0x0160d68944ded22de55a70c7f03fa345afa165766da3fa2735eaecd3fc326e8f:88,MSFT,v3,0x0160d68944ded22de55a70c7f03fa345afa165766da3fa2735eaecd3fc326e8f,88,60343133,2026-09-11T14:55:18+00:00,2026-09-11,buy_stablecoin,-17983791,36452277559349190,0.03645227755934919,-17.983791,0,17.983791
4663:0x376af0292e7411000b44ea9fffbd8dc15ddadff0359852f61353b6c78b042907:31,MSFT,v3,0x376af0292e7411000b44ea9fffbd8dc15ddadff0359852f61353b6c78b042907,31,60343156,2026-09-11T14:55:21+00:00,2026-09-11,buy_stock,8313808,-16750734631107655,-0.016750734631107655,8.313808,0.016750734631107655,0
4663:0xad4d05ff2a2f8d937d7a8565d9265fbb31cb2b2143044538c819644c8691a41f:49,MSFT,v3,0xad4d05ff2a2f8d937d7a8565d9265fbb31cb2b2143044538c819644c8691a41f,49,60343156,2026-09-11T14:55:21+00:00,2026-09-11,buy_stock,8675699,-17479863624327009,-0.017479863624327009,8.675699,0.017479863624327009,0
4663:0x38ecfc954cbb1a52134cf6495c7da4450d60477d199afa934aec8162f45f0c94:65,MSFT,v3,0x38ecfc954cbb1a52134cf6495c7da4450d60477d199afa934aec8162f45f0c94,65,60343156,2026-09-11T14:55:21+00:00,2026-09-11,buy_stock,8784535,-17699136177499962,-0.017699136177499962,8.784535,0.017699136177499962,0
4663:0xf1fb34c511dc48c62b99d2b40f102c5178308722d94e26260050cc2e6c0b4f37:68,MSFT,v3,0xf1fb34c511dc48c62b99d2b40f102c5178308722d94e26260050cc2e6c0b4f37,68,60343175,2026-09-11T14:55:23+00:00,2026-09-11,buy_stablecoin,-141728609,287278278024822972,0.287278278024822972,-141.728609,0,141.728609
4663:0x7398eeeeb400f209e19ae3e3398140b525d4dcbbfd563ccabe1e72046f7e3d4b:222,MSFT,v3,0x7398eeeeb400f209e19ae3e3398140b525d4dcbbfd563ccabe1e72046f7e3d4b,222,60343189,2026-09-11T14:55:24+00:00,2026-09-11,buy_stablecoin,-128723746,260920703774629010,0.26092070377462901,-128.723746,0,128.723746
4663:0x323457a7b2e82902099b285dd4fa302bdbfff1634405ad52160fbb9bb2ced983:138,MSFT,v3,0x323457a7b2e82902099b285dd4fa302bdbfff1634405ad52160fbb9bb2ced983,138,60343216,2026-09-11T14:55:27+00:00,2026-09-11,buy_stablecoin,-16122696,32680600281261471,0.032680600281261471,-16.122696,0,16.122696
4663:0xdc3ff764152a6ea7342e5e8e7f615c95e24579e2f5cac4df2cfbbd09c3b2c398:7,MSFT,v3,0xdc3ff764152a6ea7342e5e8e7f615c95e24579e2f5cac4df2cfbbd09c3b2c398,7,60343394,2026-09-11T14:55:45+00:00,2026-09-11,buy_stock,39043572,-78666858337287224,-0.078666858337287224,39.043572,0.078666858337287224,0
4663:0x5703db8ed254073904d34063340280193bb5466aa93ba1eaf1ada78649bf388b:42,MSFT,v3,0x5703db8ed254073904d34063340280193bb5466aa93ba1eaf1ada78649bf388b,42,60343513,2026-09-11T14:55:58+00:00,2026-09-11,buy_stablecoin,-134014696,271647677104587375,0.271647677104587375,-134.014696,0,134.014696
4663:0xd12483eeb356a89bbc5a1778f7ffa89a19e55c3862cd725d2c8833301a15a14a:93,MSFT,v3,0xd12483eeb356a89bbc5a1778f7ffa89a19e55c3862cd725d2c8833301a15a14a,93,60343575,2026-09-11T14:56:04+00:00,2026-09-11,buy_stablecoin,-82507224,167243495514029952,0.167243495514029952,-82.507224,0,82.507224
4663:0x6a2c5d6fd27ff59db49c78ca61845cdce88860de5ee478ee288e86ebe03294f0:109,MSFT,v3,0x6a2c5d6fd27ff59db49c78ca61845cdce88860de5ee478ee288e86ebe03294f0,109,60343578,2026-09-11T14:56:04+00:00,2026-09-11,buy_stablecoin,-17580146,35635385260972381,0.035635385260972381,-17.580146,0,17.580146
4663:0x18c2d7e5de25b2dfc079bd1e8e0431066d36ff0234c4b5f4bbcdb0f9813603a6:194,MSFT,v3,0x18c2d7e5de25b2dfc079bd1e8e0431066d36ff0234c4b5f4bbcdb0f9813603a6,194,60343579,2026-09-11T14:56:04+00:00,2026-09-11,buy_stablecoin,-14572519,29538888147223762,0.029538888147223762,-14.572519,0,14.572519
4663:0x443d92452882019765790a573d07a4fe0954a326f58f0744da4cd467f5a5c7a5:214,MSFT,v3,0x443d92452882019765790a573d07a4fe0954a326f58f0744da4cd467f5a5c7a5,214,60343579,2026-09-11T14:56:04+00:00,2026-09-11,buy_stablecoin,-14402640,29194572510427064,0.029194572510427064,-14.40264,0,14.40264
4663:0x6a3830415a6738e7a2adee1483d308d7eef1e1100e6426ba594c8fb9e8ae7252:240,MSFT,v3,0x6a3830415a6738e7a2adee1483d308d7eef1e1100e6426ba594c8fb9e8ae7252,240,60343579,2026-09-11T14:56:04+00:00,2026-09-11,buy_stablecoin,-14523970,29440546575769761,0.029440546575769761,-14.52397,0,14.52397
4663:0x20535fb9865a91eda504027e354cc24b18943a74f22056f12d06da3df78ada83:77,MSFT,v3,0x20535fb9865a91eda504027e354cc24b18943a74f22056f12d06da3df78ada83,77,60343652,2026-09-11T14:56:12+00:00,2026-09-11,buy_stock,9182266,-18501237032276936,-0.018501237032276936,9.182266,0.018501237032276936,0
4663:0xb00a5751ce2e2cf3ba495b45aaedac94dfdf5364e605ff432b043692bc754460:110,MSFT,v3,0xb00a5751ce2e2cf3ba495b45aaedac94dfdf5364e605ff432b043692bc754460,110,60343652,2026-09-11T14:56:12+00:00,2026-09-11,buy_stock,7892922,-15903342610940138,-0.015903342610940138,7.892922,0.015903342610940138,0
4663:0xef385b399d5a0213298548e06c1e3f2c1b7f8bde2a19d4bd424529e14c65d0d3:126,MSFT,v3,0xef385b399d5a0213298548e06c1e3f2c1b7f8bde2a19d4bd424529e14c65d0d3,126,60343652,2026-09-11T14:56:12+00:00,2026-09-11,buy_stock,8683026,-17495299869991244,-0.017495299869991244,8.683026,0.017495299869991244,0
4663:0x1b3c39d24a2f8927700484864dc23a8a1b2df27b36cc06b7395ebd252c2d34d1:18,MSFT,v3,0x1b3c39d24a2f8927700484864dc23a8a1b2df27b36cc06b7395ebd252c2d34d1,18,60343707,2026-09-11T14:56:17+00:00,2026-09-11,buy_stock,2575885,-5190109922938511,-0.005190109922938511,2.575885,0.005190109922938511,0
4663:0x3ebc72b9f6dbe5bb666a0a20c121984c0248e6b06fcf4006c423168adea6817b:37,MSFT,v3,0x3ebc72b9f6dbe5bb666a0a20c121984c0248e6b06fcf4006c423168adea6817b,37,60343711,2026-09-11T14:56:18+00:00,2026-09-11,buy_stock,2575868,-5190074520933338,-0.005190074520933338,2.575868,0.005190074520933338,0
4663:0xacbb61e2dfc2fdb79fb776332a66e7f866f56345c3f5e508c46d9257bcafc2ac:20,MSFT,v3,0xacbb61e2dfc2fdb79fb776332a66e7f866f56345c3f5e508c46d9257bcafc2ac,20,60343717,2026-09-11T14:56:18+00:00,2026-09-11,buy_stock,2575813,-5189962322991018,-0.005189962322991018,2.575813,0.005189962322991018,0
4663:0x8a2e4bea3ce38bed77d945a9b7a9dff926310f1f4228ed8f9238591d23e099e5:54,MSFT,v3,0x8a2e4bea3ce38bed77d945a9b7a9dff926310f1f4228ed8f9238591d23e099e5,54,60343721,2026-09-11T14:56:19+00:00,2026-09-11,buy_stock,2575798,-5189930962950693,-0.005189930962950693,2.575798,0.005189930962950693,0
4663:0x48a17c3065ffed3e2a01e2f558bfe76e6cec6642236e80893519da954d5d990f:11,MSFT,v3,0x48a17c3065ffed3e2a01e2f558bfe76e6cec6642236e80893519da954d5d990f,11,60343750,2026-09-11T14:56:22+00:00,2026-09-11,buy_stablecoin,-154730744,313645292402603031,0.313645292402603031,-154.730744,0,154.730744
4663:0xa26157bd01b13d04cc2f027fb47d117f946ae28d5f95b60601469f2862082f26:68,MSFT,v3,0xa26157bd01b13d04cc2f027fb47d117f946ae28d5f95b60601469f2862082f26,68,60343760,2026-09-11T14:56:23+00:00,2026-09-11,buy_stock,2575727,-5189849442500906,-0.005189849442500906,2.575727,0.005189849442500906,0
4663:0x5ed527f606200e682de9b9addd8e54e4490addf835a104f117cce4cf0056a05d:225,MSFT,v3,0x5ed527f606200e682de9b9addd8e54e4490addf835a104f117cce4cf0056a05d,225,60343771,2026-09-11T14:56:24+00:00,2026-09-11,buy_stock,2575885,-5190167709894602,-0.005190167709894602,2.575885,0.005190167709894602,0
4663:0x198d5f0176427de59ee68834c987329e632780ca4633948e15e09b26a654fdfc:74,MSFT,v3,0x198d5f0176427de59ee68834c987329e632780ca4633948e15e09b26a654fdfc,74,60343780,2026-09-11T14:56:25+00:00,2026-09-11,buy_stablecoin,-37856362,76736880516499463,0.076736880516499463,-37.856362,0,37.856362
4663:0xb27e1c5b7b84998f7314ad3c3e967d90f86fecdb6f5df937d8468260c3cd5004:92,MSFT,v3,0xb27e1c5b7b84998f7314ad3c3e967d90f86fecdb6f5df937d8468260c3cd5004,92,60343780,2026-09-11T14:56:25+00:00,2026-09-11,buy_stablecoin,-36800747,74597311449960832,0.074597311449960832,-36.800747,0,36.800747
4663:0xe272fce3afb0eaae633baba5fe4806329c090d8666e90ca1002ceaaf4a0258b5:289,MSFT,v3,0xe272fce3afb0eaae633baba5fe4806329c090d8666e90ca1002ceaaf4a0258b5,289,60343784,2026-09-11T14:56:25+00:00,2026-09-11,buy_stablecoin,-29632725,60067460793281008,0.060067460793281008,-29.632725,0,29.632725
4663:0xb1bc402a7b08bb6288853cbecdfc4f9110d6db1fec946c803f093c4112120488:15,MSFT,v3,0xb1bc402a7b08bb6288853cbecdfc4f9110d6db1fec946c803f093c4112120488,15,60343790,2026-09-11T14:56:26+00:00,2026-09-11,buy_stablecoin,-29730814,60266433850803067,0.060266433850803067,-29.730814,0,29.730814
4663:0x94df18f7c0af2e9ae5705457fcd267ec5dbeb96432197065effb505ba01fdafb:166,MSFT,v3,0x94df18f7c0af2e9ae5705457fcd267ec5dbeb96432197065effb505ba01fdafb,166,60343796,2026-09-11T14:56:27+00:00,2026-09-11,buy_stablecoin,-29829392,60466398370182995,0.060466398370182995,-29.829392,0,29.829392
4663:0x2a3ff32482665aad80bfd51afaf6a629eb6617a30fa725e4b9ba135826d24672:44,MSFT,v3,0x2a3ff32482665aad80bfd51afaf6a629eb6617a30fa725e4b9ba135826d24672,44,60343824,2026-09-11T14:56:30+00:00,2026-09-11,buy_stablecoin,-21574668,43733546512610706,0.043733546512610706,-21.574668,0,21.574668
4663:0x9c01d969cefc6df140e0909b99ffeaac7a59cc9d0cac4155d63f1e7efdfa968c:135,MSFT,v3,0x9c01d969cefc6df140e0909b99ffeaac7a59cc9d0cac4155d63f1e7efdfa968c,135,60343832,2026-09-11T14:56:30+00:00,2026-09-11,buy_stablecoin,-193847477,392947377444098346,0.392947377444098346,-193.847477,0,193.847477
4663:0xa8045526e6e5162f824a87d7fff90f01dba7f8bfd67e5b048fc8cfb290eb7141:113,MSFT,v3,0xa8045526e6e5162f824a87d7fff90f01dba7f8bfd67e5b048fc8cfb290eb7141,113,60343836,2026-09-11T14:56:31+00:00,2026-09-11,buy_stock,130151005,-262248596583246471,-0.262248596583246471,130.151005,0.262248596583246471,0
4663:0x4fa9dcd5152807c0e88ac2d8a5929ca1845a10a6044d08da4c467e8a1731630b:90,MSFT,v3,0x4fa9dcd5152807c0e88ac2d8a5929ca1845a10a6044d08da4c467e8a1731630b,90,60343855,2026-09-11T14:56:33+00:00,2026-09-11,buy_stablecoin,-43299245,87771634503667323,0.087771634503667323,-43.299245,0,43.299245
4663:0x8b6e1ce0f42668601efb8d511074a80666a750ea031182993641ae586524754b:84,MSFT,v3,0x8b6e1ce0f42668601efb8d511074a80666a750ea031182993641ae586524754b,84,60343860,2026-09-11T14:56:33+00:00,2026-09-11,buy_stablecoin,-14732700,29864635745924948,0.029864635745924948,-14.7327,0,14.7327
4663:0xca235a1090fcad9fb2e037b9e6d7f5385276ce8ac50d88774f9ba78defe5c532:101,MSFT,v3,0xca235a1090fcad9fb2e037b9e6d7f5385276ce8ac50d88774f9ba78defe5c532,101,60343860,2026-09-11T14:56:33+00:00,2026-09-11,buy_stablecoin,-14442357,29276114434002310,0.02927611443400231,-14.442357,0,14.442357
4663:0x8ef9bd4a61d5a5e53f2317be13af102c592557f5ccc7c35be3e8cd35b81f2119:135,MSFT,v3,0x8ef9bd4a61d5a5e53f2317be13af102c592557f5ccc7c35be3e8cd35b81f2119,135,60343860,2026-09-11T14:56:33+00:00,2026-09-11,buy_stablecoin,-14468494,29329130151784271,0.029329130151784271,-14.468494,0,14.468494
4663:0xb53283a864a2a73ef38f50b157a0a467d98ad305a446e81849595b78d3d1dc4a:62,MSFT,v3,0xb53283a864a2a73ef38f50b157a0a467d98ad305a446e81849595b78d3d1dc4a,62,60343861,2026-09-11T14:56:33+00:00,2026-09-11,buy_stablecoin,-192425162,390068810918907729,0.390068810918907729,-192.425162,0,192.425162
4663:0xab1668730a8f3520c8cb8888be61cd2681be3e98d543e0440c8cae37d9d19195:55,MSFT,v3,0xab1668730a8f3520c8cb8888be61cd2681be3e98d543e0440c8cae37d9d19195,55,60343864,2026-09-11T14:56:34+00:00,2026-09-11,buy_stablecoin,-3922681,7951805727977707,0.007951805727977707,-3.922681,0,3.922681
4663:0xed5c52ff35f3103f26afe012a6115c001d9995bee66c9862c74792a8e031b393:10,MSFT,v3,0xed5c52ff35f3103f26afe012a6115c001d9995bee66c9862c74792a8e031b393,10,60343868,2026-09-11T14:56:34+00:00,2026-09-11,buy_stablecoin,-16111941,32661108367885292,0.032661108367885292,-16.111941,0,16.111941
4663:0xedecfb2c95a032799235e800397f79ebdb26b6eeaec6e070b5456224848b735d:55,MSFT,v3,0xedecfb2c95a032799235e800397f79ebdb26b6eeaec6e070b5456224848b735d,55,60343868,2026-09-11T14:56:34+00:00,2026-09-11,buy_stock,123647294,-249147284310949263,-0.249147284310949263,123.647294,0.249147284310949263,0
4663:0x4a92ac17a5da76ffeec01dd405f37ee37f94a98adad5d7d49e51f71712c919f0:146,MSFT,v3,0x4a92ac17a5da76ffeec01dd405f37ee37f94a98adad5d7d49e51f71712c919f0,146,60343889,2026-09-11T14:56:36+00:00,2026-09-11,buy_stablecoin,-262706427,532542532747978161,0.532542532747978161,-262.706427,0,262.706427
4663:0xb94267dab237bfad6824700dbb885c5a8a017999a9c7c2a8b585a28f8a32c12a:8,MSFT,v3,0xb94267dab237bfad6824700dbb885c5a8a017999a9c7c2a8b585a28f8a32c12a,8,60343920,2026-09-11T14:56:40+00:00,2026-09-11,buy_stock,8594480,-17318003577818593,-0.017318003577818593,8.59448,0.017318003577818593,0
4663:0xf8e12818444ada71eb9e79ac2ddd642d03596e6744750424dd9d1bb8dabcb9c1:24,MSFT,v3,0xf8e12818444ada71eb9e79ac2ddd642d03596e6744750424dd9d1bb8dabcb9c1,24,60343920,2026-09-11T14:56:40+00:00,2026-09-11,buy_stock,8988604,-18112157579168279,-0.018112157579168279,8.988604,0.018112157579168279,0
4663:0xb735b582a01e328a26938a3e23a356f7d56280e0a6a7a6b19af74b43b6ed249d:40,MSFT,v3,0xb735b582a01e328a26938a3e23a356f7d56280e0a6a7a6b19af74b43b6ed249d,40,60343920,2026-09-11T14:56:40+00:00,2026-09-11,buy_stock,8195572,-16514176137662389,-0.016514176137662389,8.195572,0.016514176137662389,0
4663:0x68d096fe5f0d70a009cc77230e20e8dea350ba7680effa240722e9dfe73f0c1c:121,MSFT,v3,0x68d096fe5f0d70a009cc77230e20e8dea350ba7680effa240722e9dfe73f0c1c,121,60343922,2026-09-11T14:56:40+00:00,2026-09-11,buy_stock,781239581,-1574158593171473554,-1.574158593171473554,781.239581,1.574158593171473554,0
4663:0x06d01d65222b3494efb08804fd6e32c8de9e727fe28f4c9acea3a3af7641ed57:158,MSFT,v3,0x06d01d65222b3494efb08804fd6e32c8de9e727fe28f4c9acea3a3af7641ed57,158,60343944,2026-09-11T14:56:42+00:00,2026-09-11,buy_stablecoin,-209148704,423954647135847341,0.423954647135847341,-209.148704,0,209.148704
4663:0x492f6ae4e429013ce65313a188eb054d332cceb9d726b52bfa87f4d6e0296be5:294,MSFT,v3,0x492f6ae4e429013ce65313a188eb054d332cceb9d726b52bfa87f4d6e0296be5,294,60343944,2026-09-11T14:56:42+00:00,2026-09-11,buy_stablecoin,-26912819,54554105224310682,0.054554105224310682,-26.912819,0,26.912819
4663:0x0d95a5a0e4a7e83218eb1bfb192b97a89c406cb99b8395f4447d267f586a97b4:339,MSFT,v3,0x0d95a5a0e4a7e83218eb1bfb192b97a89c406cb99b8395f4447d267f586a97b4,339,60343948,2026-09-11T14:56:43+00:00,2026-09-11,buy_stablecoin,-3661131,7421369996053000,0.007421369996053,-3.661131,0,3.661131
4663:0x026e3eb3cefddcef79ad03dcd04dcddd281fd4f64cf1c45f639aaf49e2833d0a:101,MSFT,v3,0x026e3eb3cefddcef79ad03dcd04dcddd281fd4f64cf1c45f639aaf49e2833d0a,101,60344017,2026-09-11T14:56:50+00:00,2026-09-11,buy_stock,211337,-425825046809766,-0.000425825046809766,0.211337,0.000425825046809766,0
4663:0x8e47777640aea0349c3684adc806dedacd571b1b5a613d9c17ac7a92a85b1fe5:205,MSFT,v3,0x8e47777640aea0349c3684adc806dedacd571b1b5a613d9c17ac7a92a85b1fe5,205,60344065,2026-09-11T14:56:55+00:00,2026-09-11,buy_stablecoin,-5049897,10236499651648262,0.010236499651648262,-5.049897,0,5.049897
4663:0x496e68b35746cbb09608bfe7e1635cec0e4795960ba587b768528106a8bc9022:11,MSFT,v3,0x496e68b35746cbb09608bfe7e1635cec0e4795960ba587b768528106a8bc9022,11,60344118,2026-09-11T14:57:00+00:00,2026-09-11,buy_stablecoin,-26497810,53713002242158490,0.05371300224215849,-26.49781,0,26.49781
4663:0x73a790572a827458cb4de560a2d4433adbbcf4eca8717dcd12b56e29bd70d222:78,MSFT,v3,0x73a790572a827458cb4de560a2d4433adbbcf4eca8717dcd12b56e29bd70d222,78,60344296,2026-09-11T14:57:19+00:00,2026-09-11,buy_stablecoin,-149307063,302658798934731671,0.302658798934731671,-149.307063,0,149.307063
4663:0xeb9ea60871a703dc70df40efc90a82de7c66f16ed6e1a787f17eaab67c4c8c0d:36,MSFT,v3,0xeb9ea60871a703dc70df40efc90a82de7c66f16ed6e1a787f17eaab67c4c8c0d,36,60344299,2026-09-11T14:57:19+00:00,2026-09-11,buy_stock,1182932,-2383558462930907,-0.002383558462930907,1.182932,0.002383558462930907,0
4663:0xe723569a48c97e712543ac03c212ffbcb076547f290a9cdf3c9a40d8f030147e:173,MSFT,v3,0xe723569a48c97e712543ac03c212ffbcb076547f290a9cdf3c9a40d8f030147e,173,60344306,2026-09-11T14:57:20+00:00,2026-09-11,buy_stablecoin,-82580243,167399363257828658,0.167399363257828658,-82.580243,0,82.580243
4663:0x1febd85032b86a49cf334d783dca74bd11c07d4b2f888fd5bc027993d2695e5c:105,MSFT,v3,0x1febd85032b86a49cf334d783dca74bd11c07d4b2f888fd5bc027993d2695e5c,105,60344337,2026-09-11T14:57:23+00:00,2026-09-11,buy_stablecoin,-11279598,22865105992199635,0.022865105992199635,-11.279598,0,11.279598
4663:0x945dc6c7f236a95679d5ba7a69494736af105adfe83bf2335548ea146bf2e4ef:8,MSFT,v3,0x945dc6c7f236a95679d5ba7a69494736af105adfe83bf2335548ea146bf2e4ef,8,60344525,2026-09-11T14:57:42+00:00,2026-09-11,buy_stock,25790616,-51967436954976338,-0.051967436954976338,25.790616,0.051967436954976338,0
4663:0xa2b1ee87c761dba1450059969935d868e29e14d385864e03b97d886eaa62f56f:37,MSFT,v3,0xa2b1ee87c761dba1450059969935d868e29e14d385864e03b97d886eaa62f56f,37,60344588,2026-09-11T14:57:49+00:00,2026-09-11,buy_stablecoin,-391833462,794306797931193660,0.79430679793119366,-391.833462,0,391.833462
4663:0x44f85b5a1b4d2b389e7d109eb2a67925b5f108fb55ce859fb76ef24ed47eb615:28,MSFT,v3,0x44f85b5a1b4d2b389e7d109eb2a67925b5f108fb55ce859fb76ef24ed47eb615,28,60344589,2026-09-11T14:57:49+00:00,2026-09-11,buy_stablecoin,-145794682,295555768668636741,0.295555768668636741,-145.794682,0,145.794682
4663:0x90d28c56afc7b3e4967e3277fe65d050cd4eb328c4573279a0c770fcb49a7600:94,MSFT,v3,0x90d28c56afc7b3e4967e3277fe65d050cd4eb328c4573279a0c770fcb49a7600,94,60344591,2026-09-11T14:57:49+00:00,2026-09-11,buy_stock,1052168,-2120193658733995,-0.002120193658733995,1.052168,0.002120193658733995,0
4663:0xf230014f688ec51b6be41d75f08a55b3ff5336da5c190394afc00f170fd3af8c:125,MSFT,v3,0xf230014f688ec51b6be41d75f08a55b3ff5336da5c190394afc00f170fd3af8c,125,60344605,2026-09-11T14:57:51+00:00,2026-09-11,buy_stablecoin,-157475074,319238850375944900,0.3192388503759449,-157.475074,0,157.475074
4663:0x977198e085e0a9a7ee4b969d4bcdadd406d09c72c38f54a8f704c6f1be505d92:162,MSFT,v3,0x977198e085e0a9a7ee4b969d4bcdadd406d09c72c38f54a8f704c6f1be505d92,162,60344606,2026-09-11T14:57:51+00:00,2026-09-11,buy_stock,60020159,-120946517241505976,-0.120946517241505976,60.020159,0.120946517241505976,0
4663:0x129ab0c0cf6030995683f4d53356df3e4c35ff915eeb4197640dfb86966fd3c4:12,MSFT,v3,0x129ab0c0cf6030995683f4d53356df3e4c35ff915eeb4197640dfb86966fd3c4,12,60344607,2026-09-11T14:57:51+00:00,2026-09-11,buy_stablecoin,-101003598,204759282900489312,0.204759282900489312,-101.003598,0,101.003598
4663:0x65b284db9aa150817cd35b47735a177a08656c286826723b1fd46639f9c6c8cd:89,MSFT,v3,0x65b284db9aa150817cd35b47735a177a08656c286826723b1fd46639f9c6c8cd,89,60344625,2026-09-11T14:57:53+00:00,2026-09-11,buy_stablecoin,-1855580,3761739201635956,0.003761739201635956,-1.85558,0,1.85558
4663:0x21c9dd5ce0fdc24bcbac70baa44fbc304ee88beae7bf63f955aa64f8851d3ebe:270,MSFT,v3,0x21c9dd5ce0fdc24bcbac70baa44fbc304ee88beae7bf63f955aa64f8851d3ebe,270,60344641,2026-09-11T14:57:54+00:00,2026-09-11,buy_stablecoin,-171829602,348345654202685388,0.348345654202685388,-171.829602,0,171.829602
4663:0x45477dedd571efa2754fd310945b57c917f5ec9090a13c768d43c600ead6d2c1:98,MSFT,v3,0x45477dedd571efa2754fd310945b57c917f5ec9090a13c768d43c600ead6d2c1,98,60344663,2026-09-11T14:57:57+00:00,2026-09-11,buy_stock,25804811,-52000364721483881,-0.052000364721483881,25.804811,0.052000364721483881,0
4663:0x05e64d2e4f793f807c385efc9e2e1ed08a12fe8d62435c14844a8b0eb2109603:114,MSFT,v3,0x05e64d2e4f793f807c385efc9e2e1ed08a12fe8d62435c14844a8b0eb2109603,114,60344663,2026-09-11T14:57:57+00:00,2026-09-11,buy_stock,25804805,-52000226567698676,-0.052000226567698676,25.804805,0.052000226567698676,0
4663:0xd96921e3bd3069d9224209314a86205752ded009456ac6fc7327f369940011c8:131,MSFT,v3,0xd96921e3bd3069d9224209314a86205752ded009456ac6fc7327f369940011c8,131,60344663,2026-09-11T14:57:57+00:00,2026-09-11,buy_stock,25804799,-52000088414459794,-0.052000088414459794,25.804799,0.052000088414459794,0
4663:0xc2a3299366862cbeeaa3d8562644cdc377d56148da0ccdefc41cf0c7e6fd0f49:133,MSFT,v3,0xc2a3299366862cbeeaa3d8562644cdc377d56148da0ccdefc41cf0c7e6fd0f49,133,60344802,2026-09-11T14:58:11+00:00,2026-09-11,buy_stablecoin,-192002808,389246106559613879,0.389246106559613879,-192.002808,0,192.002808
4663:0x916100196463a7e0547a2e0725c31e4cbf077285566b4bcc5837cfb8a075043f:49,MSFT,v3,0x916100196463a7e0547a2e0725c31e4cbf077285566b4bcc5837cfb8a075043f,49,60344804,2026-09-11T14:58:11+00:00,2026-09-11,buy_stablecoin,-3881727,7869474569209928,0.007869474569209928,-3.881727,0,3.881727
4663:0xb9a3b8e208f97dc5ea124a3c03a13a5e90ab62790192dd653dd7dc347d4919fd:99,MSFT,v3,0xb9a3b8e208f97dc5ea124a3c03a13a5e90ab62790192dd653dd7dc347d4919fd,99,60344825,2026-09-11T14:58:13+00:00,2026-09-11,buy_stablecoin,-3733905,7569795317671847,0.007569795317671847,-3.733905,0,3.733905
4663:0xca5781d1f1439b6d9ddca5aa399ba8e26188c0493d9fbcc487551a099db0159e:71,MSFT,v3,0xca5781d1f1439b6d9ddca5aa399ba8e26188c0493d9fbcc487551a099db0159e,71,60344831,2026-09-11T14:58:14+00:00,2026-09-11,buy_stock,1290991,-2601563502856786,-0.002601563502856786,1.290991,0.002601563502856786,0
4663:0xb65d244a66b00617bf4119dbce2c50c450d5680c7a7be089a8b430cdea034e8d:131,MSFT,v3,0xb65d244a66b00617bf4119dbce2c50c450d5680c7a7be089a8b430cdea034e8d,131,60344873,2026-09-11T14:58:18+00:00,2026-09-11,buy_stock,25809419,-52010243695860535,-0.052010243695860535,25.809419,0.052010243695860535,0
4663:0x12b6ff03066493d6bfed5589ec0284297243a33fa50c27a11e501e3d1e9e0f4b:43,MSFT,v3,0x12b6ff03066493d6bfed5589ec0284297243a33fa50c27a11e501e3d1e9e0f4b,43,60344880,2026-09-11T14:58:19+00:00,2026-09-11,buy_stock,1408049,-2837444125797800,-0.0028374441257978,1.408049,0.0028374441257978,0
4663:0xa2c409ca20cdc9bd7aad8d6b7f4230d1a6a450fa79a653d925ce145633b31947:22,MSFT,v3,0xa2c409ca20cdc9bd7aad8d6b7f4230d1a6a450fa79a653d925ce145633b31947,22,60345005,2026-09-11T14:58:32+00:00,2026-09-11,buy_stablecoin,-409624247,830450609586748843,0.830450609586748843,-409.624247,0,409.624247
4663:0xe539dcbb0169e1eeb5cc99b107651e1e80e41f761ffd0d6f99cecf67242785f6:31,MSFT,v3,0xe539dcbb0169e1eeb5cc99b107651e1e80e41f761ffd0d6f99cecf67242785f6,31,60345012,2026-09-11T14:58:33+00:00,2026-09-11,buy_stablecoin,-9760166,19787637777308189,0.019787637777308189,-9.760166,0,9.760166
4663:0x4661f7cddd7806061db9d835a0a280d046e2a69585d1b0bc99da9ee33fed5508:113,MSFT,v3,0x4661f7cddd7806061db9d835a0a280d046e2a69585d1b0bc99da9ee33fed5508,113,60345035,2026-09-11T14:58:36+00:00,2026-09-11,buy_stablecoin,-71461772,144881247478426436,0.144881247478426436,-71.461772,0,71.461772
4663:0x78655e33ecb2b0cd07f99cd748af21d4ea36732194185608fa6c5560477cff1a:57,MSFT,v3,0x78655e33ecb2b0cd07f99cd748af21d4ea36732194185608fa6c5560477cff1a,57,60345054,2026-09-11T14:58:38+00:00,2026-09-11,buy_stablecoin,-21259741,43102083651129751,0.043102083651129751,-21.259741,0,21.259741
4663:0x2510c730531569cbe53dbec6358803e339edff59d0d01214186b6cf94a8c50e9:61,MSFT,v3,0x2510c730531569cbe53dbec6358803e339edff59d0d01214186b6cf94a8c50e9,61,60345057,2026-09-11T14:58:38+00:00,2026-09-11,buy_stablecoin,-36389667,73776756618076482,0.073776756618076482,-36.389667,0,36.389667
4663:0x226540d55c38302855bd648ca67da9a2bfe5eb6f4420d355079f7a638f87d064:78,MSFT,v3,0x226540d55c38302855bd648ca67da9a2bfe5eb6f4420d355079f7a638f87d064,78,60345057,2026-09-11T14:58:38+00:00,2026-09-11,buy_stablecoin,-85393818,173129228506182785,0.173129228506182785,-85.393818,0,85.393818
4663:0x91422b8259db4b8c7b64e9dd0abbbc041c8fbd3f88f54f507f42d908ea6ccf66:179,MSFT,v3,0x91422b8259db4b8c7b64e9dd0abbbc041c8fbd3f88f54f507f42d908ea6ccf66,179,60345061,2026-09-11T14:58:38+00:00,2026-09-11,buy_stablecoin,-90753345,183996773887554738,0.183996773887554738,-90.753345,0,90.753345
4663:0x4b1a0d43abab0489244978776eaffdd1670cf0c02d82b3d9123808c2c7fd94e5:30,MSFT,v3,0x4b1a0d43abab0489244978776eaffdd1670cf0c02d82b3d9123808c2c7fd94e5,30,60345079,2026-09-11T14:58:40+00:00,2026-09-11,buy_stablecoin,-43493165,88180250086171507,0.088180250086171507,-43.493165,0,43.493165
4663:0x36ccc457fb4d743fe1d5e432e3a44fab9b0b32b345d3d94b915189bde99ea3b9:63,MSFT,v3,0x36ccc457fb4d743fe1d5e432e3a44fab9b0b32b345d3d94b915189bde99ea3b9,63,60345108,2026-09-11T14:58:43+00:00,2026-09-11,buy_stablecoin,-17759998,36007625836103316,0.036007625836103316,-17.759998,0,17.759998
4663:0x5559e008266bb14f4a94837b3a95b1326a91a9576ae52a50ba62522694062ed5:133,MSFT,v3,0x5559e008266bb14f4a94837b3a95b1326a91a9576ae52a50ba62522694062ed5,133,60345126,2026-09-11T14:58:45+00:00,2026-09-11,buy_stablecoin,-1789488,3628113669062178,0.003628113669062178,-1.789488,0,1.789488
4663:0xfe8e1368689b3f622a9fbbba736a7226922cb2544ebcc88726310ae3721447c9:101,MSFT,v3,0xfe8e1368689b3f622a9fbbba736a7226922cb2544ebcc88726310ae3721447c9,101,60345161,2026-09-11T14:58:49+00:00,2026-09-11,buy_stock,419812,-846049533916943,-0.000846049533916943,0.419812,0.000846049533916943,0
4663:0xc2d9a15b1cf4deb910c7743ae0742b5cab31142ba725cdd5e46283fe29a6e841:9,MSFT,v3,0xc2d9a15b1cf4deb910c7743ae0742b5cab31142ba725cdd5e46283fe29a6e841,9,60345191,2026-09-11T14:58:52+00:00,2026-09-11,buy_stock,51698336,-104188023732279168,-0.104188023732279168,51.698336,0.104188023732279168,0
4663:0xc4a3f5a36e25580ccf8c92980bb5c8f73c8ba550660e1bf6f9e2fcc4af0840c5:61,MSFT,v3,0xc4a3f5a36e25580ccf8c92980bb5c8f73c8ba550660e1bf6f9e2fcc4af0840c5,61,60345277,2026-09-11T14:59:01+00:00,2026-09-11,buy_stablecoin,-30980602,62811673568948987,0.062811673568948987,-30.980602,0,30.980602
4663:0xdc4708bfbe7944afbb92588c4be903e712f86b0e7e7e4ed8d4aca97dab14c528:78,MSFT,v3,0xdc4708bfbe7944afbb92588c4be903e712f86b0e7e7e4ed8d4aca97dab14c528,78,60345474,2026-09-11T14:59:21+00:00,2026-09-11,buy_stablecoin,-36967896,74950862599336650,0.07495086259933665,-36.967896,0,36.967896
4663:0x514854d56a2ecca44d78503ac500989c3372fb24a603463db3ac7e8e965c2adc:10,MSFT,v3,0x514854d56a2ecca44d78503ac500989c3372fb24a603463db3ac7e8e965c2adc,10,60345506,2026-09-11T14:59:24+00:00,2026-09-11,buy_stablecoin,-233859417,474146228220093496,0.474146228220093496,-233.859417,0,233.859417
4663:0x57141315995265e03f6346f553ff4c75fe0d4a67c87d9bb5f9bc75c20c1425b0:176,MSFT,v3,0x57141315995265e03f6346f553ff4c75fe0d4a67c87d9bb5f9bc75c20c1425b0,176,60345573,2026-09-11T14:59:31+00:00,2026-09-11,buy_stablecoin,-47810974,96937272416035637,0.096937272416035637,-47.810974,0,47.810974
4663:0xaab7ebad0a20242d89152a2464b2f720f31ad2382d35f862783c8c8ed97b4a72:223,MSFT,v3,0xaab7ebad0a20242d89152a2464b2f720f31ad2382d35f862783c8c8ed97b4a72,223,60345573,2026-09-11T14:59:31+00:00,2026-09-11,buy_stablecoin,-145815988,295646202911206398,0.295646202911206398,-145.815988,0,145.815988
4663:0x08e55b393b8287a2e92da1cf2ce7d29e62a934a5aeb2323648f4a536efa13cf7:97,MSFT,v3,0x08e55b393b8287a2e92da1cf2ce7d29e62a934a5aeb2323648f4a536efa13cf7,97,60345735,2026-09-11T14:59:48+00:00,2026-09-11,buy_stablecoin,-9550192,19363437488167543,0.019363437488167543,-9.550192,0,9.550192
4663:0x74567b583db6949fa6e3d6e60f0884097c32f5f5a3d35c6a11776fdbb013cbfd:126,MSFT,v3,0x74567b583db6949fa6e3d6e60f0884097c32f5f5a3d35c6a11776fdbb013cbfd,126,60345748,2026-09-11T14:59:50+00:00,2026-09-11,buy_stablecoin,-3357670797,6808906029731446630,6.80890602973144663,-3357.670797,0,3357.670797
4663:0xfd18ead7eb482ac44f743465e5e5133aec29d98e523dea16a50199ff792d16cc:78,MSFT,v3,0xfd18ead7eb482ac44f743465e5e5133aec29d98e523dea16a50199ff792d16cc,78,60345805,2026-09-11T14:59:56+00:00,2026-09-11,buy_stablecoin,-3209714,6509900227044675,0.006509900227044675,-3.209714,0,3.209714
4663:0xf991cb94e3e8b6d2f8b167ca18ad7da2ef73a1ca99b2815ae6cb887a042d7f3e:88,MSFT,v3,0xf991cb94e3e8b6d2f8b167ca18ad7da2ef73a1ca99b2815ae6cb887a042d7f3e,88,60345844,2026-09-11T14:59:57+00:00,2026-09-11,buy_stablecoin,-940630979,1907860320138365610,1.90786032013836561,-940.630979,0,940.630979
4663:0xbd44c771b72bd03bcad8977892c5999119525c20ebb99db8114fd47f12ca64ea:93,MSFT,v3,0xbd44c771b72bd03bcad8977892c5999119525c20ebb99db8114fd47f12ca64ea,93,60345924,2026-09-11T15:00:06+00:00,2026-09-11,buy_stock,12905128,-26019496765765248,-0.026019496765765248,12.905128,0.026019496765765248,0
4663:0x40f0b64b5908d2a3bada45e202bd63a67f2e314dbcf6b19b249fac6f88884003:7,MSFT,v3,0x40f0b64b5908d2a3bada45e202bd63a67f2e314dbcf6b19b249fac6f88884003,7,60345951,2026-09-11T15:00:08+00:00,2026-09-11,buy_stablecoin,-2027334985,4112567279499826881,4.112567279499826881,-2027.334985,0,2027.334985
4663:0x8e603b8828759950551a86aa26446950c3bc005170e2a78c9470d02a4c1e2795:113,MSFT,v3,0x8e603b8828759950551a86aa26446950c3bc005170e2a78c9470d02a4c1e2795,113,60346048,2026-09-11T15:00:18+00:00,2026-09-11,buy_stock,40401483,-81473388241802994,-0.081473388241802994,40.401483,0.081473388241802994,0
4663:0x3329c3f7b1246e35a344b2f94fc13f3268fcbd7388aed3cecc50cee8e9a72f9d:36,MSFT,v3,0x3329c3f7b1246e35a344b2f94fc13f3268fcbd7388aed3cecc50cee8e9a72f9d,36,60346055,2026-09-11T15:00:19+00:00,2026-09-11,buy_stock,894065,-1802960507783110,-0.00180296050778311,0.894065,0.00180296050778311,0
4663:0xce8520398b93affd924eb774770ab584cda877ca4010e095d5ac37426c992897:50,MSFT,v3,0xce8520398b93affd924eb774770ab584cda877ca4010e095d5ac37426c992897,50,60346098,2026-09-11T15:00:24+00:00,2026-09-11,buy_stablecoin,-218584092,443455785583524484,0.443455785583524484,-218.584092,0,218.584092
4663:0x912406618951f9a9209e19b5f0f47e597898c226bf51cbfbcf72d73c02b7212c:79,MSFT,v3,0x912406618951f9a9209e19b5f0f47e597898c226bf51cbfbcf72d73c02b7212c,79,60346226,2026-09-11T15:00:37+00:00,2026-09-11,buy_stock,154780715,-312133405152298814,-0.312133405152298814,154.780715,0.312133405152298814,0
4663:0x5ac872a56d1eb0f1473f0bcb520316ecf7727f7c1063accaa27bbead12cbb470:18,MSFT,v3,0x5ac872a56d1eb0f1473f0bcb520316ecf7727f7c1063accaa27bbead12cbb470,18,60346229,2026-09-11T15:00:37+00:00,2026-09-11,buy_stablecoin,-120515817,244498640159182199,0.244498640159182199,-120.515817,0,120.515817
4663:0xf288770d8bd8b7a6c12595226001ce10d0d8640e779f22e5f61a2406497811f5:88,MSFT,v3,0xf288770d8bd8b7a6c12595226001ce10d0d8640e779f22e5f61a2406497811f5,88,60346231,2026-09-11T15:00:37+00:00,2026-09-11,buy_stablecoin,-83603531,169613803546038364,0.169613803546038364,-83.603531,0,83.603531
4663:0x16c5a57831ec5d9111edfa48b51c32ad7b98c476462d73910272345df601f4b2:12,MSFT,v3,0x16c5a57831ec5d9111edfa48b51c32ad7b98c476462d73910272345df601f4b2,12,60346400,2026-09-11T15:00:55+00:00,2026-09-11,buy_stablecoin,-86343728,175174484664328603,0.175174484664328603,-86.343728,0,86.343728
4663:0x1708c2167594f551b36599d47f7175dedde02aeb041c719807e069042ad80c64:29,MSFT,v3,0x1708c2167594f551b36599d47f7175dedde02aeb041c719807e069042ad80c64,29,60346400,2026-09-11T15:00:55+00:00,2026-09-11,buy_stablecoin,-89515196,181610275970672668,0.181610275970672668,-89.515196,0,89.515196
4663:0x29273db8f612cc8246be51db6966a34e3a0046cdf18a08885fbc842afe029eaa:11,MSFT,v3,0x29273db8f612cc8246be51db6966a34e3a0046cdf18a08885fbc842afe029eaa,11,60346454,2026-09-11T15:01:00+00:00,2026-09-11,buy_stablecoin,-63962404,129769183507893391,0.129769183507893391,-63.962404,0,63.962404
4663:0xb6b57dc4f87452437c4391462171e10f324267bb0f62944df2a1598db4996baa:65,MSFT,v3,0xb6b57dc4f87452437c4391462171e10f324267bb0f62944df2a1598db4996baa,65,60346500,2026-09-11T15:01:05+00:00,2026-09-11,buy_stablecoin,-62136695,126065870431782282,0.126065870431782282,-62.136695,0,62.136695
4663:0xe3193e4368ef91f9deb9e6ccfd63bf0db3b42fd64d7c194d01bd9a72d9ed2bd5:70,MSFT,v3,0xe3193e4368ef91f9deb9e6ccfd63bf0db3b42fd64d7c194d01bd9a72d9ed2bd5,70,60346521,2026-09-11T15:01:07+00:00,2026-09-11,buy_stablecoin,-367884296,746396201237550319,0.746396201237550319,-367.884296,0,367.884296
4663:0xea7e6656cc91b77ad8b325bca9c6c673d0bb6f57ab559558e57321e9f115d641:30,MSFT,v3,0xea7e6656cc91b77ad8b325bca9c6c673d0bb6f57ab559558e57321e9f115d641,30,60346588,2026-09-11T15:01:14+00:00,2026-09-11,buy_stablecoin,-430667723,873809649969991528,0.873809649969991528,-430.667723,0,430.667723
4663:0xf6e7abd8c7d4a69fef79f128a1acea40c069cf6cb4082440c7f4ec14b730e9d1:13,MSFT,v3,0xf6e7abd8c7d4a69fef79f128a1acea40c069cf6cb4082440c7f4ec14b730e9d1,13,60346654,2026-09-11T15:01:21+00:00,2026-09-11,buy_stablecoin,-2493469,5059264344889312,0.005059264344889312,-2.493469,0,2.493469
4663:0xea20094a2c7da09f1cab6217f2b09c53e79e197da9fe5723e3966c045e97b0f9:178,MSFT,v3,0xea20094a2c7da09f1cab6217f2b09c53e79e197da9fe5723e3966c045e97b0f9,178,60346757,2026-09-11T15:01:32+00:00,2026-09-11,buy_stablecoin,-173191473,351409483793803390,0.35140948379380339,-173.191473,0,173.191473
4663:0xe331fd2287195b7a86f9c097ebd2935b7d3e0eaf8d7ceabbb727d062aec9bc5e:75,MSFT,v3,0xe331fd2287195b7a86f9c097ebd2935b7d3e0eaf8d7ceabbb727d062aec9bc5e,75,60346791,2026-09-11T15:01:35+00:00,2026-09-11,buy_stablecoin,-87348506,177234305180029353,0.177234305180029353,-87.348506,0,87.348506
4663:0xfff4eec620cbfdd459711e991f59116ecd89693ccf37fc45df4ea76d5e4b0cae:101,MSFT,v3,0xfff4eec620cbfdd459711e991f59116ecd89693ccf37fc45df4ea76d5e4b0cae,101,60346955,2026-09-11T15:01:52+00:00,2026-09-11,buy_stablecoin,-153689257,311846410034558913,0.311846410034558913,-153.689257,0,153.689257
4663:0x0acaedc281e63fb30c504673e82a24bb97336147d2e7204bd865fa94913a880d:108,MSFT,v3,0x0acaedc281e63fb30c504673e82a24bb97336147d2e7204bd865fa94913a880d,108,60346964,2026-09-11T15:01:53+00:00,2026-09-11,buy_stablecoin,-3457757,7016087641210648,0.007016087641210648,-3.457757,0,3.457757
4663:0x696361383269a715e7c4db6b10544ac08104f953f1bc911fc744b9bd869b7ec2:10,MSFT,v3,0x696361383269a715e7c4db6b10544ac08104f953f1bc911fc744b9bd869b7ec2,10,60347063,2026-09-11T15:02:03+00:00,2026-09-11,buy_stablecoin,-204996890,415960402642114638,0.415960402642114638,-204.99689,0,204.99689
4663:0xf7171d66cd3e7dca41b66edc47fefe78b722cd17e72fce6ccd9e6adb645d8938:27,MSFT,v3,0xf7171d66cd3e7dca41b66edc47fefe78b722cd17e72fce6ccd9e6adb645d8938,27,60347079,2026-09-11T15:02:05+00:00,2026-09-11,buy_stablecoin,-101376304,205706229385387173,0.205706229385387173,-101.376304,0,101.376304
4663:0xbe63c3c2aabffd1bdad4a9dd879ff85066a2c41b92589a90056e4d77edf5ce80:45,MSFT,v3,0xbe63c3c2aabffd1bdad4a9dd879ff85066a2c41b92589a90056e4d77edf5ce80,45,60347079,2026-09-11T15:02:05+00:00,2026-09-11,buy_stablecoin,-204740166,415451472000023769,0.415451472000023769,-204.740166,0,204.740166
4663:0xdce6af38632b969ccfa89d6d52ab1531a9688f71c147c47ea3d82c82ebdae323:10,MSFT,v3,0xdce6af38632b969ccfa89d6d52ab1531a9688f71c147c47ea3d82c82ebdae323,10,60347122,2026-09-11T15:02:09+00:00,2026-09-11,buy_stablecoin,-92742886,188193209072397029,0.188193209072397029,-92.742886,0,92.742886
4663:0x3a40e29557a7d64ff67fc8c3c5e80c83c27d138fcee2833730c1b81cda46d464:57,MSFT,v3,0x3a40e29557a7d64ff67fc8c3c5e80c83c27d138fcee2833730c1b81cda46d464,57,60347214,2026-09-11T15:02:19+00:00,2026-09-11,buy_stablecoin,-252122477,511613458688689647,0.511613458688689647,-252.122477,0,252.122477
4663:0xd79d2379d9c81404777dcbbff609608ff6cecb1eb7b2ba3269706984f97d7521:110,MSFT,v3,0xd79d2379d9c81404777dcbbff609608ff6cecb1eb7b2ba3269706984f97d7521,110,60347451,2026-09-11T15:02:43+00:00,2026-09-11,buy_stablecoin,-1683830,3416913833556350,0.00341691383355635,-1.68383,0,1.68383
4663:0xc2cb75d03e895aa8732aa3964b16c45d9cd9a701aca99617d3d3542c4e1c0195:14,MSFT,v3,0xc2cb75d03e895aa8732aa3964b16c45d9cd9a701aca99617d3d3542c4e1c0195,14,60347583,2026-09-11T15:02:57+00:00,2026-09-11,buy_stablecoin,-152444175,309349613179063730,0.30934961317906373,-152.444175,0,152.444175
4663:0xafae4470ef82c8487d008352a1f7d3f5fa4b4c8d8821507d8be4132bdcdce27b:45,MSFT,v3,0xafae4470ef82c8487d008352a1f7d3f5fa4b4c8d8821507d8be4132bdcdce27b,45,60347654,2026-09-11T15:03:04+00:00,2026-09-11,buy_stablecoin,-1162483,2359004938562092,0.002359004938562092,-1.162483,0,1.162483
4663:0xf403cbbfa5eed478877efb51f40cee867c52a6ad0a72a3a7c5e3e4a0fabef6f3:107,MSFT,v3,0xf403cbbfa5eed478877efb51f40cee867c52a6ad0a72a3a7c5e3e4a0fabef6f3,107,60347671,2026-09-11T15:03:06+00:00,2026-09-11,buy_stablecoin,-1651107,3350558394446840,0.00335055839444684,-1.651107,0,1.651107
4663:0x3829e6e584cbb8f515b6fdc0b901ebb7d48f0a4273abd65bcf10ab3226248823:29,MSFT,v3,0x3829e6e584cbb8f515b6fdc0b901ebb7d48f0a4273abd65bcf10ab3226248823,29,60347673,2026-09-11T15:03:06+00:00,2026-09-11,buy_stablecoin,-12936521,26251841060138379,0.026251841060138379,-12.936521,0,12.936521
4663:0xf5b9a62180f72ee63cb6775a5d8881a846f98fc8eec2e5b11712e7082c88d17f:99,MSFT,v3,0xf5b9a62180f72ee63cb6775a5d8881a846f98fc8eec2e5b11712e7082c88d17f,99,60347755,2026-09-11T15:03:15+00:00,2026-09-11,buy_stock,4449356,-8974903697884813,-0.008974903697884813,4.449356,0.008974903697884813,0
4663:0x47efd4507cd7299e7e52a16e2c1cc1af64440a88a4fd21820e307428741f71ed:102,MSFT,v3,0x47efd4507cd7299e7e52a16e2c1cc1af64440a88a4fd21820e307428741f71ed,102,60347783,2026-09-11T15:03:17+00:00,2026-09-11,buy_stablecoin,-308158245,625348947978629517,0.625348947978629517,-308.158245,0,308.158245
4663:0x3d4ae5d4dfd555ec85302dc7a0ff80f9cad2f5e1116b929d48d7b5bf08abb89d:78,MSFT,v3,0x3d4ae5d4dfd555ec85302dc7a0ff80f9cad2f5e1116b929d48d7b5bf08abb89d,78,60347804,2026-09-11T15:03:20+00:00,2026-09-11,buy_stablecoin,-125610673,254908344046976836,0.254908344046976836,-125.610673,0,125.610673
4663:0xd1afd1333b107f1b5be06d50ac704d6e13d8395f55bf5693337cfeee72a2c882:169,MSFT,v3,0xd1afd1333b107f1b5be06d50ac704d6e13d8395f55bf5693337cfeee72a2c882,169,60348031,2026-09-11T15:03:43+00:00,2026-09-11,buy_stablecoin,-187345831,380196352219268112,0.380196352219268112,-187.345831,0,187.345831
4663:0xc2923f7260d32668547285232c5340e0a997b09963498501f2465f6e095d0f46:134,MSFT,v3,0xc2923f7260d32668547285232c5340e0a997b09963498501f2465f6e095d0f46,134,60348036,2026-09-11T15:03:44+00:00,2026-09-11,buy_stablecoin,-84625251,171739205704798718,0.171739205704798718,-84.625251,0,84.625251
4663:0x72aa4cc7caa36b133d630aadb9a681ee882c6dd0d7d49e0893bdea291d098e5e:15,MSFT,v3,0x72aa4cc7caa36b133d630aadb9a681ee882c6dd0d7d49e0893bdea291d098e5e,15,60348046,2026-09-11T15:03:45+00:00,2026-09-11,buy_stablecoin,-87017306,176595091828303814,0.176595091828303814,-87.017306,0,87.017306
4663:0xf1ba25fd7d0842d6e8aa8cfe96fdd91608c1ab66b259b3cd4b0b336ce7e68d2c:63,MSFT,v3,0xf1ba25fd7d0842d6e8aa8cfe96fdd91608c1ab66b259b3cd4b0b336ce7e68d2c,63,60348105,2026-09-11T15:03:51+00:00,2026-09-11,buy_stablecoin,-243591334,494358028111328599,0.494358028111328599,-243.591334,0,243.591334
4663:0x71ab77e41f0f635f4df01a9c582e1e5f43fa6bb9dc4e02d7f23c951c480df2ec:164,MSFT,v3,0x71ab77e41f0f635f4df01a9c582e1e5f43fa6bb9dc4e02d7f23c951c480df2ec,164,60348129,2026-09-11T15:03:54+00:00,2026-09-11,buy_stablecoin,-271334928,550675808271284410,0.55067580827128441,-271.334928,0,271.334928
4663:0x5a1740f4bc8d56386e0e19183a6e66f3c81d436f67c03b0a0619711f609bf376:51,MSFT,v3,0x5a1740f4bc8d56386e0e19183a6e66f3c81d436f67c03b0a0619711f609bf376,51,60348158,2026-09-11T15:03:57+00:00,2026-09-11,buy_stablecoin,-120407997,244373239416563255,0.244373239416563255,-120.407997,0,120.407997
4663:0x7efb0f8b26c80b4cdf63292ca4ecf9aaad17fd7c7655853379669b7197c7ab7f:73,MSFT,v3,0x7efb0f8b26c80b4cdf63292ca4ecf9aaad17fd7c7655853379669b7197c7ab7f,73,60348168,2026-09-11T15:03:58+00:00,2026-09-11,buy_stablecoin,-62308129,126458131538637144,0.126458131538637144,-62.308129,0,62.308129
4663:0xb4eb24ffe9b68254e6d8a062bfedd6c870b21082a22828ee176b1671074ab667:16,MSFT,v3,0xb4eb24ffe9b68254e6d8a062bfedd6c870b21082a22828ee176b1671074ab667,16,60348188,2026-09-11T15:04:00+00:00,2026-09-11,buy_stock,8222493,-16588111994444132,-0.016588111994444132,8.222493,0.016588111994444132,0
4663:0xf4ccde48db5f371de886a28a5a74bd2b1e1f56b0b3187f60311100ff77a8c9e2:32,MSFT,v3,0xf4ccde48db5f371de886a28a5a74bd2b1e1f56b0b3187f60311100ff77a8c9e2,32,60348188,2026-09-11T15:04:00+00:00,2026-09-11,buy_stock,8181556,-16505513075485107,-0.016505513075485107,8.181556,0.016505513075485107,0
4663:0x36220216ec935dfe20e5906c4d8c22ae6954478b69281d4af08d52ca278f5e49:49,MSFT,v3,0x36220216ec935dfe20e5906c4d8c22ae6954478b69281d4af08d52ca278f5e49,49,60348188,2026-09-11T15:04:00+00:00,2026-09-11,buy_stock,9369141,-18901337167808937,-0.018901337167808937,9.369141,0.018901337167808937,0
4663:0xacd7980291a31fe7462800fbfebf744159258b5384ab0e86e78b304caa83c845:13,MSFT,v3,0xacd7980291a31fe7462800fbfebf744159258b5384ab0e86e78b304caa83c845,13,60348218,2026-09-11T15:04:03+00:00,2026-09-11,buy_stablecoin,-113302531,229955714474895346,0.229955714474895346,-113.302531,0,113.302531
4663:0xc716b377a7fe3bd4b22f250d318246a9106e53b2ca851a57708080e79efe45f1:90,MSFT,v3,0xc716b377a7fe3bd4b22f250d318246a9106e53b2ca851a57708080e79efe45f1,90,60348307,2026-09-11T15:04:12+00:00,2026-09-11,buy_stablecoin,-75617369,153472308201971062,0.153472308201971062,-75.617369,0,75.617369
4663:0x24f167af358039256a86cffa7e25fb323de62c9ecdc5211ceb1697235f156c24:23,MSFT,v3,0x24f167af358039256a86cffa7e25fb323de62c9ecdc5211ceb1697235f156c24,23,60348437,2026-09-11T15:04:26+00:00,2026-09-11,buy_stablecoin,-3269206,6635175322216801,0.006635175322216801,-3.269206,0,3.269206
4663:0xfabcd181701bdf58e8b5f4ae4a20376fdaba36e3b0d5687f4126ac1f1ce9f7da:117,MSFT,v3,0xfabcd181701bdf58e8b5f4ae4a20376fdaba36e3b0d5687f4126ac1f1ce9f7da,117,60348502,2026-09-11T15:04:32+00:00,2026-09-11,buy_stablecoin,-150428329,305311279786137570,0.30531127978613757,-150.428329,0,150.428329
4663:0xba3571eb7f2e4b78a828e19af52467ea159b4afd73949f70e34fb5b9605baebb:114,MSFT,v3,0xba3571eb7f2e4b78a828e19af52467ea159b4afd73949f70e34fb5b9605baebb,114,60348806,2026-09-11T15:05:03+00:00,2026-09-11,buy_stablecoin,-18370722,37285751887097359,0.037285751887097359,-18.370722,0,18.370722
4663:0x9d92f5822a3a858576c1b47f244df94cd9beb42f1e78d1810097286391498ab8:71,MSFT,v3,0x9d92f5822a3a858576c1b47f244df94cd9beb42f1e78d1810097286391498ab8,71,60349036,2026-09-11T15:05:29+00:00,2026-09-11,buy_stablecoin,-17616079,35754167338540579,0.035754167338540579,-17.616079,0,17.616079
4663:0xa0d36fe8710d864780d25482048a588e7ff5dd9ddbf75c4c8de858a8ad971568:20,MSFT,v3,0xa0d36fe8710d864780d25482048a588e7ff5dd9ddbf75c4c8de858a8ad971568,20,60349117,2026-09-11T15:05:37+00:00,2026-09-11,buy_stablecoin,-140239930,284637639013902185,0.284637639013902185,-140.23993,0,140.23993
4663:0xda2dca8fa5a918ed0afbb5c6fe2ef6b95c0683ed5608288a751c413b0baaa0b8:21,MSFT,v3,0xda2dca8fa5a918ed0afbb5c6fe2ef6b95c0683ed5608288a751c413b0baaa0b8,21,60349660,2026-09-11T15:06:30+00:00,2026-09-11,buy_stablecoin,-8106808,16454078727551507,0.016454078727551507,-8.106808,0,8.106808
4663:0x672ed769efd315dda96d57b35aaa29f9ecfce1e33d4f26b86229d9efc50c7e3b:29,MSFT,v3,0x672ed769efd315dda96d57b35aaa29f9ecfce1e33d4f26b86229d9efc50c7e3b,29,60349664,2026-09-11T15:06:30+00:00,2026-09-11,buy_stablecoin,-21614295,43869773547989469,0.043869773547989469,-21.614295,0,21.614295
4663:0x1ae3320533b179d77440ad24be64b50b573f13ddef8f9e7f99f76613cc12f563:12,MSFT,v3,0x1ae3320533b179d77440ad24be64b50b573f13ddef8f9e7f99f76613cc12f563,12,60349710,2026-09-11T15:06:35+00:00,2026-09-11,buy_stock,484651,-977786722134413,-0.000977786722134413,0.484651,0.000977786722134413,0
4663:0xd370409ee53284d7117df5b2f844edb6c01bf97091ff456950ee69fc5f68c1bc:9,MSFT,v3,0xd370409ee53284d7117df5b2f844edb6c01bf97091ff456950ee69fc5f68c1bc,9,60349729,2026-09-11T15:06:37+00:00,2026-09-11,buy_stock,2579339,-5203831921031966,-0.005203831921031966,2.579339,0.005203831921031966,0
4663:0xcecfb3a2f0c0afed07a785cd8ac0d9bae7647e43cf8126deecd00313e0b637f0:114,MSFT,v3,0xcecfb3a2f0c0afed07a785cd8ac0d9bae7647e43cf8126deecd00313e0b637f0,114,60349776,2026-09-11T15:06:42+00:00,2026-09-11,buy_stablecoin,-67604171,137214343691862938,0.137214343691862938,-67.604171,0,67.604171
4663:0x06ec8e1595d2c2fd74c1bfb0900c851d459fd726f6ac6e3440660811529be29c:74,MSFT,v3,0x06ec8e1595d2c2fd74c1bfb0900c851d459fd726f6ac6e3440660811529be29c,74,60349847,2026-09-11T15:06:49+00:00,2026-09-11,buy_stock,2249100,-4537599662454346,-0.004537599662454346,2.2491,0.004537599662454346,0
4663:0x010e4fdcb52b6ad92254fa99874df2cc09593dd4519e94fdd59c593eacbf3ae3:60,MSFT,v3,0x010e4fdcb52b6ad92254fa99874df2cc09593dd4519e94fdd59c593eacbf3ae3,60,60349855,2026-09-11T15:06:50+00:00,2026-09-11,buy_stablecoin,-1599251,3245966195845192,0.003245966195845192,-1.599251,0,1.599251
4663:0x002753250e0ee0a7a7ad770c1db2196883fbf6927a9396c751928a3f74755760:93,MSFT,v3,0x002753250e0ee0a7a7ad770c1db2196883fbf6927a9396c751928a3f74755760,93,60349908,2026-09-11T15:06:56+00:00,2026-09-11,buy_stablecoin,-14331861,29089099147925007,0.029089099147925007,-14.331861,0,14.331861
4663:0x9d1af2e7fffbd6bd4327b905324e63b680b7452b9ce018a7712de9d26308474e:31,MSFT,v3,0x9d1af2e7fffbd6bd4327b905324e63b680b7452b9ce018a7712de9d26308474e,31,60349974,2026-09-11T15:07:03+00:00,2026-09-11,buy_stablecoin,-194669610,395120991062134100,0.3951209910621341,-194.66961,0,194.66961
4663:0xd6c27c0a1a7bc5a9f3187fd23928910b2173e1016f93c375dae19ebf943ead4b:13,MSFT,v3,0xd6c27c0a1a7bc5a9f3187fd23928910b2173e1016f93c375dae19ebf943ead4b,13,60350141,2026-09-11T15:07:20+00:00,2026-09-11,buy_stock,1299116,-2621040909868639,-0.002621040909868639,1.299116,0.002621040909868639,0
4663:0xf21aafb739ccf5238cf77ddf48f73ec314d1cbc234a7df0213e043ce0878ebba:200,MSFT,v3,0xf21aafb739ccf5238cf77ddf48f73ec314d1cbc234a7df0213e043ce0878ebba,200,60350147,2026-09-11T15:07:20+00:00,2026-09-11,buy_stock,154877717,-312472617896131215,-0.312472617896131215,154.877717,0.312472617896131215,0
4663:0x485c2b5edc71188a29ac6cb78dafaabf8c95e0ce3cd822e1111b521b54530a0b:24,MSFT,v3,0x485c2b5edc71188a29ac6cb78dafaabf8c95e0ce3cd822e1111b521b54530a0b,24,60350187,2026-09-11T15:07:25+00:00,2026-09-11,buy_stablecoin,-301394196,611745250000000000,0.61174525,-301.394196,0,301.394196
4663:0xf905043f25c77da47d6153a9366fff5bb9de21f363d40e415b5a00f22750e315:65,MSFT,v3,0xf905043f25c77da47d6153a9366fff5bb9de21f363d40e415b5a00f22750e315,65,60350286,2026-09-11T15:07:35+00:00,2026-09-11,buy_stablecoin,-780315058,1583900466544227941,1.583900466544227941,-780.315058,0,780.315058
4663:0x6bc2d07cd4545dd600cbb00b9b364da79192c7f3bc76bb6f2e2fc7321d6dc468:67,MSFT,v3,0x6bc2d07cd4545dd600cbb00b9b364da79192c7f3bc76bb6f2e2fc7321d6dc468,67,60350362,2026-09-11T15:07:43+00:00,2026-09-11,buy_stock,1140086,-2300390321157651,-0.002300390321157651,1.140086,0.002300390321157651,0
4663:0x769bf7d92ed01f5f706eb708a842465b0dafb69c295daaa36a44b1b46fa436b4:6,MSFT,v3,0x769bf7d92ed01f5f706eb708a842465b0dafb69c295daaa36a44b1b46fa436b4,6,60350429,2026-09-11T15:07:50+00:00,2026-09-11,buy_stock,1449441,-2924585476004926,-0.002924585476004926,1.449441,0.002924585476004926,0
4663:0x6706ee4c62010b7088199b33a13d89450c69c36de50ba477362053eece9f0318:45,MSFT,v3,0x6706ee4c62010b7088199b33a13d89450c69c36de50ba477362053eece9f0318,45,60350529,2026-09-11T15:08:00+00:00,2026-09-11,buy_stock,23222632,-46857065096743741,-0.046857065096743741,23.222632,0.046857065096743741,0
4663:0x83d93ee7cb69257f636511691f476e10e35c7c62a7e976e26d0ac0b66c9abce3:15,MSFT,v3,0x83d93ee7cb69257f636511691f476e10e35c7c62a7e976e26d0ac0b66c9abce3,15,60350672,2026-09-11T15:08:15+00:00,2026-09-11,buy_stock,25790193,-52037596253664659,-0.052037596253664659,25.790193,0.052037596253664659,0
4663:0xee2459148b9bc2b10ed25adaa1ff4898417f428df4cee2c72c878c794524c651:12,MSFT,v3,0xee2459148b9bc2b10ed25adaa1ff4898417f428df4cee2c72c878c794524c651,12,60350804,2026-09-11T15:08:28+00:00,2026-09-11,buy_stock,12895037,-26018629287205554,-0.026018629287205554,12.895037,0.026018629287205554,0
4663:0xb4bb57789c0ff61c829856ed4c14393e6e66984da48c8ad89f99060f553c68cd:142,MSFT,v3,0xb4bb57789c0ff61c829856ed4c14393e6e66984da48c8ad89f99060f553c68cd,142,60350869,2026-09-11T15:08:35+00:00,2026-09-11,buy_stock,130315782,-262939560952453683,-0.262939560952453683,130.315782,0.262939560952453683,0
4663:0x58a06e44cb50ed9302ec836474d8057091cf487456628a7819f37dc2f84566f6:108,MSFT,v3,0x58a06e44cb50ed9302ec836474d8057091cf487456628a7819f37dc2f84566f6,108,60350873,2026-09-11T15:08:35+00:00,2026-09-11,buy_stock,77432689,-156235243012133956,-0.156235243012133956,77.432689,0.156235243012133956,0
4663:0x4b6a6f2931eab5c9b8c366eee5c05dc61e30fa77e5a377e2b8c6c38c4d108f0c:8,MSFT,v3,0x4b6a6f2931eab5c9b8c366eee5c05dc61e30fa77e5a377e2b8c6c38c4d108f0c,8,60351031,2026-09-11T15:08:52+00:00,2026-09-11,buy_stock,7743402,-15623728754164774,-0.015623728754164774,7.743402,0.015623728754164774,0
4663:0x328b5394799b5496671ddfb8214fbc293940228d5facd0678295bbf023d229ac:59,MSFT,v3,0x328b5394799b5496671ddfb8214fbc293940228d5facd0678295bbf023d229ac,59,60351078,2026-09-11T15:08:56+00:00,2026-09-11,buy_stablecoin,-143230671,290737746448778155,0.290737746448778155,-143.230671,0,143.230671
4663:0x913f26500ae0b6f47b32f219bd181d35a4e7fe23a7722ccada6c4419cf533ca6:10,MSFT,v3,0x913f26500ae0b6f47b32f219bd181d35a4e7fe23a7722ccada6c4419cf533ca6,10,60351081,2026-09-11T15:08:57+00:00,2026-09-11,buy_stablecoin,-73516726,149229952024834506,0.149229952024834506,-73.516726,0,73.516726
4663:0x859bf63cddb8aac6fd81ff0908cb24f1efa7e8a8978e8abcc9ab8f52c38f0581:115,MSFT,v3,0x859bf63cddb8aac6fd81ff0908cb24f1efa7e8a8978e8abcc9ab8f52c38f0581,115,60351193,2026-09-11T15:09:08+00:00,2026-09-11,buy_stablecoin,-64310294,130542872043257315,0.130542872043257315,-64.310294,0,64.310294
4663:0xeeabc818cfb7b4e3aeadf3a3d71865edbd26cdfa359ec0abead599d1f2608fd8:71,MSFT,v3,0xeeabc818cfb7b4e3aeadf3a3d71865edbd26cdfa359ec0abead599d1f2608fd8,71,60351311,2026-09-11T15:09:20+00:00,2026-09-11,buy_stablecoin,-139509737,283192255818694835,0.283192255818694835,-139.509737,0,139.509737
4663:0x4085ed3a904268cf3c0ca588c74559abb221ee420b97935b078923d998754766:3,MSFT,v3,0x4085ed3a904268cf3c0ca588c74559abb221ee420b97935b078923d998754766,3,60351785,2026-09-11T15:10:09+00:00,2026-09-11,buy_stablecoin,-5968125,12114842645089170,0.01211484264508917,-5.968125,0,5.968125
4663:0x5a0c3e7b192c5fd224231ff7040c5a1b33b237963544890055aa48ef8ad01076:12,MSFT,v3,0x5a0c3e7b192c5fd224231ff7040c5a1b33b237963544890055aa48ef8ad01076,12,60351814,2026-09-11T15:10:12+00:00,2026-09-11,buy_stock,128978123,-260245773965678932,-0.260245773965678932,128.978123,0.260245773965678932,0
4663:0x7cbc08f8a03df9dac95cc1477df43e290d51023f5b8e52fa8dbd5a83f11c4ff0:67,MSFT,v3,0x7cbc08f8a03df9dac95cc1477df43e290d51023f5b8e52fa8dbd5a83f11c4ff0,67,60351880,2026-09-11T15:10:19+00:00,2026-09-11,buy_stablecoin,-639434732,1298027887900342799,1.298027887900342799,-639.434732,0,639.434732
4663:0xcdd8ecf93db64a362eeca49a8f9c9178641965c37e9b5daff104b5074ae69139:31,MSFT,v3,0xcdd8ecf93db64a362eeca49a8f9c9178641965c37e9b5daff104b5074ae69139,31,60351907,2026-09-11T15:10:22+00:00,2026-09-11,buy_stock,29013585,-58545299965407716,-0.058545299965407716,29.013585,0.058545299965407716,0
4663:0xba705d1370114e4d3e852136e60f9616b0a3f8c6fce055ca4d30ea5778e52b85:1154,MSFT,v3,0xba705d1370114e4d3e852136e60f9616b0a3f8c6fce055ca4d30ea5778e52b85,1154,60351969,2026-09-11T15:10:29+00:00,2026-09-11,buy_stablecoin,-158895795,322563632694597215,0.322563632694597215,-158.895795,0,158.895795
4663:0x77c64e6d898681e561e34362a27e228f68e6fdb68069d2a70e4014603a1ef41b:32,MSFT,v3,0x77c64e6d898681e561e34362a27e228f68e6fdb68069d2a70e4014603a1ef41b,32,60352021,2026-09-11T15:10:34+00:00,2026-09-11,buy_stablecoin,-3580102,7267781243901748,0.007267781243901748,-3.580102,0,3.580102
4663:0xe3886602818250475272a86a21ff5485d52dc55c0371462cde41e424d029f059:42,MSFT,v3,0xe3886602818250475272a86a21ff5485d52dc55c0371462cde41e424d029f059,42,60352079,2026-09-11T15:10:40+00:00,2026-09-11,buy_stablecoin,-1935437,3929032816515392,0.003929032816515392,-1.935437,0,1.935437
4663:0xda2c9dff19f6cf497620f80d31b143ebe8cdcf1a4f9e6a9834adbba7c1912b8d:139,MSFT,v3,0xda2c9dff19f6cf497620f80d31b143ebe8cdcf1a4f9e6a9834adbba7c1912b8d,139,60352165,2026-09-11T15:10:49+00:00,2026-09-11,buy_stock,7726594,-15591385876952739,-0.015591385876952739,7.726594,0.015591385876952739,0
4663:0xa3312914fb4329e296b1779731108a7876d3fa1fa063724ca4baf1db4f6c0850:11,MSFT,v3,0xa3312914fb4329e296b1779731108a7876d3fa1fa063724ca4baf1db4f6c0850,11,60352192,2026-09-11T15:10:51+00:00,2026-09-11,buy_stock,12880006,-25990357334610093,-0.025990357334610093,12.880006,0.025990357334610093,0
4663:0x9fffc9cbdae09b38e3f448df4ab87af9053ca886f54f904981846a68daa91c26:79,MSFT,v3,0x9fffc9cbdae09b38e3f448df4ab87af9053ca886f54f904981846a68daa91c26,79,60352203,2026-09-11T15:10:52+00:00,2026-09-11,buy_stock,25747612,-51955602012344797,-0.051955602012344797,25.747612,0.051955602012344797,0
4663:0xa3571f84c47b417e32df2fedceda52dedae1cfdb18c8b51d66852d66674a0435:185,MSFT,v3,0xa3571f84c47b417e32df2fedceda52dedae1cfdb18c8b51d66852d66674a0435,185,60352214,2026-09-11T15:10:54+00:00,2026-09-11,buy_stock,123599206,-249406663443640528,-0.249406663443640528,123.599206,0.249406663443640528,0
4663:0x700e24ade49c88906a1d43e935c76a42d791bfa0da25b3ed7824e2a1a66b6176:64,MSFT,v3,0x700e24ade49c88906a1d43e935c76a42d791bfa0da25b3ed7824e2a1a66b6176,64,60352385,2026-09-11T15:11:11+00:00,2026-09-11,buy_stock,3865002,-7799008187309397,-0.007799008187309397,3.865002,0.007799008187309397,0
4663:0xdf9e93dc0ab8ace939c94e08134f285156eb3ad5837b024781aff54bc90d16fa:85,MSFT,v3,0xdf9e93dc0ab8ace939c94e08134f285156eb3ad5837b024781aff54bc90d16fa,85,60352466,2026-09-11T15:11:20+00:00,2026-09-11,buy_stock,3864037,-7797058331862032,-0.007797058331862032,3.864037,0.007797058331862032,0
4663:0x4b736a9bc8127ed7d2618e2643a31440f629dc9911922f3560ec428b24efbddd:124,MSFT,v3,0x4b736a9bc8127ed7d2618e2643a31440f629dc9911922f3560ec428b24efbddd,124,60352486,2026-09-11T15:11:22+00:00,2026-09-11,buy_stock,10308190,-20800401304156931,-0.020800401304156931,10.30819,0.020800401304156931,0
4663:0x88af568fc9ed48b47ca91daed8680455bb095d8c7029945b992058b6738919f5:97,MSFT,v3,0x88af568fc9ed48b47ca91daed8680455bb095d8c7029945b992058b6738919f5,97,60352668,2026-09-11T15:11:40+00:00,2026-09-11,buy_stock,12883175,-25996311537625484,-0.025996311537625484,12.883175,0.025996311537625484,0
4663:0x509d05415e1763dda2a771d366a4dae18b71bd69fbaed80032a6276f06a99382:35,MSFT,v3,0x509d05415e1763dda2a771d366a4dae18b71bd69fbaed80032a6276f06a99382,35,60352815,2026-09-11T15:11:55+00:00,2026-09-11,buy_stock,286352743,-577808688028700711,-0.577808688028700711,286.352743,0.577808688028700711,0
4663:0x86c19756933463068408532bcb30a2b0e217a83abbc41c7ceebe97433671c449:52,MSFT,v3,0x86c19756933463068408532bcb30a2b0e217a83abbc41c7ceebe97433671c449,52,60352815,2026-09-11T15:11:55+00:00,2026-09-11,buy_stock,195240084,-393950678981310242,-0.393950678981310242,195.240084,0.393950678981310242,0
4663:0x40aea8f115b12d9438688e6653e892b850e392eab6598a0a6a69610e8246b940:134,MSFT,v3,0x40aea8f115b12d9438688e6653e892b850e392eab6598a0a6a69610e8246b940,134,60352841,2026-09-11T15:11:58+00:00,2026-09-11,buy_stablecoin,-283131712,574741932761293435,0.574741932761293435,-283.131712,0,283.131712
4663:0xb1497a48ac4a29e85aac7d616cbe9e74702a2c6c13181c268a7625c6068940d9:54,MSFT,v3,0xb1497a48ac4a29e85aac7d616cbe9e74702a2c6c13181c268a7625c6068940d9,54,60352861,2026-09-11T15:12:00+00:00,2026-09-11,buy_stablecoin,-299082806,607138483373151616,0.607138483373151616,-299.082806,0,299.082806
4663:0x6dd524f9f99e9ad088f28c7a99fb52ed9e6aaa15d69c6cdf9ba734d7350468ca:46,MSFT,v3,0x6dd524f9f99e9ad088f28c7a99fb52ed9e6aaa15d69c6cdf9ba734d7350468ca,46,60352950,2026-09-11T15:12:09+00:00,2026-09-11,buy_stock,12885267,-26000752645291976,-0.026000752645291976,12.885267,0.026000752645291976,0
4663:0xbbd6df742adf4193a2ae76a6b26228a7239acf6990e0e70db075171171319541:24,MSFT,v3,0xbbd6df742adf4193a2ae76a6b26228a7239acf6990e0e70db075171171319541,24,60353061,2026-09-11T15:12:20+00:00,2026-09-11,buy_stablecoin,-1043517,2118369516617570,0.00211836951661757,-1.043517,0,1.043517
4663:0xbe05b917fd31a0f6713bb7cef4de211bcbf07b3fbcd451538bc5c4d3198ed870:93,MSFT,v3,0xbe05b917fd31a0f6713bb7cef4de211bcbf07b3fbcd451538bc5c4d3198ed870,93,60353250,2026-09-11T15:12:40+00:00,2026-09-11,buy_stablecoin,-291166595,591084389966991020,0.59108438996699102,-291.166595,0,291.166595
4663:0xe7f72f2ed137552cd1be3d5d7337037e383480ec8c132fcb948a4edf9d56f099:131,MSFT,v3,0xe7f72f2ed137552cd1be3d5d7337037e383480ec8c132fcb948a4edf9d56f099,131,60353270,2026-09-11T15:12:42+00:00,2026-09-11,buy_stock,5156811,-10406035274495247,-0.010406035274495247,5.156811,0.010406035274495247,0
4663:0x361d7236af9024f9d0e703556301909456bdacf5ded5bd295721b06fb6841f41:58,MSFT,v3,0x361d7236af9024f9d0e703556301909456bdacf5ded5bd295721b06fb6841f41,58,60353539,2026-09-11T15:13:06+00:00,2026-09-11,buy_stablecoin,-440794,894849889059288,0.000894849889059288,-0.440794,0,0.440794
4663:0xdea2e2bed95291161e5abf4adf0fa3784cbfd5baed292e189fb2b7a3d0b8520d:70,MSFT,v3,0xdea2e2bed95291161e5abf4adf0fa3784cbfd5baed292e189fb2b7a3d0b8520d,70,60353696,2026-09-11T15:13:22+00:00,2026-09-11,buy_stablecoin,-137673739,279490890934113234,0.279490890934113234,-137.673739,0,137.673739
4663:0x176d9843fd3143300b39c0f5554f18b52f337d49b4ed30f825e7cebacd79795c:118,MSFT,v3,0x176d9843fd3143300b39c0f5554f18b52f337d49b4ed30f825e7cebacd79795c,118,60353759,2026-09-11T15:13:28+00:00,2026-09-11,buy_stock,12889200,-26009701920963581,-0.026009701920963581,12.8892,0.026009701920963581,0
4663:0xdfa001209cf8bb84aa6dcf8064013d891edf968ec3f34f5a895bc63b70a82d37:78,MSFT,v3,0xdfa001209cf8bb84aa6dcf8064013d891edf968ec3f34f5a895bc63b70a82d37,78,60353761,2026-09-11T15:13:29+00:00,2026-09-11,buy_stablecoin,-4385089,8902201758549991,0.008902201758549991,-4.385089,0,4.385089
4663:0x46a1b4ae217064b7c94fde9c6cf3b3b2bbb6237e4643f169b58d2211cf5276b9:16,MSFT,v3,0x46a1b4ae217064b7c94fde9c6cf3b3b2bbb6237e4643f169b58d2211cf5276b9,16,60353784,2026-09-11T15:13:31+00:00,2026-09-11,buy_stock,6509620,-13136051335703036,-0.013136051335703036,6.50962,0.013136051335703036,0
4663:0xacbe65eb36bbc091b1167f9d8a9810447c929b411f57882e3a7843e2e30def94:178,MSFT,v3,0xacbe65eb36bbc091b1167f9d8a9810447c929b411f57882e3a7843e2e30def94,178,60353827,2026-09-11T15:13:35+00:00,2026-09-11,buy_stock,2577694,-5201639243496373,-0.005201639243496373,2.577694,0.005201639243496373,0
4663:0x3366bf03f2e1b66d88bf52d4f355906fc3d8801cfb4e96da0734d47b27a75bb1:20,MSFT,v3,0x3366bf03f2e1b66d88bf52d4f355906fc3d8801cfb4e96da0734d47b27a75bb1,20,60353951,2026-09-11T15:13:48+00:00,2026-09-11,buy_stablecoin,-4252974,8633988566435464,0.008633988566435464,-4.252974,0,4.252974
4663:0x33f83db4048a32c6cde678aaa543efe2d96c9d823fcf8202a4ac9de77a7f87e7:21,MSFT,v3,0x33f83db4048a32c6cde678aaa543efe2d96c9d823fcf8202a4ac9de77a7f87e7,21,60353979,2026-09-11T15:13:51+00:00,2026-09-11,buy_stablecoin,-3038871,6169233306573810,0.00616923330657381,-3.038871,0,3.038871
4663:0xe25a818c524d552cd2506bf64614b57ebd7cb774f4c36b05bb0719a076e30851:24,MSFT,v3,0xe25a818c524d552cd2506bf64614b57ebd7cb774f4c36b05bb0719a076e30851,24,60354046,2026-09-11T15:13:58+00:00,2026-09-11,buy_stablecoin,-63974573,129875629396758022,0.129875629396758022,-63.974573,0,63.974573
4663:0xcd2899cb3ed3e802a29e4491c2d1b0bf0b5522a468769b3e58b7e86a54e1ad46:20,MSFT,v3,0xcd2899cb3ed3e802a29e4491c2d1b0bf0b5522a468769b3e58b7e86a54e1ad46,20,60354049,2026-09-11T15:13:58+00:00,2026-09-11,buy_stock,5168533,-10429873692948159,-0.010429873692948159,5.168533,0.010429873692948159,0
4663:0xbce0768841cf4b63455526744e23964a3d13e7ad712dc67a171f14653dbd6c84:11,MSFT,v3,0xbce0768841cf4b63455526744e23964a3d13e7ad712dc67a171f14653dbd6c84,11,60354109,2026-09-11T15:14:04+00:00,2026-09-11,buy_stock,9063,-18287093359368,-0.000018287093359368,0.009063,0.000018287093359368,0
4663:0xde8b09910b40623436c7877ceadafbc793c6b46baccf640d19793fce593783f2:45,MSFT,v3,0xde8b09910b40623436c7877ceadafbc793c6b46baccf640d19793fce593783f2,45,60354301,2026-09-11T15:14:24+00:00,2026-09-11,buy_stablecoin,-6396272,12985194366226396,0.012985194366226396,-6.396272,0,6.396272
4663:0xc6fc3b2baeb2132ad81d4d612fc0e16d18f9da3914a23a2731dc7e1efe072043:60,MSFT,v3,0xc6fc3b2baeb2132ad81d4d612fc0e16d18f9da3914a23a2731dc7e1efe072043,60,60354325,2026-09-11T15:14:27+00:00,2026-09-11,buy_stock,64645600,-130451654803236742,-0.130451654803236742,64.6456,0.130451654803236742,0
4663:0xbd582e157a07853b2ee7bc43eedfca41eaec0b6497827c6cd563942f9df1e2a1:75,MSFT,v3,0xbd582e157a07853b2ee7bc43eedfca41eaec0b6497827c6cd563942f9df1e2a1,75,60354373,2026-09-11T15:14:32+00:00,2026-09-11,buy_stablecoin,-149619335,303745446817486229,0.303745446817486229,-149.619335,0,149.619335
4663:0x335b7b76fb04cdc577883f715d63fad1f99c527f46e8cbf7d94e5a020b1cdcc4:52,MSFT,v3,0x335b7b76fb04cdc577883f715d63fad1f99c527f46e8cbf7d94e5a020b1cdcc4,52,60354407,2026-09-11T15:14:35+00:00,2026-09-11,buy_stablecoin,-302189896,613495335011672085,0.613495335011672085,-302.189896,0,302.189896
4663:0xb5e06ad4fc1d589c39e19ad9a071ac413fb74126e21398945f3a4635dd1d0786:38,MSFT,v3,0xb5e06ad4fc1d589c39e19ad9a071ac413fb74126e21398945f3a4635dd1d0786,38,60354412,2026-09-11T15:14:36+00:00,2026-09-11,buy_stablecoin,-134330242,272718175158720483,0.272718175158720483,-134.330242,0,134.330242
4663:0x0d1f9c535fccc419379c0f382a02a015b037122a75042e986478f1236b10ecb1:57,MSFT,v3,0x0d1f9c535fccc419379c0f382a02a015b037122a75042e986478f1236b10ecb1,57,60354447,2026-09-11T15:14:39+00:00,2026-09-11,buy_stablecoin,-5355608,10873065261157308,0.010873065261157308,-5.355608,0,5.355608
4663:0xe26f54d8f3ad97f59ef4f0272d284e5e81f84f5e47187778dbe1bcdfcf191efa:46,MSFT,v3,0xe26f54d8f3ad97f59ef4f0272d284e5e81f84f5e47187778dbe1bcdfcf191efa,46,60354486,2026-09-11T15:14:43+00:00,2026-09-11,buy_stablecoin,-259501593,526851975190270785,0.526851975190270785,-259.501593,0,259.501593
4663:0xe4b65e95c2cb6cb495c6abf920a37fbb00d965d8c218e89ce6ba10e59b69928c:66,MSFT,v3,0xe4b65e95c2cb6cb495c6abf920a37fbb00d965d8c218e89ce6ba10e59b69928c,66,60354509,2026-09-11T15:14:46+00:00,2026-09-11,buy_stablecoin,-6249737,12688661180130128,0.012688661180130128,-6.249737,0,6.249737
4663:0x7a3d10ccddaab9a19474c7c353a577e612e1362d022748b063a5f1f37893980e:96,MSFT,v3,0x7a3d10ccddaab9a19474c7c353a577e612e1362d022748b063a5f1f37893980e,96,60354637,2026-09-11T15:14:59+00:00,2026-09-11,buy_stablecoin,-49301847,100096379288459771,0.100096379288459771,-49.301847,0,49.301847
4663:0x43fee9215dd51408afe4dd5d155306fa8e0aeca179c20349bc3d54e94892d6dd:41,MSFT,v3,0x43fee9215dd51408afe4dd5d155306fa8e0aeca179c20349bc3d54e94892d6dd,41,60354765,2026-09-11T15:15:12+00:00,2026-09-11,buy_stock,29180065,-58888724988249277,-0.058888724988249277,29.180065,0.058888724988249277,0
4663:0x40184a1f76f797c277cf1127feefe14bf6d9eca544478c118d5dd20a819934d0:59,MSFT,v3,0x40184a1f76f797c277cf1127feefe14bf6d9eca544478c118d5dd20a819934d0,59,60354966,2026-09-11T15:15:33+00:00,2026-09-11,buy_stablecoin,-261854337,531643048946859569,0.531643048946859569,-261.854337,0,261.854337
4663:0xb4f6ab2b3527cb02b498796368a56a5cb838d56a0f0fc5a79b1207d694a9106a:44,MSFT,v3,0xb4f6ab2b3527cb02b498796368a56a5cb838d56a0f0fc5a79b1207d694a9106a,44,60355065,2026-09-11T15:15:43+00:00,2026-09-11,buy_stablecoin,-4600540,9340597561199297,0.009340597561199297,-4.60054,0,4.60054
4663:0x4a6faf1e8bbc4ed33cc2d42b479ae999bbbc96be8a5b82554a85c458783a234d:196,MSFT,v3,0x4a6faf1e8bbc4ed33cc2d42b479ae999bbbc96be8a5b82554a85c458783a234d,196,60355115,2026-09-11T15:15:50+00:00,2026-09-11,buy_stablecoin,-77498165,157347172181486390,0.15734717218148639,-77.498165,0,77.498165
4663:0xfb63990f6a5e43a8650c1ad73a0783ae1333df626ddba19b9b9b5d5ba7b44008:92,MSFT,v3,0xfb63990f6a5e43a8650c1ad73a0783ae1333df626ddba19b9b9b5d5ba7b44008,92,60355446,2026-09-11T15:16:24+00:00,2026-09-11,buy_stock,55691850,-112395759590405163,-0.112395759590405163,55.69185,0.112395759590405163,0
4663:0x81282e09f53af01d4bc36528ed5c78b560a41e3e522169d7d7d620745fa7bac2:16,MSFT,v3,0x81282e09f53af01d4bc36528ed5c78b560a41e3e522169d7d7d620745fa7bac2,16,60355464,2026-09-11T15:16:26+00:00,2026-09-11,buy_stablecoin,-732776,1487778509475650,0.00148777850947565,-0.732776,0,0.732776
4663:0xccaba541297380027626b9935aa58027481ab98020458eb78a4bde507ebb572d:156,MSFT,v3,0xccaba541297380027626b9935aa58027481ab98020458eb78a4bde507ebb572d,156,60355524,2026-09-11T15:16:32+00:00,2026-09-11,buy_stock,51637645,-104213154315814862,-0.104213154315814862,51.637645,0.104213154315814862,0
4663:0xccba27df8bb918a024bfcd49597c7ca50fe4e56b21249f5fca5c52e5599c338c:34,MSFT,v3,0xccba27df8bb918a024bfcd49597c7ca50fe4e56b21249f5fca5c52e5599c338c,34,60356006,2026-09-11T15:17:21+00:00,2026-09-11,buy_stock,25824471,-52117784970519611,-0.052117784970519611,25.824471,0.052117784970519611,0
4663:0xddab85f198efe85dd6f9a41abdaea6d073bd66631089b09aab3d5f1a5e6b649a:9,MSFT,v3,0xddab85f198efe85dd6f9a41abdaea6d073bd66631089b09aab3d5f1a5e6b649a,9,60356555,2026-09-11T15:18:18+00:00,2026-09-11,buy_stock,11642945,-23497226156684919,-0.023497226156684919,11.642945,0.023497226156684919,0
4663:0xcc58ecee5ffb80bdbcc568db3a98f209d92de452eda5ce71880c27fe99feb866:7,MSFT,v3,0xcc58ecee5ffb80bdbcc568db3a98f209d92de452eda5ce71880c27fe99feb866,7,60356856,2026-09-11T15:18:49+00:00,2026-09-11,buy_stock,1032990,-2084727843081493,-0.002084727843081493,1.03299,0.002084727843081493,0
4663:0x50856716b5ac56c463ea731160bbe114700626373fde2a3e6bacc80c23b5cac4:263,MSFT,v3,0x50856716b5ac56c463ea731160bbe114700626373fde2a3e6bacc80c23b5cac4,263,60357188,2026-09-11T15:19:19+00:00,2026-09-11,buy_stock,1388715,-2802632827719386,-0.002802632827719386,1.388715,0.002802632827719386,0
4663:0x75a3d865e228bc84d21c033dd3b924d95863bdb7fb62965296a8052bfb27a235:100,MSFT,v3,0x75a3d865e228bc84d21c033dd3b924d95863bdb7fb62965296a8052bfb27a235,100,60357255,2026-09-11T15:19:27+00:00,2026-09-11,buy_stock,51713463,-104365263663857971,-0.104365263663857971,51.713463,0.104365263663857971,0
4663:0x6ca0da85bb0368fe56fc58e324211cb03ac4f436e0c78961bd7bbd68a689cd87:8,MSFT,v3,0x6ca0da85bb0368fe56fc58e324211cb03ac4f436e0c78961bd7bbd68a689cd87,8,60357394,2026-09-11T15:19:41+00:00,2026-09-11,buy_stock,93093434,-187874758770585308,-0.187874758770585308,93.093434,0.187874758770585308,0
4663:0x9a01c3b2846289d823e427f9b889ecd51733db961a984aac15846979de1c0255:60,MSFT,v3,0x9a01c3b2846289d823e427f9b889ecd51733db961a984aac15846979de1c0255,60,60357405,2026-09-11T15:19:42+00:00,2026-09-11,buy_stock,121589091,-245380244348774418,-0.245380244348774418,121.589091,0.245380244348774418,0
4663:0xb568b9b9e9a02800ee2a3b59d6dad69ca7e2f130d6383fff40ed1e0aa00cb5e7:29,MSFT,v3,0xb568b9b9e9a02800ee2a3b59d6dad69ca7e2f130d6383fff40ed1e0aa00cb5e7,29,60357417,2026-09-11T15:19:43+00:00,2026-09-11,buy_stock,106067340,-214053330739347966,-0.214053330739347966,106.06734,0.214053330739347966,0
4663:0x840f4442d8d93659c1d21ad21adaf308f5945ad6696652592d7192da67706c96:6,MSFT,v3,0x840f4442d8d93659c1d21ad21adaf308f5945ad6696652592d7192da67706c96,6,60357479,2026-09-11T15:19:50+00:00,2026-09-11,buy_stock,2553858,-5153885078461482,-0.005153885078461482,2.553858,0.005153885078461482,0
4663:0x4ad08577a2dbf6cdbe1fc1ad6fa18ec27d4039a48e197b259535dfe5c4a17c78:63,MSFT,v3,0x4ad08577a2dbf6cdbe1fc1ad6fa18ec27d4039a48e197b259535dfe5c4a17c78,63,60357592,2026-09-11T15:20:02+00:00,2026-09-11,buy_stock,126474242,-255233412291128623,-0.255233412291128623,126.474242,0.255233412291128623,0
4663:0x250053934cb52779bbae8a0d32cb5f8c4b718d8939a046ca8f23e30283b86e90:10,MSFT,v3,0x250053934cb52779bbae8a0d32cb5f8c4b718d8939a046ca8f23e30283b86e90,10,60357598,2026-09-11T15:20:03+00:00,2026-09-11,buy_stock,103479513,-208826255200671931,-0.208826255200671931,103.479513,0.208826255200671931,0
4663:0x08d1120b8c2174fdbf0c1d6930837a67bb0595025dcc98055801a665988877bf:8,MSFT,v3,0x08d1120b8c2174fdbf0c1d6930837a67bb0595025dcc98055801a665988877bf,8,60357756,2026-09-11T15:20:19+00:00,2026-09-11,buy_stock,150114208,-302933514616586237,-0.302933514616586237,150.114208,0.302933514616586237,0
4663:0xd98df208a5553c4b2a59891f88fe02de37deff22a5db3238e701d936f984e8c8:39,MSFT,v3,0xd98df208a5553c4b2a59891f88fe02de37deff22a5db3238e701d936f984e8c8,39,60357871,2026-09-11T15:20:31+00:00,2026-09-11,buy_stablecoin,-145341238,295069265284936230,0.29506926528493623,-145.341238,0,145.341238
4663:0x6307bd0ac7834dbb591518712df18745770e2b9ee1b536c5d570c2b228b42b77:42,MSFT,v3,0x6307bd0ac7834dbb591518712df18745770e2b9ee1b536c5d570c2b228b42b77,42,60357883,2026-09-11T15:20:32+00:00,2026-09-11,buy_stock,1293625885,-2610421231333489439,-2.610421231333489439,1293.625885,2.610421231333489439,0
4663:0xa206317c7d43887f8f0c8b00a6e4e52133a9ef0e2ed1cd116ba9afe83c453b80:104,MSFT,v3,0xa206317c7d43887f8f0c8b00a6e4e52133a9ef0e2ed1cd116ba9afe83c453b80,104,60357915,2026-09-11T15:20:36+00:00,2026-09-11,buy_stock,129416902,-261134173847923370,-0.26113417384792337,129.416902,0.26113417384792337,0
4663:0x5ed53afa748aa89a8c97067f370892500b4c42a4267e180a4d45959cb1a2c498:32,MSFT,v3,0x5ed53afa748aa89a8c97067f370892500b4c42a4267e180a4d45959cb1a2c498,32,60357934,2026-09-11T15:20:38+00:00,2026-09-11,buy_stock,336474355,-678914564856569595,-0.678914564856569595,336.474355,0.678914564856569595,0
4663:0xdfd433ce887e96cd091cb01e5f35659a22bf4c8c456dc6aa54cd70c684e9c0f0:70,MSFT,v3,0xdfd433ce887e96cd091cb01e5f35659a22bf4c8c456dc6aa54cd70c684e9c0f0,70,60357977,2026-09-11T15:20:42+00:00,2026-09-11,buy_stablecoin,-58450928,118647489739627437,0.118647489739627437,-58.450928,0,58.450928
4663:0x5d474218df3ac98ba341401c5f73e5ceb31fee0738c0b5336a4d6a175f2b9876:62,MSFT,v3,0x5d474218df3ac98ba341401c5f73e5ceb31fee0738c0b5336a4d6a175f2b9876,62,60358003,2026-09-11T15:20:45+00:00,2026-09-11,buy_stock,5175588,-10442830604377173,-0.010442830604377173,5.175588,0.010442830604377173,0
4663:0x852bbe6fc0efc52b034b175eb0ae10b872815886122c3a915948422c1f7d28f6:91,MSFT,v3,0x852bbe6fc0efc52b034b175eb0ae10b872815886122c3a915948422c1f7d28f6,91,60358114,2026-09-11T15:20:56+00:00,2026-09-11,buy_stock,90579229,-182761708968422412,-0.182761708968422412,90.579229,0.182761708968422412,0
4663:0xe352544914d7535c6962bdc9eaea42279209292d24e4ca01e613d529e54e0ce9:11,MSFT,v3,0xe352544914d7535c6962bdc9eaea42279209292d24e4ca01e613d529e54e0ce9,11,60358150,2026-09-11T15:21:00+00:00,2026-09-11,buy_stock,25881774,-52221366633680839,-0.052221366633680839,25.881774,0.052221366633680839,0
4663:0x4412157e7e7b6325a1db91e44dabdf37e99f3e72c4b466ea5b87ec06d4f3cba1:10,MSFT,v3,0x4412157e7e7b6325a1db91e44dabdf37e99f3e72c4b466ea5b87ec06d4f3cba1,10,60358213,2026-09-11T15:21:06+00:00,2026-09-11,buy_stock,388036886,-782922413103494147,-0.782922413103494147,388.036886,0.782922413103494147,0
4663:0xadcd4d977df0abad75dfcd6d5916369b25c253c66d3253ae75658c3cc9592d63:29,MSFT,v3,0xadcd4d977df0abad75dfcd6d5916369b25c253c66d3253ae75658c3cc9592d63,29,60358217,2026-09-11T15:21:07+00:00,2026-09-11,buy_stock,155210170,-313151681882220910,-0.31315168188222091,155.21017,0.31315168188222091,0
4663:0x1f8f4ee77e862f1659b0cbab23b4356c2e0d7f698c70f07a65ec4b23689a059f:13,MSFT,v3,0x1f8f4ee77e862f1659b0cbab23b4356c2e0d7f698c70f07a65ec4b23689a059f,13,60358234,2026-09-11T15:21:08+00:00,2026-09-11,buy_stock,155207551,-313141808200637201,-0.313141808200637201,155.207551,0.313141808200637201,0
4663:0x1cd2fc1a3d067e1c4cf99d9a835f2c6164417352c15285516c08dc17ba7c4e84:10,MSFT,v3,0x1cd2fc1a3d067e1c4cf99d9a835f2c6164417352c15285516c08dc17ba7c4e84,10,60358236,2026-09-11T15:21:09+00:00,2026-09-11,buy_stock,155204931,-313131932828703723,-0.313131932828703723,155.204931,0.313131932828703723,0
4663:0xe7f58b91c3abc854cbe08a54be0e4aac757def31685418c474a7775ef6395033:68,MSFT,v3,0xe7f58b91c3abc854cbe08a54be0e4aac757def31685418c474a7775ef6395033,68,60358237,2026-09-11T15:21:09+00:00,2026-09-11,buy_stock,155202312,-313122059813651818,-0.313122059813651818,155.202312,0.313122059813651818,0
4663:0x1c0f381dd915a01f469e90ce011317909bbdab8fa859bff38c3fc7710c6caacf:22,MSFT,v3,0x1c0f381dd915a01f469e90ce011317909bbdab8fa859bff38c3fc7710c6caacf,22,60358239,2026-09-11T15:21:09+00:00,2026-09-11,buy_stock,7764861,-15665555495161148,-0.015665555495161148,7.764861,0.015665555495161148,0
4663:0x00b4b288e9296b33d5f0a40971b7c7642c537bf969ea60061fb09ac2a9c380bd:94,MSFT,v3,0x00b4b288e9296b33d5f0a40971b7c7642c537bf969ea60061fb09ac2a9c380bd,94,60358340,2026-09-11T15:21:19+00:00,2026-09-11,buy_stock,103531143,-208872305824559686,-0.208872305824559686,103.531143,0.208872305824559686,0
4663:0x97592d84aa370621d2fa8bfd862b1fdddc2f364296337e342928bc5d970e1b95:132,MSFT,v3,0x97592d84aa370621d2fa8bfd862b1fdddc2f364296337e342928bc5d970e1b95,132,60358348,2026-09-11T15:21:20+00:00,2026-09-11,buy_stock,15683769,-31641555700814517,-0.031641555700814517,15.683769,0.031641555700814517,0
4663:0x0875deaf620ce0d8bd216ce4ee19eadf272d211e143d169cad0efe5f06bf9ddd:43,MSFT,v3,0x0875deaf620ce0d8bd216ce4ee19eadf272d211e143d169cad0efe5f06bf9ddd,43,60358410,2026-09-11T15:21:26+00:00,2026-09-11,buy_stablecoin,-772628123,1568206233116046857,1.568206233116046857,-772.628123,0,772.628123
4663:0xc52d7d2f81b74ecb46e913c695e03713cbbf865d7cd20e7a5c73d23c32c45712:68,MSFT,v3,0xc52d7d2f81b74ecb46e913c695e03713cbbf865d7cd20e7a5c73d23c32c45712,68,60358633,2026-09-11T15:21:49+00:00,2026-09-11,buy_stock,9900000,-19974405545894872,-0.019974405545894872,9.9,0.019974405545894872,0
4663:0xac5c513e12fef38578837bb85cb4a4834b1067a26730c0ca1c6c0a5f3599ee4f:208,MSFT,v3,0xac5c513e12fef38578837bb85cb4a4834b1067a26730c0ca1c6c0a5f3599ee4f,208,60358661,2026-09-11T15:21:52+00:00,2026-09-11,buy_stock,500000000,-1008784072565637569,-1.008784072565637569,500,1.008784072565637569,0
4663:0x55a93e7fd92627792524f3893ac913d480568aeeb3c1a56a1e66eecbc370c5d2:8,MSFT,v3,0x55a93e7fd92627792524f3893ac913d480568aeeb3c1a56a1e66eecbc370c5d2,8,60358763,2026-09-11T15:22:02+00:00,2026-09-11,buy_stablecoin,-267684971,543321807751493819,0.543321807751493819,-267.684971,0,267.684971
4663:0xfc0d357c25dcac1ff1053420176a3e6546bbeecea7fde651152b3be2e7d29b48:26,MSFT,v3,0xfc0d357c25dcac1ff1053420176a3e6546bbeecea7fde651152b3be2e7d29b48,26,60358808,2026-09-11T15:22:07+00:00,2026-09-11,buy_stock,500000000,-1008762017961930440,-1.00876201796193044,500,1.00876201796193044,0
4663:0x46282aaee83af21c480ddfadc3d3fc9f26dd9bc6047c962c83b9d5ad05262bff:54,MSFT,v3,0x46282aaee83af21c480ddfadc3d3fc9f26dd9bc6047c962c83b9d5ad05262bff,54,60358838,2026-09-11T15:22:10+00:00,2026-09-11,buy_stablecoin,-210261136,426757811785669658,0.426757811785669658,-210.261136,0,210.261136
4663:0x1721f734701756898011ed593bae296d2f9ab898e273fc4b51b1a4ab983dacd0:45,MSFT,v3,0x1721f734701756898011ed593bae296d2f9ab898e273fc4b51b1a4ab983dacd0,45,60358954,2026-09-11T15:22:22+00:00,2026-09-11,buy_stock,500000000,-1008734477469701690,-1.00873447746970169,500,1.00873447746970169,0
4663:0x967b3a7f884366485592193cb9f62f14ed645cccd7b6727f96b65230d98f4949:39,MSFT,v3,0x967b3a7f884366485592193cb9f62f14ed645cccd7b6727f96b65230d98f4949,39,60359208,2026-09-11T15:22:48+00:00,2026-09-11,buy_stock,9865282,-19902420712220768,-0.019902420712220768,9.865282,0.019902420712220768,0
4663:0x28accc36036aa016127a9266d277135337c088cc524d9684ee12fb5bc4c58470:35,MSFT,v3,0x28accc36036aa016127a9266d277135337c088cc524d9684ee12fb5bc4c58470,35,60359352,2026-09-11T15:23:03+00:00,2026-09-11,buy_stock,261036973,-526614574804748801,-0.526614574804748801,261.036973,0.526614574804748801,0
4663:0xbdf9521434db5dc6f5da88cc0d540724ce37f70712e8d736dc55708f96ae2cc1:77,MSFT,v3,0xbdf9521434db5dc6f5da88cc0d540724ce37f70712e8d736dc55708f96ae2cc1,77,60359664,2026-09-11T15:23:35+00:00,2026-09-11,buy_stock,801583193,-1617028458137450251,-1.617028458137450251,801.583193,1.617028458137450251,0
4663:0x915e58de5299e6a6f71082eef098055e32f2999d5a848cb5968f532ff02dc97b:52,MSFT,v3,0x915e58de5299e6a6f71082eef098055e32f2999d5a848cb5968f532ff02dc97b,52,60359775,2026-09-11T15:23:46+00:00,2026-09-11,buy_stock,10346351,-20870823234407020,-0.02087082323440702,10.346351,0.02087082323440702,0
4663:0xc4359ca32bfbdbb85d491965b7a369a44dc34e39ffa52cab0a477164acaacc91:13,MSFT,v3,0xc4359ca32bfbdbb85d491965b7a369a44dc34e39ffa52cab0a477164acaacc91,13,60359789,2026-09-11T15:23:48+00:00,2026-09-11,buy_stock,25873986,-52193330131085763,-0.052193330131085763,25.873986,0.052193330131085763,0
4663:0xac02f1230d785dca2f2ed3937f566c6cce363c8f3ceb2130b4f469d33cb0dc3a:34,MSFT,v3,0xac02f1230d785dca2f2ed3937f566c6cce363c8f3ceb2130b4f469d33cb0dc3a,34,60359797,2026-09-11T15:23:49+00:00,2026-09-11,buy_stock,52269756,-105438819188535403,-0.105438819188535403,52.269756,0.105438819188535403,0
4663:0x9572c5b98f4d49db3df663c45cbdfcaef711a415326cfcff5d9192a056b0bca8:37,MSFT,v3,0x9572c5b98f4d49db3df663c45cbdfcaef711a415326cfcff5d9192a056b0bca8,37,60359912,2026-09-11T15:24:00+00:00,2026-09-11,buy_stock,784232885,-1581896132480723963,-1.581896132480723963,784.232885,1.581896132480723963,0
4663:0x107313583741a452408be5c4bba7f6ee9d6ce689214499f98d79d8a8492a402e:101,MSFT,v3,0x107313583741a452408be5c4bba7f6ee9d6ce689214499f98d79d8a8492a402e,101,60359946,2026-09-11T15:24:04+00:00,2026-09-11,buy_stock,25880159,-52201530406588427,-0.052201530406588427,25.880159,0.052201530406588427,0
4663:0xa27634d3f7fbf3fbbf372d57afbb2a72f0a82d9fcec11f52459331ac201c53ff:36,MSFT,v3,0xa27634d3f7fbf3fbbf372d57afbb2a72f0a82d9fcec11f52459331ac201c53ff,36,60359967,2026-09-11T15:24:06+00:00,2026-09-11,buy_stock,129404843,-261013907801753438,-0.261013907801753438,129.404843,0.261013907801753438,0
4663:0x3c932e70240c7017121386e98ed11e7455b55c6df6b39948c7de5cf7dda093db:106,MSFT,v3,0x3c932e70240c7017121386e98ed11e7455b55c6df6b39948c7de5cf7dda093db,106,60359969,2026-09-11T15:24:06+00:00,2026-09-11,buy_stablecoin,-748629716,1519156823096730366,1.519156823096730366,-748.629716,0,748.629716
4663:0x14adc2e7606d3bff4cdcb220cc4fe7e21fa44f70889f79d564f2a5199d8f852c:109,MSFT,v3,0x14adc2e7606d3bff4cdcb220cc4fe7e21fa44f70889f79d564f2a5199d8f852c,109,60360004,2026-09-11T15:24:10+00:00,2026-09-11,buy_stock,257725855,-519869050401044110,-0.51986905040104411,257.725855,0.51986905040104411,0
4663:0xd822fc01d67635857bbfc42147b4f988360deb6779467e5a2f57c4a57e5dc899:105,MSFT,v3,0xd822fc01d67635857bbfc42147b4f988360deb6779467e5a2f57c4a57e5dc899,105,60360026,2026-09-11T15:24:12+00:00,2026-09-11,buy_stock,51747402,-104380211695766128,-0.104380211695766128,51.747402,0.104380211695766128,0
4663:0x6ee0820d7353fa40e9e4649e9e1daa46385e7eb07a9eff2447bbf55bc4c772c6:70,MSFT,v3,0x6ee0820d7353fa40e9e4649e9e1daa46385e7eb07a9eff2447bbf55bc4c772c6,70,60360075,2026-09-11T15:24:17+00:00,2026-09-11,buy_stock,103492856,-208754966363622412,-0.208754966363622412,103.492856,0.208754966363622412,0
4663:0x809f24d027bdc3f66eb0e3dccc5319e48a57acf612eeaef995fa7c9937d9c8fc:41,MSFT,v3,0x809f24d027bdc3f66eb0e3dccc5319e48a57acf612eeaef995fa7c9937d9c8fc,41,60360095,2026-09-11T15:24:19+00:00,2026-09-11,buy_stock,314393329,-634148836744441751,-0.634148836744441751,314.393329,0.634148836744441751,0
4663:0xa47af7a0d309fbe4ba3841077a719de1357dddb86dcb08533ddf152d0e081888:9,MSFT,v3,0xa47af7a0d309fbe4ba3841077a719de1357dddb86dcb08533ddf152d0e081888,9,60360127,2026-09-11T15:24:22+00:00,2026-09-11,buy_stock,25874213,-52188888068090763,-0.052188888068090763,25.874213,0.052188888068090763,0
4663:0x1d77bf10e286ec0f6995c8d2b6ef8ef47ac05f2c5ac679dfc711d1b67c5d470d:15,MSFT,v3,0x1d77bf10e286ec0f6995c8d2b6ef8ef47ac05f2c5ac679dfc711d1b67c5d470d,15,60360251,2026-09-11T15:24:35+00:00,2026-09-11,buy_stock,9063,-18278618510892,-0.000018278618510892,0.009063,0.000018278618510892,0
4663:0xb9d1dd6b3ec516d7ea6d8ba527357b509a849dcc9cb4d7ab0d0a6e93d0c9bb19:122,MSFT,v3,0xb9d1dd6b3ec516d7ea6d8ba527357b509a849dcc9cb4d7ab0d0a6e93d0c9bb19,122,60360308,2026-09-11T15:24:41+00:00,2026-09-11,buy_stock,51740105,-104360610061347691,-0.104360610061347691,51.740105,0.104360610061347691,0
4663:0x6ceddb4ed0be912a5ded8a12e115669bf301ff8b1bfdfa2366e3a12f16070173:3,MSFT,v3,0x6ceddb4ed0be912a5ded8a12e115669bf301ff8b1bfdfa2366e3a12f16070173,3,60360549,2026-09-11T15:25:06+00:00,2026-09-11,buy_stablecoin,-120008736,243519230594212262,0.243519230594212262,-120.008736,0,120.008736
4663:0xeb42077aaa545771bc047437dad2c2310c7785c0d2ca7b6f20064d9ff874c388:82,MSFT,v3,0xeb42077aaa545771bc047437dad2c2310c7785c0d2ca7b6f20064d9ff874c388,82,60360655,2026-09-11T15:25:17+00:00,2026-09-11,buy_stock,413691938,-834414340735208413,-0.834414340735208413,413.691938,0.834414340735208413,0
4663:0x94c72583fc6a94e22aa4680a39253fc7cb295a8401d3df1a3e73fdb0c9cb29de:8,MSFT,v3,0x94c72583fc6a94e22aa4680a39253fc7cb295a8401d3df1a3e73fdb0c9cb29de,8,60360686,2026-09-11T15:25:20+00:00,2026-09-11,buy_stock,116335025,-234641225304226195,-0.234641225304226195,116.335025,0.234641225304226195,0
4663:0xe94fefb8542a0a8e0a37d2bf6f57ac46bb060fd72cb15c47ceb64195876def63:33,MSFT,v3,0xe94fefb8542a0a8e0a37d2bf6f57ac46bb060fd72cb15c47ceb64195876def63,33,60360939,2026-09-11T15:25:43+00:00,2026-09-11,buy_stock,1292465,-2606813782166728,-0.002606813782166728,1.292465,0.002606813782166728,0
4663:0x700461057826734bffcd7084e31a69d941e6d497765df301ecb359327a41f3d9:116,MSFT,v3,0x700461057826734bffcd7084e31a69d941e6d497765df301ecb359327a41f3d9,116,60361073,2026-09-11T15:25:56+00:00,2026-09-11,buy_stock,258446988,-521263803536759014,-0.521263803536759014,258.446988,0.521263803536759014,0
4663:0xaa6ecc61d446ee08bdfdb136dffff1c1590f89d368934f050010a14e7ca081a3:53,MSFT,v3,0xaa6ecc61d446ee08bdfdb136dffff1c1590f89d368934f050010a14e7ca081a3,53,60361108,2026-09-11T15:26:00+00:00,2026-09-11,buy_stock,9865824,-19898206356488910,-0.01989820635648891,9.865824,0.01989820635648891,0
4663:0x6372539705a532ca45d80c0a4b9cc58a78f72dcf9ceed941b775d747d6d861a3:32,MSFT,v3,0x6372539705a532ca45d80c0a4b9cc58a78f72dcf9ceed941b775d747d6d861a3,32,60361138,2026-09-11T15:26:03+00:00,2026-09-11,buy_stock,12926725,-26071655243376520,-0.02607165524337652,12.926725,0.02607165524337652,0
4663:0xda0491cea6f7e5187ac864b6d5e9a68309e4881b9c80e0739591009b793ec950:112,MSFT,v3,0xda0491cea6f7e5187ac864b6d5e9a68309e4881b9c80e0739591009b793ec950,112,60361226,2026-09-11T15:26:14+00:00,2026-09-11,buy_stock,26126487,-52693898488766109,-0.052693898488766109,26.126487,0.052693898488766109,0
4663:0x5af35bc47c4280ab1b23372441b186b4d58d8abaa5e18c848906d8fb1b6b2ab9:91,MSFT,v3,0x5af35bc47c4280ab1b23372441b186b4d58d8abaa5e18c848906d8fb1b6b2ab9,91,60361354,2026-09-11T15:26:27+00:00,2026-09-11,buy_stock,11257759,-22705468846140162,-0.022705468846140162,11.257759,0.022705468846140162,0
4663:0xaa04b2e3b420f8aa93db3bc7b8b13fab5b6e949bb892ce6a5062038c8947edab:29,MSFT,v3,0xaa04b2e3b420f8aa93db3bc7b8b13fab5b6e949bb892ce6a5062038c8947edab,29,60361454,2026-09-11T15:26:37+00:00,2026-09-11,buy_stock,153186319,-308954953109305010,-0.30895495310930501,153.186319,0.30895495310930501,0
4663:0x158e58c900808f4be21d4f294a37333243988d9962c01f0ffc4032cbbeefeb8e:140,MSFT,v3,0x158e58c900808f4be21d4f294a37333243988d9962c01f0ffc4032cbbeefeb8e,140,60361500,2026-09-11T15:26:42+00:00,2026-09-11,buy_stock,1990656000,-4014462716013501797,-4.014462716013501797,1990.656,4.014462716013501797,0
4663:0x427b46f1e828e6aa1a489b539b817f2828357347e99d1c026470eda3da4e2fbb:8,MSFT,v3,0x427b46f1e828e6aa1a489b539b817f2828357347e99d1c026470eda3da4e2fbb,8,60361625,2026-09-11T15:26:55+00:00,2026-09-11,buy_stock,12933195,-26079299970385149,-0.026079299970385149,12.933195,0.026079299970385149,0
4663:0x2d545c93c23fb49c7f43b2fb712d938f699f5dec8ee755cb79de2e02c8a0d98b:9,MSFT,v3,0x2d545c93c23fb49c7f43b2fb712d938f699f5dec8ee755cb79de2e02c8a0d98b,9,60361651,2026-09-11T15:26:57+00:00,2026-09-11,buy_stock,129240729,-260607313027551594,-0.260607313027551594,129.240729,0.260607313027551594,0
4663:0xf5196aff1bdbf6d0b1cbd4cd8e8b7cb868b5d7446706eafdac6ea4fe5a2cea31:81,MSFT,v3,0xf5196aff1bdbf6d0b1cbd4cd8e8b7cb868b5d7446706eafdac6ea4fe5a2cea31,81,60361654,2026-09-11T15:26:58+00:00,2026-09-11,buy_stock,1990656000,-4013654125223299694,-4.013654125223299694,1990.656,4.013654125223299694,0
4663:0xc634a7011129a46d9fbc5f243eac440611b71ca8498a500ed7338938f3b9c377:8,MSFT,v3,0xc634a7011129a46d9fbc5f243eac440611b71ca8498a500ed7338938f3b9c377,8,60361655,2026-09-11T15:26:58+00:00,2026-09-11,buy_stock,67250189,-135579812991825404,-0.135579812991825404,67.250189,0.135579812991825404,0
4663:0x92331b838c7a779c3e901820e5f69245472a9668e6b33a6659e72fd1b33efcf4:16,MSFT,v3,0x92331b838c7a779c3e901820e5f69245472a9668e6b33a6659e72fd1b33efcf4,16,60361686,2026-09-11T15:27:01+00:00,2026-09-11,buy_stock,77553128,-156349994530519036,-0.156349994530519036,77.553128,0.156349994530519036,0
4663:0x1a5f213b10b6a403df40baa56ecc77245166e43bdfbac50dd75ab46074053d88:12,MSFT,v3,0x1a5f213b10b6a403df40baa56ecc77245166e43bdfbac50dd75ab46074053d88,12,60361861,2026-09-11T15:27:19+00:00,2026-09-11,buy_stock,5339295946,-10761467037056686134,-10.761467037056686134,5339.295946,10.761467037056686134,0
4663:0x2586b1e21b1757374b9a1bceaa8b7809ddab5de44e2c622b526c74536a51f2d5:81,MSFT,v3,0x2586b1e21b1757374b9a1bceaa8b7809ddab5de44e2c622b526c74536a51f2d5,81,60361956,2026-09-11T15:27:28+00:00,2026-09-11,buy_stablecoin,-74073148,150158534747110483,0.150158534747110483,-74.073148,0,74.073148
4663:0x2d31d0a54fb00c3847094217aec62177ca0bccdc46f1fac09ca829acee6a3ab4:87,MSFT,v3,0x2d31d0a54fb00c3847094217aec62177ca0bccdc46f1fac09ca829acee6a3ab4,87,60362104,2026-09-11T15:27:43+00:00,2026-09-11,buy_stock,112747140,-227187417550476560,-0.22718741755047656,112.74714,0.22718741755047656,0
4663:0xb2d221a2fd040f4825914de00afd35a737b0c2a0169cddb9ba3604e5691b81d3:69,MSFT,v3,0xb2d221a2fd040f4825914de00afd35a737b0c2a0169cddb9ba3604e5691b81d3,69,60362107,2026-09-11T15:27:44+00:00,2026-09-11,buy_stock,347574857,-700354071796751777,-0.700354071796751777,347.574857,0.700354071796751777,0
4663:0x31bdb023039059447f6163724ab40abd1b112915a23decbaf033301a9b3e3248:54,MSFT,v3,0x31bdb023039059447f6163724ab40abd1b112915a23decbaf033301a9b3e3248,54,60362153,2026-09-11T15:27:48+00:00,2026-09-11,buy_stock,1985356544,-3999999998429453958,-3.999999998429453958,1985.356544,3.999999998429453958,0
4663:0x551400a7821c53992791cdc9c72c59e9d8c5a051c54fd25544e20ac8502dc4fb:134,MSFT,v3,0x551400a7821c53992791cdc9c72c59e9d8c5a051c54fd25544e20ac8502dc4fb,134,60362158,2026-09-11T15:27:49+00:00,2026-09-11,buy_stablecoin,-3372706,6835481995977411,0.006835481995977411,-3.372706,0,3.372706
4663:0x195aef806760998684696e49c3955d7f16ad953d59216c75d3bac98446426a0c:158,MSFT,v3,0x195aef806760998684696e49c3955d7f16ad953d59216c75d3bac98446426a0c,158,60362164,2026-09-11T15:27:50+00:00,2026-09-11,buy_stablecoin,-139949801,283638881985112634,0.283638881985112634,-139.949801,0,139.949801
4663:0xfba5dd0e6bf31e664028f137612893dba69600903b2cb66581125d7e4c45fa31:79,MSFT,v3,0xfba5dd0e6bf31e664028f137612893dba69600903b2cb66581125d7e4c45fa31,79,60362172,2026-09-11T15:27:50+00:00,2026-09-11,buy_stablecoin,-60444385,122504929664064170,0.12250492966406417,-60.444385,0,60.444385
4663:0x609d00b03670c1b5cf1e8bedbcf6dc70cb6b4349f0bd149588e8afd070b69286:54,MSFT,v3,0x609d00b03670c1b5cf1e8bedbcf6dc70cb6b4349f0bd149588e8afd070b69286,54,60362182,2026-09-11T15:27:51+00:00,2026-09-11,buy_stock,9990000,-20125859750256352,-0.020125859750256352,9.99,0.020125859750256352,0
4663:0xf5d72742b834e33ef32b38ffb7c82966fe509ac6ef9f8bb85892dcfd730d24ee:39,MSFT,v3,0xf5d72742b834e33ef32b38ffb7c82966fe509ac6ef9f8bb85892dcfd730d24ee,39,60362210,2026-09-11T15:27:54+00:00,2026-09-11,buy_stock,51743389,-104241955825477290,-0.10424195582547729,51.743389,0.10424195582547729,0
4663:0x02e674c882eee4ccf44d5cb8032eb610d834359b629a82f2b0b7963593e0d3f1:101,MSFT,v3,0x02e674c882eee4ccf44d5cb8032eb610d834359b629a82f2b0b7963593e0d3f1,101,60362239,2026-09-11T15:27:57+00:00,2026-09-11,buy_stock,12935487,-26059682970966893,-0.026059682970966893,12.935487,0.026059682970966893,0
4663:0x2074c075150702053f4df56231b5014e23cb0988ea4e7c0b99b4e81e36e2e73b:37,NVDA,v3,0x2074c075150702053f4df56231b5014e23cb0988ea4e7c0b99b4e81e36e2e73b,37,58946856,2026-09-09T23:40:56+00:00,2026-09-09,buy_stablecoin,-17944018,80265546591845500,0.0802655465918455,-17.944018,0,17.944018
4663:0x4546c9656abdfd919a678b399a3f427e3ba3a05aa229d25bfb407147a31b8154:8,NVDA,v3,0x4546c9656abdfd919a678b399a3f427e3ba3a05aa229d25bfb407147a31b8154,8,58946869,2026-09-09T23:40:57+00:00,2026-09-09,buy_stock,4575854,-20447830417781716,-0.020447830417781716,4.575854,0.020447830417781716,0
4663:0x8f89c3fea2b1b96d7b0447d2b443708cdcc8a1069544d689f6e765ac04b8fe09:17,NVDA,v3,0x8f89c3fea2b1b96d7b0447d2b443708cdcc8a1069544d689f6e765ac04b8fe09,17,58946887,2026-09-09T23:40:59+00:00,2026-09-09,buy_stablecoin,-119944478,536524952672348360,0.53652495267234836,-119.944478,0,119.944478
4663:0x9dfabf65e8f2200240be0b592761595ad43fe60b28886f3c6d28c660ee719f96:33,NVDA,v3,0x9dfabf65e8f2200240be0b592761595ad43fe60b28886f3c6d28c660ee719f96,33,58946887,2026-09-09T23:40:59+00:00,2026-09-09,buy_stablecoin,-248775401,1112801419929144980,1.11280141992914498,-248.775401,0,248.775401
4663:0x4d98fa80b600e82978702292ac23f7de899a7b09ff76dddf7024c3e9d24e3359:50,NVDA,v3,0x4d98fa80b600e82978702292ac23f7de899a7b09ff76dddf7024c3e9d24e3359,50,58946887,2026-09-09T23:40:59+00:00,2026-09-09,buy_stablecoin,-174145710,778975272239302514,0.778975272239302514,-174.14571,0,174.14571
4663:0x13647d877d9530f68cad096886918f043a31942ac8498ceb0bfe0c961178c6c8:68,NVDA,v3,0x13647d877d9530f68cad096886918f043a31942ac8498ceb0bfe0c961178c6c8,68,58946887,2026-09-09T23:40:59+00:00,2026-09-09,buy_stablecoin,-105721752,472906930164733027,0.472906930164733027,-105.721752,0,105.721752
4663:0x64d63ddc9cf0238c684d299e5a714c8fc9523444583e17d6876397703713c5c7:85,NVDA,v3,0x64d63ddc9cf0238c684d299e5a714c8fc9523444583e17d6876397703713c5c7,85,58946887,2026-09-09T23:40:59+00:00,2026-09-09,buy_stablecoin,-155290525,694635040048699413,0.694635040048699413,-155.290525,0,155.290525
4663:0x67a357c51057f47e80b3448cfc011985d1cc155940dca29c35efaff044bec6ae:102,NVDA,v3,0x67a357c51057f47e80b3448cfc011985d1cc155940dca29c35efaff044bec6ae,102,58946887,2026-09-09T23:40:59+00:00,2026-09-09,buy_stablecoin,-157763092,705695948067367741,0.705695948067367741,-157.763092,0,157.763092
4663:0x29fb50fc2f3ece753ec85b38a7f3384f11c088e11e0c7538f495f2468f02bc8c:118,NVDA,v3,0x29fb50fc2f3ece753ec85b38a7f3384f11c088e11e0c7538f495f2468f02bc8c,118,58946887,2026-09-09T23:40:59+00:00,2026-09-09,buy_stablecoin,-144719231,647349665684497083,0.647349665684497083,-144.719231,0,144.719231
4663:0xfddac59742b4152e21c874494a1170fdec55918df8216d7c8cfa6651c6959529:20,NVDA,v3,0xfddac59742b4152e21c874494a1170fdec55918df8216d7c8cfa6651c6959529,20,58946894,2026-09-09T23:41:00+00:00,2026-09-09,buy_stablecoin,-9761544,43664800454187718,0.043664800454187718,-9.761544,0,9.761544
4663:0x9dd8f21f8657f5fa05ff742cf4ce997720e028dc0e12231e65b34abeb437506b:34,NVDA,v3,0x9dd8f21f8657f5fa05ff742cf4ce997720e028dc0e12231e65b34abeb437506b,34,58946911,2026-09-09T23:41:01+00:00,2026-09-09,buy_stock,4661312,-20829875133873332,-0.020829875133873332,4.661312,0.020829875133873332,0
4663:0xa5def96274a744b20ca72a9ed97a6e54b9a64b7430012c7ed9ed5042a17edba9:19,NVDA,v3,0xa5def96274a744b20ca72a9ed97a6e54b9a64b7430012c7ed9ed5042a17edba9,19,58946923,2026-09-09T23:41:03+00:00,2026-09-09,buy_stablecoin,-293420451,1312513431495806450,1.31251343149580645,-293.420451,0,293.420451
4663:0x47327b3d12f947ae62594b06f2824292d16f522a717fcb21e19439972e6ec407:36,NVDA,v3,0x47327b3d12f947ae62594b06f2824292d16f522a717fcb21e19439972e6ec407,36,58946923,2026-09-09T23:41:03+00:00,2026-09-09,buy_stablecoin,-287214250,1284754832427284262,1.284754832427284262,-287.21425,0,287.21425
4663:0xf054624dbc9ae51fed5119340eeb6f80bc86b4f4688fe5eb3d38093540e36406:54,NVDA,v3,0xf054624dbc9ae51fed5119340eeb6f80bc86b4f4688fe5eb3d38093540e36406,54,58946923,2026-09-09T23:41:03+00:00,2026-09-09,buy_stablecoin,-222747102,996384879661753599,0.996384879661753599,-222.747102,0,222.747102
4663:0x0414d2c2e8a506d54bd09078619d9c0389b7c5476bf6fbf379d3abb0b8ff5bb1:70,NVDA,v3,0x0414d2c2e8a506d54bd09078619d9c0389b7c5476bf6fbf379d3abb0b8ff5bb1,70,58946923,2026-09-09T23:41:03+00:00,2026-09-09,buy_stablecoin,-222201477,993945788188337719,0.993945788188337719,-222.201477,0,222.201477
4663:0x70360f13b9c5aab67ea73c66e0e1b8e1f8e48426e656af76f321e7f7a1f773b9:30,NVDA,v3,0x70360f13b9c5aab67ea73c66e0e1b8e1f8e48426e656af76f321e7f7a1f773b9,30,58946926,2026-09-09T23:41:03+00:00,2026-09-09,buy_stablecoin,-222149517,993714935508559934,0.993714935508559934,-222.149517,0,222.149517
4663:0x2baed62953569b4d84317adeb11e368b3f2306df521789d1edc4e2edae637146:46,NVDA,v3,0x2baed62953569b4d84317adeb11e368b3f2306df521789d1edc4e2edae637146,46,58946926,2026-09-09T23:41:03+00:00,2026-09-09,buy_stablecoin,-210492854,941574027459252483,0.941574027459252483,-210.492854,0,210.492854
4663:0x0a67f32017fb24f3377f7a94061c1f0393a593068e600ee0c0f482795d028183:22,NVDA,v3,0x0a67f32017fb24f3377f7a94061c1f0393a593068e600ee0c0f482795d028183,22,58946930,2026-09-09T23:41:03+00:00,2026-09-09,buy_stablecoin,-2880896,12886800824440553,0.012886800824440553,-2.880896,0,2.880896
4663:0xccac4e97490f812576de82cb66696c475601a1528bea9674017ddd1337c9d60e:53,NVDA,v3,0xccac4e97490f812576de82cb66696c475601a1528bea9674017ddd1337c9d60e,53,58946936,2026-09-09T23:41:04+00:00,2026-09-09,buy_stablecoin,-41582054,186004502644018535,0.186004502644018535,-41.582054,0,41.582054
4663:0x33048d9ad4980f5532e122e51a06260eabc1fcc42133603d4b903f71eb56463d:20,NVDA,v3,0x33048d9ad4980f5532e122e51a06260eabc1fcc42133603d4b903f71eb56463d,20,58946938,2026-09-09T23:41:04+00:00,2026-09-09,buy_stablecoin,-42181501,188685997338880501,0.188685997338880501,-42.181501,0,42.181501
4663:0xb7bc4679eee01634d95501c9dfb9527769f10ec5163460a94e938448234c44f3:33,NVDA,v3,0xb7bc4679eee01634d95501c9dfb9527769f10ec5163460a94e938448234c44f3,33,58946942,2026-09-09T23:41:05+00:00,2026-09-09,buy_stock,244048070,-1090581941338117031,-1.090581941338117031,244.04807,1.090581941338117031,0
4663:0xd393793ccfa6224c44228267ab452e0c670faf3d4c43a4cb0d5d4b45c4cb1760:9,NVDA,v3,0xd393793ccfa6224c44228267ab452e0c670faf3d4c43a4cb0d5d4b45c4cb1760,9,58946971,2026-09-09T23:41:08+00:00,2026-09-09,buy_stock,244045354,-1090567909708069849,-1.090567909708069849,244.045354,1.090567909708069849,0
4663:0xe41e45e0580f2359436426dbea60a4813f34afff3ff37a4b30e512b221aa8932:32,NVDA,v3,0xe41e45e0580f2359436426dbea60a4813f34afff3ff37a4b30e512b221aa8932,32,58946986,2026-09-09T23:41:09+00:00,2026-09-09,buy_stock,2439147,-10899829079379334,-0.010899829079379334,2.439147,0.010899829079379334,0
4663:0xc7456901e0463d47a4e793dc23cac05362f0b510f1da8feb3816cd7a21d11961:15,NVDA,v3,0xc7456901e0463d47a4e793dc23cac05362f0b510f1da8feb3816cd7a21d11961,15,58947004,2026-09-09T23:41:11+00:00,2026-09-09,buy_stock,48808926,-218112701274421554,-0.218112701274421554,48.808926,0.218112701274421554,0
4663:0xf16559ef5e450925dcd67b176acfbcd6689f216ad98e79f27ca5eabeb0bc427a:18,NVDA,v3,0xf16559ef5e450925dcd67b176acfbcd6689f216ad98e79f27ca5eabeb0bc427a,18,58947006,2026-09-09T23:41:11+00:00,2026-09-09,buy_stock,122022172,-545280784026609334,-0.545280784026609334,122.022172,0.545280784026609334,0
4663:0xada0e110af1224744c4b1f26a61c9af7b599dff634991c23edecf8c9508c48bb:8,NVDA,v3,0xada0e110af1224744c4b1f26a61c9af7b599dff634991c23edecf8c9508c48bb,8,58947019,2026-09-09T23:41:12+00:00,2026-09-09,buy_stock,122022081,-545279902814732839,-0.545279902814732839,122.022081,0.545279902814732839,0
4663:0x1518725311281bd2e8b23d87dbaea94aeef26f66d91330de4ac2690f8d5d1525:33,NVDA,v3,0x1518725311281bd2e8b23d87dbaea94aeef26f66d91330de4ac2690f8d5d1525,33,58947021,2026-09-09T23:41:13+00:00,2026-09-09,buy_stock,24404498,-109056286679868201,-0.109056286679868201,24.404498,0.109056286679868201,0
4663:0xe631e2fabf67a36a778c8b4ee3812dae5b3ad3db9281cd6f8304c8430f097521:60,NVDA,v3,0xe631e2fabf67a36a778c8b4ee3812dae5b3ad3db9281cd6f8304c8430f097521,60,58947026,2026-09-09T23:41:13+00:00,2026-09-09,buy_stablecoin,-2068225826,9251589753833521361,9.251589753833521361,-2068.225826,0,2068.225826
4663:0x90ca3ed431a160d89cc9a7924e750eda4f3c6321e10103e2ad27cc5c0886f807:62,NVDA,v3,0x90ca3ed431a160d89cc9a7924e750eda4f3c6321e10103e2ad27cc5c0886f807,62,58947038,2026-09-09T23:41:14+00:00,2026-09-09,buy_stablecoin,-2924688091,13082938011748805101,13.082938011748805101,-2924.688091,0,2924.688091
4663:0xeaae91ffe5c85dc98fe873b8f76e70e8c7e24ccf6506f9dcfffb916f065ab992:13,NVDA,v3,0xeaae91ffe5c85dc98fe873b8f76e70e8c7e24ccf6506f9dcfffb916f065ab992,13,58947053,2026-09-09T23:41:16+00:00,2026-09-09,buy_stock,122016222,-545270318573893027,-0.545270318573893027,122.016222,0.545270318573893027,0
4663:0x452ca1e2ab6fc4b4845481f5c4d72143067d8d653c85bfda4b6d09ebd6fd2f37:45,NVDA,v3,0x452ca1e2ab6fc4b4845481f5c4d72143067d8d653c85bfda4b6d09ebd6fd2f37,45,58947068,2026-09-09T23:41:17+00:00,2026-09-09,buy_stock,80000000,-357506636694401403,-0.357506636694401403,80,0.357506636694401403,0
4663:0x41d6e0694da5eff2a34c5a941e8d2c918f44789aadaaf9969745c6292a51322b:11,NVDA,v3,0x41d6e0694da5eff2a34c5a941e8d2c918f44789aadaaf9969745c6292a51322b,11,58947070,2026-09-09T23:41:18+00:00,2026-09-09,buy_stablecoin,-30992068,138636967901950914,0.138636967901950914,-30.992068,0,30.992068
4663:0x53deff5e9629c7cc7aa5b5e882e021c25d4cc5d471dd5d46cdf2fe75962052cc:35,NVDA,v3,0x53deff5e9629c7cc7aa5b5e882e021c25d4cc5d471dd5d46cdf2fe75962052cc,35,58947111,2026-09-09T23:41:22+00:00,2026-09-09,buy_stablecoin,-321307185,1437305909937110521,1.437305909937110521,-321.307185,0,321.307185
4663:0x2dfdc63d7217af2086b49fe93e03d87792be708dfbe272e0c33e7fa7bbab02d9:11,NVDA,v3,0x2dfdc63d7217af2086b49fe93e03d87792be708dfbe272e0c33e7fa7bbab02d9,11,58947263,2026-09-09T23:41:37+00:00,2026-09-09,buy_stablecoin,-110736809,495360229399780796,0.495360229399780796,-110.736809,0,110.736809
4663:0xc2d0c15c6ff008a407efb9a6ffe093d7b07b1d8a404ac466bb5c5b09c2742cd9:28,NVDA,v3,0xc2d0c15c6ff008a407efb9a6ffe093d7b07b1d8a404ac466bb5c5b09c2742cd9,28,58947263,2026-09-09T23:41:37+00:00,2026-09-09,buy_stablecoin,-110930256,496225786464828595,0.496225786464828595,-110.930256,0,110.930256
4663:0x7feaf1360c46ecb373ef7c90da5dea1ecdf2ec0983cd35ac8aaacc7ec2bbf960:44,NVDA,v3,0x7feaf1360c46ecb373ef7c90da5dea1ecdf2ec0983cd35ac8aaacc7ec2bbf960,44,58947263,2026-09-09T23:41:37+00:00,2026-09-09,buy_stablecoin,-91509794,409352131472729855,0.409352131472729855,-91.509794,0,91.509794
4663:0xa1fb79f5ab86cf2acb11d8242c52e7971c18ae6e8ba879495cb92fa7e0470326:30,NVDA,v3,0xa1fb79f5ab86cf2acb11d8242c52e7971c18ae6e8ba879495cb92fa7e0470326,30,58947264,2026-09-09T23:41:37+00:00,2026-09-09,buy_stablecoin,-4331935,19378117207293798,0.019378117207293798,-4.331935,0,4.331935
4663:0x33f855c25575b37d0fbfa47ffef1bd61b77ce0e89f0f56685e0945ef9fa8f6fb:28,NVDA,v3,0x33f855c25575b37d0fbfa47ffef1bd61b77ce0e89f0f56685e0945ef9fa8f6fb,28,58947284,2026-09-09T23:41:39+00:00,2026-09-09,buy_stablecoin,-7823985,34999159748841467,0.034999159748841467,-7.823985,0,7.823985
4663:0x8634a760026b0777ea9e3215ce9b68abd22e55b6b9f4a71095f74c4d7884bdd1:22,NVDA,v3,0x8634a760026b0777ea9e3215ce9b68abd22e55b6b9f4a71095f74c4d7884bdd1,22,58947296,2026-09-09T23:41:40+00:00,2026-09-09,buy_stock,244029655,-1090529891175908280,-1.09052989117590828,244.029655,1.09052989117590828,0
4663:0x5a16c52b8430be6ab979f100d9e5beab0f49e7c92084a9d2e719120fc5b79386:39,NVDA,v3,0x5a16c52b8430be6ab979f100d9e5beab0f49e7c92084a9d2e719120fc5b79386,39,58947296,2026-09-09T23:41:40+00:00,2026-09-09,buy_stock,244029428,-1090527870344031616,-1.090527870344031616,244.029428,1.090527870344031616,0
4663:0x1e5fc955d1379bfd6c7b8fb0be5e874ed6b07dbf69fcbe4915f4b6ecd115a4e9:50,NVDA,v3,0x1e5fc955d1379bfd6c7b8fb0be5e874ed6b07dbf69fcbe4915f4b6ecd115a4e9,50,58947315,2026-09-09T23:41:42+00:00,2026-09-09,buy_stablecoin,-2126235082,9511341964302010745,9.511341964302010745,-2126.235082,0,2126.235082
4663:0xa34ce086fa4080b7eaf3c47949cd9d51704342b0e2e7f338cdc245a5af3e8ded:12,NVDA,v3,0xa34ce086fa4080b7eaf3c47949cd9d51704342b0e2e7f338cdc245a5af3e8ded,12,58947359,2026-09-09T23:41:47+00:00,2026-09-09,buy_stock,172534152,-771032686061744069,-0.771032686061744069,172.534152,0.771032686061744069,0
4663:0x8c5946f4845effec90e91c2f4b18fde7927c6990af0926334da244399d5f1f5c:25,NVDA,v3,0x8c5946f4845effec90e91c2f4b18fde7927c6990af0926334da244399d5f1f5c,25,58947368,2026-09-09T23:41:48+00:00,2026-09-09,buy_stock,122006143,-545229280610254179,-0.545229280610254179,122.006143,0.545229280610254179,0
4663:0xa78638ca4148db166cb5599cfd7a6f3da8925ccd857b1a1f158011400e84e335:24,NVDA,v3,0xa78638ca4148db166cb5599cfd7a6f3da8925ccd857b1a1f158011400e84e335,24,58947380,2026-09-09T23:41:49+00:00,2026-09-09,buy_stock,9584803,-42833201096407594,-0.042833201096407594,9.584803,0.042833201096407594,0
4663:0xfa90120aaf271b21f9cb7f9762bffb3a9ae4297510dcbf9b00cd0986e550a9e0:3,NVDA,v3,0xfa90120aaf271b21f9cb7f9762bffb3a9ae4297510dcbf9b00cd0986e550a9e0,3,58947465,2026-09-09T23:41:57+00:00,2026-09-09,buy_stablecoin,-9810624,43886244837899208,0.043886244837899208,-9.810624,0,9.810624
4663:0x0f1c9a7cec802c9515b324e67487a638af117036ae6a44b0332e102634835ce1:56,NVDA,v3,0x0f1c9a7cec802c9515b324e67487a638af117036ae6a44b0332e102634835ce1,56,58947474,2026-09-09T23:41:58+00:00,2026-09-09,buy_stablecoin,-192440443,860851592477570672,0.860851592477570672,-192.440443,0,192.440443
4663:0xd2cc6f0aea897e0be2266f47ed285cbaa4e22d72852604fc5a09c23352c61f7b:63,NVDA,v3,0xd2cc6f0aea897e0be2266f47ed285cbaa4e22d72852604fc5a09c23352c61f7b,63,58947496,2026-09-09T23:42:01+00:00,2026-09-09,buy_stablecoin,-2881201405,12888669271827166309,12.888669271827166309,-2881.201405,0,2881.201405
4663:0x841c130351528ea0f9aa1fb6a56f08a5777623bcbed4f47117d843d5a7717d9c:17,NVDA,v3,0x841c130351528ea0f9aa1fb6a56f08a5777623bcbed4f47117d843d5a7717d9c,17,58947500,2026-09-09T23:42:01+00:00,2026-09-09,buy_stablecoin,-4958440,22181039846308175,0.022181039846308175,-4.95844,0,4.95844
4663:0xc89bff36336504a4b0c157fe87699154f58348f17c06d692b878edf8f8301b21:15,NVDA,v3,0xc89bff36336504a4b0c157fe87699154f58348f17c06d692b878edf8f8301b21,15,58947515,2026-09-09T23:42:03+00:00,2026-09-09,buy_stablecoin,-71249048,318724878041941013,0.318724878041941013,-71.249048,0,71.249048
4663:0xcc4e52727fc60ed40e66b7a88912b5f06697f92927839e0a260e82a149f5e161:11,NVDA,v3,0xcc4e52727fc60ed40e66b7a88912b5f06697f92927839e0a260e82a149f5e161,11,58947534,2026-09-09T23:42:04+00:00,2026-09-09,buy_stock,24394908,-109018877141239693,-0.109018877141239693,24.394908,0.109018877141239693,0
4663:0x881fbe904b62420142d2935408b4af8a36230d2976b773111c496e82ba03adef:11,NVDA,v3,0x881fbe904b62420142d2935408b4af8a36230d2976b773111c496e82ba03adef,11,58947551,2026-09-09T23:42:06+00:00,2026-09-09,buy_stablecoin,-5795405,25925116947669535,0.025925116947669535,-5.795405,0,5.795405
4663:0x0c5f56d99c34d8e71088b0d34d0464c72046b1026962e16cb41faa4cb97de275:12,NVDA,v3,0x0c5f56d99c34d8e71088b0d34d0464c72046b1026962e16cb41faa4cb97de275,12,58947552,2026-09-09T23:42:06+00:00,2026-09-09,buy_stock,7317870,-32702970263713554,-0.032702970263713554,7.31787,0.032702970263713554,0
4663:0x7919fe4029d21de0b93e0dd653a7d189b75942dc04f2b5cd0b1ef49db9a98df4:81,NVDA,v3,0x7919fe4029d21de0b93e0dd653a7d189b75942dc04f2b5cd0b1ef49db9a98df4,81,58947646,2026-09-09T23:42:16+00:00,2026-09-09,buy_stablecoin,-795768005,3559787205973259894,3.559787205973259894,-795.768005,0,795.768005
4663:0x7919fe4029d21de0b93e0dd653a7d189b75942dc04f2b5cd0b1ef49db9a98df4:87,NVDA,v3,0x7919fe4029d21de0b93e0dd653a7d189b75942dc04f2b5cd0b1ef49db9a98df4,87,58947646,2026-09-09T23:42:16+00:00,2026-09-09,buy_stablecoin,-1271912304,5689792524752733046,5.689792524752733046,-1271.912304,0,1271.912304
4663:0xbaef17e6829d880a0f638b4ba1323ef10a9ec7541f0c36239ff0130b59df3977:18,NVDA,v3,0xbaef17e6829d880a0f638b4ba1323ef10a9ec7541f0c36239ff0130b59df3977,18,58947685,2026-09-09T23:42:20+00:00,2026-09-09,buy_stock,48791301,-218046067542879955,-0.218046067542879955,48.791301,0.218046067542879955,0
4663:0x0597300e951dc64e7c9075c85aca13b1f9b483c3f9e826cbdade896a9d4d5c25:35,NVDA,v3,0x0597300e951dc64e7c9075c85aca13b1f9b483c3f9e826cbdade896a9d4d5c25,35,58947685,2026-09-09T23:42:20+00:00,2026-09-09,buy_stock,48791292,-218045987088820182,-0.218045987088820182,48.791292,0.218045987088820182,0
4663:0xd636dd81a81d85b8e0f43a70bfac6ea8f34fe1f26aa4caccd3cea51dd4b47abf:27,NVDA,v3,0xd636dd81a81d85b8e0f43a70bfac6ea8f34fe1f26aa4caccd3cea51dd4b47abf,27,58947739,2026-09-09T23:42:25+00:00,2026-09-09,buy_stablecoin,-582450833,2605552904032853316,2.605552904032853316,-582.450833,0,582.450833
4663:0x6c1655009d013e3ba4a4b44e04438a94c205f633536156b170011b7b7e384d88:77,NVDA,v3,0x6c1655009d013e3ba4a4b44e04438a94c205f633536156b170011b7b7e384d88,77,58947742,2026-09-09T23:42:25+00:00,2026-09-09,buy_stablecoin,-331192424,1481568614789874064,1.481568614789874064,-331.192424,0,331.192424
4663:0x05356711d9dcc4078196b74a2a87692353367c266a3766354361881dd3edc990:94,NVDA,v3,0x05356711d9dcc4078196b74a2a87692353367c266a3766354361881dd3edc990,94,58947742,2026-09-09T23:42:25+00:00,2026-09-09,buy_stablecoin,-269827869,1207059482793788970,1.20705948279378897,-269.827869,0,269.827869
4663:0xd4bc4eceb60d75bd90a47d7b341b8e441053d93dbdf78044f31f6d45b7b5abdb:94,NVDA,v3,0xd4bc4eceb60d75bd90a47d7b341b8e441053d93dbdf78044f31f6d45b7b5abdb,94,58947748,2026-09-09T23:42:26+00:00,2026-09-09,buy_stablecoin,-249951345,1118144092955995609,1.118144092955995609,-249.951345,0,249.951345
4663:0x86bd989af80f31c0fa17a7f40b9e925c084cb274c5d7f19ec5507b8f9bb9225a:81,NVDA,v3,0x86bd989af80f31c0fa17a7f40b9e925c084cb274c5d7f19ec5507b8f9bb9225a,81,58947791,2026-09-09T23:42:30+00:00,2026-09-09,buy_stablecoin,-985638,4409202242202170,0.00440920224220217,-0.985638,0,0.985638
4663:0x86be16e2e3e7d1ae1ef1e5a6382a2fb37972c7c9983a0721cfded0ae2aa5fa3c:21,NVDA,v3,0x86be16e2e3e7d1ae1ef1e5a6382a2fb37972c7c9983a0721cfded0ae2aa5fa3c,21,58947817,2026-09-09T23:42:33+00:00,2026-09-09,buy_stablecoin,-44919571,200945433304566030,0.20094543330456603,-44.919571,0,44.919571
4663:0xf5570c331eef8d3bde85b014613075eb5208d2ec08d62176aa51acc4e4e1d8eb:13,NVDA,v3,0xf5570c331eef8d3bde85b014613075eb5208d2ec08d62176aa51acc4e4e1d8eb,13,58947842,2026-09-09T23:42:36+00:00,2026-09-09,buy_stablecoin,-1690618644,7562921944539405437,7.562921944539405437,-1690.618644,0,1690.618644
4663:0xdc9279e652c91b4dbf71bf24f3dfb8e84940a0e5e5f2f665d9f482c3fa87c3c6:31,NVDA,v3,0xdc9279e652c91b4dbf71bf24f3dfb8e84940a0e5e5f2f665d9f482c3fa87c3c6,31,58947855,2026-09-09T23:42:37+00:00,2026-09-09,buy_stablecoin,-284693019,1273568783806808519,1.273568783806808519,-284.693019,0,284.693019
4663:0x5be67e1b9e82e4866f37f9581a9f30a9818a9a1054a4d53a41eeb6f426ddea27:16,NVDA,v3,0x5be67e1b9e82e4866f37f9581a9f30a9818a9a1054a4d53a41eeb6f426ddea27,16,58947858,2026-09-09T23:42:37+00:00,2026-09-09,buy_stablecoin,-596167,2666945573452764,0.002666945573452764,-0.596167,0,0.596167
4663:0x53f92fdeeb7e16d00988d4a51f7793aeb5d3f53ee30e6bc23c430bea9bd6fc0b:10,NVDA,v3,0x53f92fdeeb7e16d00988d4a51f7793aeb5d3f53ee30e6bc23c430bea9bd6fc0b,10,58947933,2026-09-09T23:42:45+00:00,2026-09-09,buy_stablecoin,-65808426,294392932315203291,0.294392932315203291,-65.808426,0,65.808426
4663:0xcfe41188674512bac9feee0192583c21dd42dc718bece3cd1a3a47a5399b8123:31,NVDA,v3,0xcfe41188674512bac9feee0192583c21dd42dc718bece3cd1a3a47a5399b8123,31,58947964,2026-09-09T23:42:48+00:00,2026-09-09,buy_stablecoin,-17896080,80057839897164175,0.080057839897164175,-17.89608,0,17.89608
4663:0xf8727f71150281a9586afd052a756576f34021f8478516c039b9dcc45a4467e4:11,NVDA,v3,0xf8727f71150281a9586afd052a756576f34021f8478516c039b9dcc45a4467e4,11,58948024,2026-09-09T23:42:54+00:00,2026-09-09,buy_stablecoin,-117305743,524765566391315759,0.524765566391315759,-117.305743,0,117.305743
4663:0x159ee287389e532e42ba1f12f406ccccc4c41cfad7c18e4982434011d659b565:28,NVDA,v3,0x159ee287389e532e42ba1f12f406ccccc4c41cfad7c18e4982434011d659b565,28,58948024,2026-09-09T23:42:54+00:00,2026-09-09,buy_stablecoin,-102866806,460173382760331398,0.460173382760331398,-102.866806,0,102.866806
4663:0x882a9c23240df4bac08fae74463cefee9780fc24e3f6a96bccc5011966c46aa7:44,NVDA,v3,0x882a9c23240df4bac08fae74463cefee9780fc24e3f6a96bccc5011966c46aa7,44,58948024,2026-09-09T23:42:54+00:00,2026-09-09,buy_stablecoin,-111686197,499627019456325952,0.499627019456325952,-111.686197,0,111.686197
4663:0x992fb4f8b82646ddb99881b7922012e79fe4fc0f1dceed11a92e238e6e830bc7:61,NVDA,v3,0x992fb4f8b82646ddb99881b7922012e79fe4fc0f1dceed11a92e238e6e830bc7,61,58948024,2026-09-09T23:42:54+00:00,2026-09-09,buy_stablecoin,-97727099,437181317549000141,0.437181317549000141,-97.727099,0,97.727099
4663:0xa62d3e719bb397e16d89161df6c07487a8d3a71fc9bb3bee622a36dba6816531:61,NVDA,v3,0xa62d3e719bb397e16d89161df6c07487a8d3a71fc9bb3bee622a36dba6816531,61,58948071,2026-09-09T23:42:59+00:00,2026-09-09,buy_stock,24396652,-109029108323465944,-0.109029108323465944,24.396652,0.109029108323465944,0
4663:0xcb0b9b8313ecfb8e9ec66a233d1d7d3577d114598efe5e3c6385bcf337253017:34,NVDA,v3,0xcb0b9b8313ecfb8e9ec66a233d1d7d3577d114598efe5e3c6385bcf337253017,34,58948083,2026-09-09T23:43:00+00:00,2026-09-09,buy_stablecoin,-16333294,73066858859387494,0.073066858859387494,-16.333294,0,16.333294
4663:0x9e38a4edcf0d37fc10ce4c0a51e4474d03cbebca86c80cff005580cda3970dc0:8,NVDA,v3,0x9e38a4edcf0d37fc10ce4c0a51e4474d03cbebca86c80cff005580cda3970dc0,8,58948105,2026-09-09T23:43:02+00:00,2026-09-09,buy_stock,195173715,-872234812018108128,-0.872234812018108128,195.173715,0.872234812018108128,0
4663:0x9d9a4060fa3e032a8c5e9f882bebb7db5c6890195339905316230275a0959689:8,NVDA,v3,0x9d9a4060fa3e032a8c5e9f882bebb7db5c6890195339905316230275a0959689,8,58948118,2026-09-09T23:43:04+00:00,2026-09-09,buy_stock,60991518,-272572048496015139,-0.272572048496015139,60.991518,0.272572048496015139,0
4663:0x74a93901d4c675d76c8c823d0998367f8323084a2a9ae7d37de2d958ef66c0fe:8,NVDA,v3,0x74a93901d4c675d76c8c823d0998367f8323084a2a9ae7d37de2d958ef66c0fe,8,58948123,2026-09-09T23:43:04+00:00,2026-09-09,buy_stock,121983459,-545145799811408360,-0.54514579981140836,121.983459,0.54514579981140836,0
4663:0x22935683efd963d5f226ddb61a46c59fd0ada3f0c945f18f4aec0df6c65d4e36:71,NVDA,v3,0x22935683efd963d5f226ddb61a46c59fd0ada3f0c945f18f4aec0df6c65d4e36,71,58948217,2026-09-09T23:43:14+00:00,2026-09-09,buy_stock,121979750,-545128973545926748,-0.545128973545926748,121.97975,0.545128973545926748,0
4663:0x45ef7a7c3ff9aee2c31af5ec0e675f6b8ada97cc25924193a8d45092caae82ac:26,NVDA,v3,0x45ef7a7c3ff9aee2c31af5ec0e675f6b8ada97cc25924193a8d45092caae82ac,26,58948236,2026-09-09T23:43:16+00:00,2026-09-09,buy_stock,170771455,-763179268832757206,-0.763179268832757206,170.771455,0.763179268832757206,0
4663:0x6b4318bf501b1b56fc871061a8922f716ebff3706d6ba953c6887d97e8004182:58,NVDA,v3,0x6b4318bf501b1b56fc871061a8922f716ebff3706d6ba953c6887d97e8004182,58,58948239,2026-09-09T23:43:16+00:00,2026-09-09,buy_stablecoin,-955047804,4272395453670234550,4.27239545367023455,-955.047804,0,955.047804
4663:0x47259a16bab4b05c93e4fa65ddea226332ad2e7a3a5c9dff6f6679296b779f2f:20,NVDA,v3,0x47259a16bab4b05c93e4fa65ddea226332ad2e7a3a5c9dff6f6679296b779f2f,20,58948248,2026-09-09T23:43:17+00:00,2026-09-09,buy_stock,48788051,-218034960419131244,-0.218034960419131244,48.788051,0.218034960419131244,0
4663:0x54e6772ffbe48a537a7634cf91a546037228a0929f88816f5f433ac9a2a3203c:8,NVDA,v3,0x54e6772ffbe48a537a7634cf91a546037228a0929f88816f5f433ac9a2a3203c,8,58948279,2026-09-09T23:43:20+00:00,2026-09-09,buy_stock,487916492,-2180508237111359808,-2.180508237111359808,487.916492,2.180508237111359808,0
4663:0xa3f04ed6fa344db7c485946de9887157f2907a0303e02820fcb06e25e8edd244:19,NVDA,v3,0xa3f04ed6fa344db7c485946de9887157f2907a0303e02820fcb06e25e8edd244,19,58948298,2026-09-09T23:43:22+00:00,2026-09-09,buy_stablecoin,-9881796,44206096639700583,0.044206096639700583,-9.881796,0,9.881796
4663:0xdb62c0bfdcfda4377b160cfcf253842464e98ce624d957fb8490cd763d676dfa:20,NVDA,v3,0xdb62c0bfdcfda4377b160cfcf253842464e98ce624d957fb8490cd763d676dfa,20,58948333,2026-09-09T23:43:25+00:00,2026-09-09,buy_stablecoin,-243800108,1090637305403732012,1.090637305403732012,-243.800108,0,243.800108
4663:0xcbe1ec6060b2c017b6522f3df1a2cdc2491eef6055c9a8ea03146cdc71e185ee:11,NVDA,v3,0xcbe1ec6060b2c017b6522f3df1a2cdc2491eef6055c9a8ea03146cdc71e185ee,11,58948369,2026-09-09T23:43:29+00:00,2026-09-09,buy_stock,48797130,-218075303912972258,-0.218075303912972258,48.79713,0.218075303912972258,0
4663:0xa17827a07a1226f6d4d695af22b3caed1f155a63e8a36d747583dbf3d0e1e74d:69,NVDA,v3,0xa17827a07a1226f6d4d695af22b3caed1f155a63e8a36d747583dbf3d0e1e74d,69,58948398,2026-09-09T23:43:32+00:00,2026-09-09,buy_stablecoin,-21709573,97117586762854517,0.097117586762854517,-21.709573,0,21.709573
4663:0x52670535d0308bd91925d69285356ff6b75c669d06310838c5463de5fd921844:23,NVDA,v3,0x52670535d0308bd91925d69285356ff6b75c669d06310838c5463de5fd921844,23,58948412,2026-09-09T23:43:33+00:00,2026-09-09,buy_stock,1445980,-6462112106366556,-0.006462112106366556,1.44598,0.006462112106366556,0
4663:0xe3f7ef1c68537941865ad6a9e545dcf14b4cc1d9e22b78d3763fef142636144c:13,NVDA,v3,0xe3f7ef1c68537941865ad6a9e545dcf14b4cc1d9e22b78d3763fef142636144c,13,58948713,2026-09-09T23:44:04+00:00,2026-09-09,buy_stablecoin,-62853670,281175388696293688,0.281175388696293688,-62.85367,0,62.85367
4663:0xb380228a38eec8b267c3dd8106da62f5ceb663b662ad3484e7fe30a64c5af705:28,NVDA,v3,0xb380228a38eec8b267c3dd8106da62f5ceb663b662ad3484e7fe30a64c5af705,28,58948728,2026-09-09T23:44:05+00:00,2026-09-09,buy_stablecoin,-39214241,175424625628120521,0.175424625628120521,-39.214241,0,39.214241
4663:0x43de6f2efaedfd1d2eed4ae813ead495a56b40b04a3403c56b8aa26172c58bd8:17,NVDA,v3,0x43de6f2efaedfd1d2eed4ae813ead495a56b40b04a3403c56b8aa26172c58bd8,17,58948767,2026-09-09T23:44:09+00:00,2026-09-09,buy_stock,122000503,-545222650665420640,-0.54522265066542064,122.000503,0.54522265066542064,0
4663:0xebb63dbd48f4934e7fb11ab7ce8e26e5250612c9dfcc2e82494f358c8af06b2e:11,NVDA,v3,0xebb63dbd48f4934e7fb11ab7ce8e26e5250612c9dfcc2e82494f358c8af06b2e,11,58948865,2026-09-09T23:44:19+00:00,2026-09-09,buy_stock,24400191,-109044900587156221,-0.109044900587156221,24.400191,0.109044900587156221,0
4663:0xd0cebc5e76009495125203925c435cf31b03931b079f1ea101913714f6dd6220:24,NVDA,v3,0xd0cebc5e76009495125203925c435cf31b03931b079f1ea101913714f6dd6220,24,58949041,2026-09-09T23:44:37+00:00,2026-09-09,buy_stock,2932217291,-13104060055065420487,-13.104060055065420487,2932.217291,13.104060055065420487,0
4663:0x80f87b44ab7b1b47a0e30e419e2b6c4e1d8df910a73dcd54dcc94d45b6fc372c:32,NVDA,v3,0x80f87b44ab7b1b47a0e30e419e2b6c4e1d8df910a73dcd54dcc94d45b6fc372c,32,58949096,2026-09-09T23:44:41+00:00,2026-09-09,buy_stablecoin,-112243012,502112606841019060,0.50211260684101906,-112.243012,0,112.243012
4663:0x0a518a66fe09ff74a37bed8c1cf889154a73004396de64909c0082c0a1f57a02:8,NVDA,v3,0x0a518a66fe09ff74a37bed8c1cf889154a73004396de64909c0082c0a1f57a02,8,58949166,2026-09-09T23:44:48+00:00,2026-09-09,buy_stock,106246450,-474812167547142038,-0.474812167547142038,106.24645,0.474812167547142038,0
4663:0x934bced7ee76c70c89fb28bb1c4f9dc5d0cdc0d1ca22216d90c915e84833e77b:22,NVDA,v3,0x934bced7ee76c70c89fb28bb1c4f9dc5d0cdc0d1ca22216d90c915e84833e77b,22,58949166,2026-09-09T23:44:48+00:00,2026-09-09,buy_stock,137750274,-615601519728163625,-0.615601519728163625,137.750274,0.615601519728163625,0
4663:0x634a7206ab3c555e00478d6a1947c0ea2ebcc52a53805ecd2777343ea7cfc319:10,NVDA,v3,0x634a7206ab3c555e00478d6a1947c0ea2ebcc52a53805ecd2777343ea7cfc319,10,58949176,2026-09-09T23:44:49+00:00,2026-09-09,buy_stock,49292239,-220285341580018893,-0.220285341580018893,49.292239,0.220285341580018893,0
4663:0xfe7df43b79f2863fbce751162fa63954c3ee30357f7b5708db981c7a9a3aebd1:10,NVDA,v3,0xfe7df43b79f2863fbce751162fa63954c3ee30357f7b5708db981c7a9a3aebd1,10,58949222,2026-09-09T23:44:54+00:00,2026-09-09,buy_stock,24400173,-109043526914614791,-0.109043526914614791,24.400173,0.109043526914614791,0
4663:0x9b24e47a46309f51edb3e4e496b421f2a1267fc152bb816acb000740a0992c59:14,NVDA,v3,0x9b24e47a46309f51edb3e4e496b421f2a1267fc152bb816acb000740a0992c59,14,58949236,2026-09-09T23:44:55+00:00,2026-09-09,buy_stock,244001567,-1090434027467085041,-1.090434027467085041,244.001567,1.090434027467085041,0
4663:0xa6a3526d10cab4c7ecb338f2773991e75cb67efbbc2374bac9ea5d270e368d12:30,NVDA,v3,0xa6a3526d10cab4c7ecb338f2773991e75cb67efbbc2374bac9ea5d270e368d12,30,58949287,2026-09-09T23:45:00+00:00,2026-09-09,buy_stock,40664351,-181727387513741792,-0.181727387513741792,40.664351,0.181727387513741792,0
4663:0x5396de84f5645a3eb877e4f8d13280339827056b9c8e9a4a68805269a98863d1:47,NVDA,v3,0x5396de84f5645a3eb877e4f8d13280339827056b9c8e9a4a68805269a98863d1,47,58949287,2026-09-09T23:45:00+00:00,2026-09-09,buy_stock,40664345,-181727332755090404,-0.181727332755090404,40.664345,0.181727332755090404,0
4663:0x4c2be80bb1f3d9f50bd96c16f2242c42fc83e5e85ed286229716ceee3f869b82:64,NVDA,v3,0x4c2be80bb1f3d9f50bd96c16f2242c42fc83e5e85ed286229716ceee3f869b82,64,58949287,2026-09-09T23:45:00+00:00,2026-09-09,buy_stock,40664338,-181727273525263129,-0.181727273525263129,40.664338,0.181727273525263129,0
4663:0xc8349e38f9efe9eb198f706c0aec521be82bd88920914e1e9597cf6ab0681d1d:23,NVDA,v3,0xc8349e38f9efe9eb198f706c0aec521be82bd88920914e1e9597cf6ab0681d1d,23,58949312,2026-09-09T23:45:03+00:00,2026-09-09,buy_stock,73195797,-327108977246293546,-0.327108977246293546,73.195797,0.327108977246293546,0
4663:0x7bef60d9778ebad9b822ae097d0fb4afc8b269f25a0dd34f04d6473e9860ecc1:27,NVDA,v3,0x7bef60d9778ebad9b822ae097d0fb4afc8b269f25a0dd34f04d6473e9860ecc1,27,58949358,2026-09-09T23:45:08+00:00,2026-09-09,buy_stablecoin,-39220745,175451278103808196,0.175451278103808196,-39.220745,0,39.220745
4663:0x7aade004e80032e086e1b308b5c9fdb7e5fd723c83bd0338d19314c7e49e0ad1:41,NVDA,v3,0x7aade004e80032e086e1b308b5c9fdb7e5fd723c83bd0338d19314c7e49e0ad1,41,58949405,2026-09-09T23:45:13+00:00,2026-09-09,buy_stablecoin,-180882126,809163958256846240,0.80916395825684624,-180.882126,0,180.882126
4663:0xb7421ea4cf9b959256adc7510f85bfdd5b9306d6d822043dcfe6983441f04169:37,NVDA,v3,0xb7421ea4cf9b959256adc7510f85bfdd5b9306d6d822043dcfe6983441f04169,37,58949467,2026-09-09T23:45:19+00:00,2026-09-09,buy_stablecoin,-491372620,2198124980403058880,2.19812498040305888,-491.37262,0,491.37262
4663:0x73259b431bd081fc54affffaa99cbbfdc71f55736372b2e958c2409a4ca1e90b:34,NVDA,v3,0x73259b431bd081fc54affffaa99cbbfdc71f55736372b2e958c2409a4ca1e90b,34,58949472,2026-09-09T23:45:19+00:00,2026-09-09,buy_stock,362282484,-1619028399205048429,-1.619028399205048429,362.282484,1.619028399205048429,0
4663:0x4c768ee274f190f2da881eb6a357c4cc5d8bc63ec4b22fa158f4fb94706b5185:11,NVDA,v3,0x4c768ee274f190f2da881eb6a357c4cc5d8bc63ec4b22fa158f4fb94706b5185,11,58949489,2026-09-09T23:45:21+00:00,2026-09-09,buy_stablecoin,-141871920,634655138401351493,0.634655138401351493,-141.87192,0,141.87192
4663:0x8fd3bff5b5305a47eca10e14270c80107c6aa869377c893d20792bab72d2b77f:26,NVDA,v3,0x8fd3bff5b5305a47eca10e14270c80107c6aa869377c893d20792bab72d2b77f,26,58949489,2026-09-09T23:45:21+00:00,2026-09-09,buy_stablecoin,-109294021,488920182183595578,0.488920182183595578,-109.294021,0,109.294021
4663:0x312ded50c4e15e5e37d8834c5c0a34d724d698efd2b6896aaa2844854e4d8628:15,NVDA,v3,0x312ded50c4e15e5e37d8834c5c0a34d724d698efd2b6896aaa2844854e4d8628,15,58949507,2026-09-09T23:45:23+00:00,2026-09-09,buy_stock,59755,-267042635734172,-0.000267042635734172,0.059755,0.000267042635734172,0
4663:0x3a91f05c0f113b7fd8cfea2dad40eaa8ebd4e2f7e9e1591677e5b606c7702d34:46,NVDA,v3,0x3a91f05c0f113b7fd8cfea2dad40eaa8ebd4e2f7e9e1591677e5b606c7702d34,46,58949551,2026-09-09T23:45:27+00:00,2026-09-09,buy_stock,133252,-595497252863672,-0.000595497252863672,0.133252,0.000595497252863672,0
4663:0x9edfe697cdb932051c19b7711572405e9136250b1da7f6ce68de1d4b1ef70f37:19,NVDA,v3,0x9edfe697cdb932051c19b7711572405e9136250b1da7f6ce68de1d4b1ef70f37,19,58949607,2026-09-09T23:45:33+00:00,2026-09-09,buy_stablecoin,-174105299,778849923671720740,0.77884992367172074,-174.105299,0,174.105299
4663:0xf9b134f527eeba52c6ff700956ff7309ea7e6ea0c957ab4138ca59fd7d77cfd6:38,NVDA,v3,0xf9b134f527eeba52c6ff700956ff7309ea7e6ea0c957ab4138ca59fd7d77cfd6,38,58949607,2026-09-09T23:45:33+00:00,2026-09-09,buy_stablecoin,-174181623,779191870287113208,0.779191870287113208,-174.181623,0,174.181623
4663:0x40fe7a4c7e004d5c361b3e2bead5acc594be2c9b10f45559c5d464bf65bebc3d:41,NVDA,v3,0x40fe7a4c7e004d5c361b3e2bead5acc594be2c9b10f45559c5d464bf65bebc3d,41,58949609,2026-09-09T23:45:33+00:00,2026-09-09,buy_stablecoin,-321333775,1437470235666838618,1.437470235666838618,-321.333775,0,321.333775
4663:0xa4d3f6c9128e12b49d40eec9eca18913db42dbf05cb5aa0ff2206602220052ab:59,NVDA,v3,0xa4d3f6c9128e12b49d40eec9eca18913db42dbf05cb5aa0ff2206602220052ab,59,58949624,2026-09-09T23:45:35+00:00,2026-09-09,buy_stablecoin,-77253098,345588051635878244,0.345588051635878244,-77.253098,0,77.253098
4663:0x1a6c6b6099ecbd91747edf9027d95f8db0b56770f33152bdd7df21ab7e518b88:70,NVDA,v3,0x1a6c6b6099ecbd91747edf9027d95f8db0b56770f33152bdd7df21ab7e518b88,70,58949750,2026-09-09T23:45:47+00:00,2026-09-09,buy_stablecoin,-84668752,378761741370996072,0.378761741370996072,-84.668752,0,84.668752
4663:0x0631d2005d2c628969212f4fa03933a1399fff56c56dc9d0d2753bd4c3efbf3f:12,NVDA,v3,0x0631d2005d2c628969212f4fa03933a1399fff56c56dc9d0d2753bd4c3efbf3f,12,58949815,2026-09-09T23:45:54+00:00,2026-09-09,buy_stablecoin,-6495056,29055338676560723,0.029055338676560723,-6.495056,0,6.495056
4663:0xa3bcf4ef40173e333da980f77dae8e28320a3e1265247537c8f2f0f25c34a2af:33,NVDA,v3,0xa3bcf4ef40173e333da980f77dae8e28320a3e1265247537c8f2f0f25c34a2af,33,58949915,2026-09-09T23:46:04+00:00,2026-09-09,buy_stablecoin,-12963138,57990011990878839,0.057990011990878839,-12.963138,0,12.963138
4663:0x2f954fffe0f8528dd6efd846531a0734e5d1cc25ed252692aa260fb6110ead0a:23,NVDA,v3,0x2f954fffe0f8528dd6efd846531a0734e5d1cc25ed252692aa260fb6110ead0a,23,58949971,2026-09-09T23:46:10+00:00,2026-09-09,buy_stock,244,-1086505973620,-0.00000108650597362,0.000244,0.00000108650597362,0
4663:0x015962f3b923a7ae5cd1a968986e0523d5009e787c4bad2a68b169ce7ec112bd:8,NVDA,v3,0x015962f3b923a7ae5cd1a968986e0523d5009e787c4bad2a68b169ce7ec112bd,8,58949975,2026-09-09T23:46:10+00:00,2026-09-09,buy_stock,244,-1086505973619,-0.000001086505973619,0.000244,0.000001086505973619,0
4663:0x02c3f55acc5e55c536c87e92525ae3e875067fba2e9d0e484bda1e91b89aa548:6,NVDA,v3,0x02c3f55acc5e55c536c87e92525ae3e875067fba2e9d0e484bda1e91b89aa548,6,58950040,2026-09-09T23:46:17+00:00,2026-09-09,buy_stablecoin,-186440065,834031486956928174,0.834031486956928174,-186.440065,0,186.440065
4663:0x9f8b7ffa78e201b5581159208ee7e9213b051e4052caa6df1ebe3c41c4c764fe:11,NVDA,v3,0x9f8b7ffa78e201b5581159208ee7e9213b051e4052caa6df1ebe3c41c4c764fe,11,58950080,2026-09-09T23:46:21+00:00,2026-09-09,buy_stablecoin,-101732779,455097390161014524,0.455097390161014524,-101.732779,0,101.732779
4663:0xc291aab5ef3d0969c7f68ce7fc860f22ee9a6bc343d3cf814aea872ae7276e00:27,NVDA,v3,0xc291aab5ef3d0969c7f68ce7fc860f22ee9a6bc343d3cf814aea872ae7276e00,27,58950196,2026-09-09T23:46:33+00:00,2026-09-09,buy_stablecoin,-22194796,99287528045148741,0.099287528045148741,-22.194796,0,22.194796
4663:0x0de35f3c1a6e7a70b4bb6586257cc5827bfb9b6aab7198df5b3733297c5dc7d7:66,NVDA,v3,0x0de35f3c1a6e7a70b4bb6586257cc5827bfb9b6aab7198df5b3733297c5dc7d7,66,58950338,2026-09-09T23:46:47+00:00,2026-09-09,buy_stock,122017841,-545296096536221558,-0.545296096536221558,122.017841,0.545296096536221558,0
4663:0x6a27f6f6cd294f3013622c4930eb2f1cb512cd251ac2f5f17163c1d8ca3cacbc:11,NVDA,v3,0x6a27f6f6cd294f3013622c4930eb2f1cb512cd251ac2f5f17163c1d8ca3cacbc,11,58950455,2026-09-09T23:46:59+00:00,2026-09-09,buy_stablecoin,-7947067,35550873767671880,0.03555087376767188,-7.947067,0,7.947067
4663:0x6c6d4f0e5c2e98ad20f2ff4c91a1b149368b8b2e26fd3527e41730647ae74a1d:16,NVDA,v3,0x6c6d4f0e5c2e98ad20f2ff4c91a1b149368b8b2e26fd3527e41730647ae74a1d,16,58950495,2026-09-09T23:47:03+00:00,2026-09-09,buy_stablecoin,-31723086,141911907099359978,0.141911907099359978,-31.723086,0,31.723086
4663:0x8ce59e02c153df3b0605ebd74710c25eace4790afac60c896b6a15e2fa1379d5:33,NVDA,v3,0x8ce59e02c153df3b0605ebd74710c25eace4790afac60c896b6a15e2fa1379d5,33,58950495,2026-09-09T23:47:03+00:00,2026-09-09,buy_stablecoin,-30869524,138093549293453895,0.138093549293453895,-30.869524,0,30.869524
4663:0x12aac00973e4be942fc1b1bf09a3ad11b55d01cfd274be5ac45ae505de33379c:49,NVDA,v3,0x12aac00973e4be942fc1b1bf09a3ad11b55d01cfd274be5ac45ae505de33379c,49,58950495,2026-09-09T23:47:03+00:00,2026-09-09,buy_stablecoin,-30049954,134427250658732246,0.134427250658732246,-30.049954,0,30.049954
4663:0x1c0009aa0c7c734ed31b107882ec79f71973af0217460e5832dc1618d1bdb9c6:51,NVDA,v3,0x1c0009aa0c7c734ed31b107882ec79f71973af0217460e5832dc1618d1bdb9c6,51,58950502,2026-09-09T23:47:04+00:00,2026-09-09,buy_stablecoin,-186739423,835371564531834668,0.835371564531834668,-186.739423,0,186.739423
4663:0xc80bd583340bf400a217b9c888944b448b6e025f237072025901d0a356a0d286:25,NVDA,v3,0xc80bd583340bf400a217b9c888944b448b6e025f237072025901d0a356a0d286,25,58950516,2026-09-09T23:47:05+00:00,2026-09-09,buy_stablecoin,-38307932,171369122095289589,0.171369122095289589,-38.307932,0,38.307932
4663:0x49c4ec89456356e1a3977d13dbe0817f8f0f328a9d6921db81da8064e2e02d85:34,NVDA,v3,0x49c4ec89456356e1a3977d13dbe0817f8f0f328a9d6921db81da8064e2e02d85,34,58950544,2026-09-09T23:47:08+00:00,2026-09-09,buy_stablecoin,-105381108,471418630196622362,0.471418630196622362,-105.381108,0,105.381108
4663:0xb91f90f8a0c0f3fea240fad1f2730e86e47850a73e446cec9587d4f80a0b5896:41,NVDA,v3,0xb91f90f8a0c0f3fea240fad1f2730e86e47850a73e446cec9587d4f80a0b5896,41,58950564,2026-09-09T23:47:10+00:00,2026-09-09,buy_stablecoin,-7221937816,32307528700225119814,32.307528700225119814,-7221.937816,0,7221.937816
4663:0x77db04a74b3689a33f6075ed5dc419ae1a3c2b1252adb9584896e5436d4a3da0:71,NVDA,v3,0x77db04a74b3689a33f6075ed5dc419ae1a3c2b1252adb9584896e5436d4a3da0,71,58950571,2026-09-09T23:47:11+00:00,2026-09-09,buy_stablecoin,-7005534765,31340287063708346391,31.340287063708346391,-7005.534765,0,7005.534765
4663:0xa17d5689d29641c04a0b8cc8cb563c14fd39722f8cb2bc1af6a993e881e6e1c2:93,NVDA,v3,0xa17d5689d29641c04a0b8cc8cb563c14fd39722f8cb2bc1af6a993e881e6e1c2,93,58950571,2026-09-09T23:47:11+00:00,2026-09-09,buy_stock,3765771934,-16829993595880253088,-16.829993595880253088,3765.771934,16.829993595880253088,0
4663:0xad1183984adb0f1e47712acf86a2b1bb608f1dfbd27c0691cd3c75defa731397:107,NVDA,v3,0xad1183984adb0f1e47712acf86a2b1bb608f1dfbd27c0691cd3c75defa731397,107,58950571,2026-09-09T23:47:11+00:00,2026-09-09,buy_stock,970866900,-4338960966690124870,-4.33896096669012487,970.8669,4.33896096669012487,0
4663:0x0fa9c6005c266ef3cc5dfdfb3fa9b3010ba5d4acd50508cb21ddfe14d57486a8:136,NVDA,v3,0x0fa9c6005c266ef3cc5dfdfb3fa9b3010ba5d4acd50508cb21ddfe14d57486a8,136,58950571,2026-09-09T23:47:11+00:00,2026-09-09,buy_stock,229935724,-1027617552017436778,-1.027617552017436778,229.935724,1.027617552017436778,0
4663:0x7c41475b7b1a35f04ff7a6c10c3dcd43cd48f2ac9fc6b3203015167dfe9cf475:150,NVDA,v3,0x7c41475b7b1a35f04ff7a6c10c3dcd43cd48f2ac9fc6b3203015167dfe9cf475,150,58950571,2026-09-09T23:47:11+00:00,2026-09-09,buy_stock,108550072,-485126386790190844,-0.485126386790190844,108.550072,0.485126386790190844,0
4663:0x0cd79ab17c721bfe3dec0da4a41f3b8de78fd805c1e74ab9c0e2e6dd64e90947:14,NVDA,v3,0x0cd79ab17c721bfe3dec0da4a41f3b8de78fd805c1e74ab9c0e2e6dd64e90947,14,58950577,2026-09-09T23:47:11+00:00,2026-09-09,buy_stock,731711344,-3270121458636874458,-3.270121458636874458,731.711344,3.270121458636874458,0
4663:0x4f82b195cde08a7a097e0f3593387f73ca6d28dd543883aeddaf9c3cd83cf1d9:48,NVDA,v3,0x4f82b195cde08a7a097e0f3593387f73ca6d28dd543883aeddaf9c3cd83cf1d9,48,58950578,2026-09-09T23:47:11+00:00,2026-09-09,buy_stock,487801008,-2180046652975688506,-2.180046652975688506,487.801008,2.180046652975688506,0
4663:0xb68415b3208be9bbc3e33f7e2107d4e787b2eebaea3733a086dd5869b1b69ea1:17,NVDA,v3,0xb68415b3208be9bbc3e33f7e2107d4e787b2eebaea3733a086dd5869b1b69ea1,17,58950590,2026-09-09T23:47:13+00:00,2026-09-09,buy_stablecoin,-103859869,464627547872009563,0.464627547872009563,-103.859869,0,103.859869
4663:0x5604923f86fa28eb9e582d57513339a34b6a7c8730f60cc6af1e28c46f8b3483:33,NVDA,v3,0x5604923f86fa28eb9e582d57513339a34b6a7c8730f60cc6af1e28c46f8b3483,33,58950590,2026-09-09T23:47:13+00:00,2026-09-09,buy_stablecoin,-123683809,553312170243565622,0.553312170243565622,-123.683809,0,123.683809
4663:0xa050fae6ccf0dfa985adffa4c0bd47d42ba097488f518c6376c18a2cab438eea:45,NVDA,v3,0xa050fae6ccf0dfa985adffa4c0bd47d42ba097488f518c6376c18a2cab438eea,45,58950618,2026-09-09T23:47:15+00:00,2026-09-09,buy_stock,97628135,-436312822849381275,-0.436312822849381275,97.628135,0.436312822849381275,0
4663:0x22d3ac478e425b1338cecab31d80facb536e97caac01bb83dc530370cb682714:45,NVDA,v3,0x22d3ac478e425b1338cecab31d80facb536e97caac01bb83dc530370cb682714,45,58950690,2026-09-09T23:47:23+00:00,2026-09-09,buy_stablecoin,-19019031,85083573946301599,0.085083573946301599,-19.019031,0,19.019031
4663:0x80db17ca1ed3889d7749067eaebdc67b74172b326906fcd4d8a1f560dca45040:11,NVDA,v3,0x80db17ca1ed3889d7749067eaebdc67b74172b326906fcd4d8a1f560dca45040,11,58950772,2026-09-09T23:47:31+00:00,2026-09-09,buy_stock,100663296,-449877218291720616,-0.449877218291720616,100.663296,0.449877218291720616,0
4663:0x3485a76792a458e4baf4da29f8225f5e46132b8aec1bc30f86da573bb4df8981:54,NVDA,v3,0x3485a76792a458e4baf4da29f8225f5e46132b8aec1bc30f86da573bb4df8981,54,58950839,2026-09-09T23:47:38+00:00,2026-09-09,buy_stock,15217857,-68010545452011718,-0.068010545452011718,15.217857,0.068010545452011718,0
4663:0x39b6d016336a8dcae6cba4d8d1066a7418611922de41f69f93f50388f433317a:21,NVDA,v3,0x39b6d016336a8dcae6cba4d8d1066a7418611922de41f69f93f50388f433317a,21,58950887,2026-09-09T23:47:43+00:00,2026-09-09,buy_stablecoin,-157865419,706226955320937021,0.706226955320937021,-157.865419,0,157.865419
4663:0x7b2d7fc31d16bc73f4040de60e284a2dd5a3e944fb095f6e86685448964e186c:37,NVDA,v3,0x7b2d7fc31d16bc73f4040de60e284a2dd5a3e944fb095f6e86685448964e186c,37,58950887,2026-09-09T23:47:43+00:00,2026-09-09,buy_stablecoin,-92987782,415990466293424318,0.415990466293424318,-92.987782,0,92.987782
4663:0xbcbadc8defa275fa3bf996c5bb0e746b1638db915b7b976ff146384e2b41c06a:11,NVDA,v3,0xbcbadc8defa275fa3bf996c5bb0e746b1638db915b7b976ff146384e2b41c06a,11,58950897,2026-09-09T23:47:44+00:00,2026-09-09,buy_stablecoin,-940493913,4207405065604062193,4.207405065604062193,-940.493913,0,940.493913
4663:0x99b515a730eb71754c7a51c4f5c109e8504b69ce19a2e5ef49e858bffc5715a5:131,NVDA,v3,0x99b515a730eb71754c7a51c4f5c109e8504b69ce19a2e5ef49e858bffc5715a5,131,58950971,2026-09-09T23:47:51+00:00,2026-09-09,buy_stock,58437872,-261167450629257388,-0.261167450629257388,58.437872,0.261167450629257388,0
4663:0x887e719b057abc1ee2a65d978c9d61407d709bcc9dec53beb576765357810746:55,NVDA,v3,0x887e719b057abc1ee2a65d978c9d61407d709bcc9dec53beb576765357810746,55,58950997,2026-09-09T23:47:54+00:00,2026-09-09,buy_stock,24420790,-109140084991607510,-0.10914008499160751,24.42079,0.10914008499160751,0
4663:0xbd7100eda3f68be3b98fa66b7ce2e3aa489d5e750b397ba43186a5f5aa10fd07:14,NVDA,v3,0xbd7100eda3f68be3b98fa66b7ce2e3aa489d5e750b397ba43186a5f5aa10fd07,14,58951133,2026-09-09T23:48:07+00:00,2026-09-09,buy_stock,97608233,-436225386494863506,-0.436225386494863506,97.608233,0.436225386494863506,0
4663:0x3c8e54713dd017598d98f165864f73a326da7db1f2aeb6789ec2b15253255cb5:9,NVDA,v3,0x3c8e54713dd017598d98f165864f73a326da7db1f2aeb6789ec2b15253255cb5,9,58951147,2026-09-09T23:48:09+00:00,2026-09-09,buy_stock,2196182,-9815050878012073,-0.009815050878012073,2.196182,0.009815050878012073,0
4663:0xb01b0bd2605e23d1ed9b53c1ac359c57c506edf6d54f2034d222cbc17baa07f1:11,NVDA,v3,0xb01b0bd2605e23d1ed9b53c1ac359c57c506edf6d54f2034d222cbc17baa07f1,11,58951590,2026-09-09T23:48:54+00:00,2026-09-09,buy_stablecoin,-12788901,57212649168487396,0.057212649168487396,-12.788901,0,12.788901
4663:0x1bae20c6a3580b6e576b0eb45772947f5d71d1161212e1dd4aa485fb36d901f4:8,NVDA,v3,0x1bae20c6a3580b6e576b0eb45772947f5d71d1161212e1dd4aa485fb36d901f4,8,58951629,2026-09-09T23:48:58+00:00,2026-09-09,buy_stock,244,-1086545460379,-0.000001086545460379,0.000244,0.000001086545460379,0
4663:0x2fc84ebda0c80f62305d422e2dc8d671596eb72b51d946e0062a545b1da099fb:28,NVDA,v3,0x2fc84ebda0c80f62305d422e2dc8d671596eb72b51d946e0062a545b1da099fb,28,58951632,2026-09-09T23:48:58+00:00,2026-09-09,buy_stock,244,-1086545460378,-0.000001086545460378,0.000244,0.000001086545460378,0
4663:0x517b7876b2b1e7b58d4c41a774a84ecd4b24479a8a2935700bdebc5c392494d3:13,NVDA,v3,0x517b7876b2b1e7b58d4c41a774a84ecd4b24479a8a2935700bdebc5c392494d3,13,58951637,2026-09-09T23:48:58+00:00,2026-09-09,buy_stock,244,-1086545460377,-0.000001086545460377,0.000244,0.000001086545460377,0
4663:0x2e0522798174e2e858360e9a60273fe6f30930f503282f9a4f6ecf62a84822b3:74,NVDA,v3,0x2e0522798174e2e858360e9a60273fe6f30930f503282f9a4f6ecf62a84822b3,74,58951681,2026-09-09T23:49:03+00:00,2026-09-09,buy_stablecoin,-129207769,578026254319100067,0.578026254319100067,-129.207769,0,129.207769
4663:0x762ce01fe6f3dae2ac4820cb71db698d892d3b66b86ae93c18c246e64c280589:31,NVDA,v3,0x762ce01fe6f3dae2ac4820cb71db698d892d3b66b86ae93c18c246e64c280589,31,58951705,2026-09-09T23:49:05+00:00,2026-09-09,buy_stablecoin,-114413401,511842134393939864,0.511842134393939864,-114.413401,0,114.413401
4663:0x053a4bd2a8f9900062ad33698f1395feafa13c9a7ad637ba2595afdf85743e28:31,NVDA,v3,0x053a4bd2a8f9900062ad33698f1395feafa13c9a7ad637ba2595afdf85743e28,31,58951802,2026-09-09T23:49:15+00:00,2026-09-09,buy_stablecoin,-406890774,1820276687842384628,1.820276687842384628,-406.890774,0,406.890774
4663:0x17f79415614cda9cb4df89191c5f85f96d170eda90de73931dba11de01e559db:48,NVDA,v3,0x17f79415614cda9cb4df89191c5f85f96d170eda90de73931dba11de01e559db,48,58951802,2026-09-09T23:49:15+00:00,2026-09-09,buy_stablecoin,-371952034,1663976322453051767,1.663976322453051767,-371.952034,0,371.952034
4663:0x829b168165c8e0a620bad563024136d65fc3eb46d506fec7f8fb6cd00da8bb69:52,NVDA,v3,0x829b168165c8e0a620bad563024136d65fc3eb46d506fec7f8fb6cd00da8bb69,52,58951859,2026-09-09T23:49:21+00:00,2026-09-09,buy_stock,431833,-1929931296044592,-0.001929931296044592,0.431833,0.001929931296044592,0
4663:0x0779e0051b6484fb7cce165b6cf2f2e17585454351c71d2589d6218914843785:33,NVDA,v3,0x0779e0051b6484fb7cce165b6cf2f2e17585454351c71d2589d6218914843785,33,58951881,2026-09-09T23:49:23+00:00,2026-09-09,buy_stock,24423331,-109151818201199196,-0.109151818201199196,24.423331,0.109151818201199196,0
4663:0x663dc4c3254ee69d05167458d8be6dacf4f1ad28412eb4b4e6d00017ef8cd1a9:17,NVDA,v3,0x663dc4c3254ee69d05167458d8be6dacf4f1ad28412eb4b4e6d00017ef8cd1a9,17,58952041,2026-09-09T23:49:39+00:00,2026-09-09,buy_stablecoin,-73778314,330057236488617049,0.330057236488617049,-73.778314,0,73.778314
4663:0xb97a53815fcc7eac2c8fc67ea1b10bc8dbf479b633dafd4ff3071d21280de92a:59,NVDA,v3,0xb97a53815fcc7eac2c8fc67ea1b10bc8dbf479b633dafd4ff3071d21280de92a,59,58952050,2026-09-09T23:49:40+00:00,2026-09-09,buy_stock,1459041,-6520689763474082,-0.006520689763474082,1.459041,0.006520689763474082,0
4663:0xbb34cbf45e9275bd3166a51e5fd860e59e9f5689ef30607f22e4ff509f75c198:36,NVDA,v3,0xbb34cbf45e9275bd3166a51e5fd860e59e9f5689ef30607f22e4ff509f75c198,36,58952071,2026-09-09T23:49:42+00:00,2026-09-09,buy_stablecoin,-181788368,813255162691516799,0.813255162691516799,-181.788368,0,181.788368
4663:0xa7dd28fe26ed9a5b0ada97bdf14bebaf9b35134d7d182f9596c524327ce2513b:15,NVDA,v3,0xa7dd28fe26ed9a5b0ada97bdf14bebaf9b35134d7d182f9596c524327ce2513b,15,58952086,2026-09-09T23:49:44+00:00,2026-09-09,buy_stock,97694277,-436611852847695655,-0.436611852847695655,97.694277,0.436611852847695655,0
4663:0x9620e9ccb1fd4be0183ed6115246212a31adc77381f14c06dc301969e2b8136f:13,NVDA,v3,0x9620e9ccb1fd4be0183ed6115246212a31adc77381f14c06dc301969e2b8136f,13,58952268,2026-09-09T23:50:02+00:00,2026-09-09,buy_stablecoin,-105752926,473100280599421885,0.473100280599421885,-105.752926,0,105.752926
4663:0x7f94de0d62dcb03ddcc8ff8eac775b2bcedd719949a460fcefba425840ce2925:28,NVDA,v3,0x7f94de0d62dcb03ddcc8ff8eac775b2bcedd719949a460fcefba425840ce2925,28,58952317,2026-09-09T23:50:07+00:00,2026-09-09,buy_stablecoin,-17529436,78420367030230346,0.078420367030230346,-17.529436,0,17.529436
4663:0x0a1d19975d512bba1de01436a4b02feafb49a5850703fcc8b2522fb0b7ea0bdd:55,NVDA,v3,0x0a1d19975d512bba1de01436a4b02feafb49a5850703fcc8b2522fb0b7ea0bdd,55,58952335,2026-09-09T23:50:09+00:00,2026-09-09,buy_stablecoin,-80950422,362143014321244175,0.362143014321244175,-80.950422,0,80.950422
4663:0x1e409b5076a16d4f017cabdb1e6bfdd4f75c8beb26a9c282867ab74ce505ab0d:79,NVDA,v3,0x1e409b5076a16d4f017cabdb1e6bfdd4f75c8beb26a9c282867ab74ce505ab0d,79,58952376,2026-09-09T23:50:13+00:00,2026-09-09,buy_stock,589655,-2635266342463555,-0.002635266342463555,0.589655,0.002635266342463555,0
4663:0x6ef5dc31419b6b35b493b8396ecc15372c6d4f916f2ec689d61e16c4e33d05dc:11,NVDA,v3,0x6ef5dc31419b6b35b493b8396ecc15372c6d4f916f2ec689d61e16c4e33d05dc,11,58952418,2026-09-09T23:50:17+00:00,2026-09-09,buy_stablecoin,-650666904,2910853251952202940,2.91085325195220294,-650.666904,0,650.666904
4663:0x6cf6f2887b008df72d16ba5b9fa9bb08fe376fc6f198017ef9b069b1cf18009a:50,NVDA,v3,0x6cf6f2887b008df72d16ba5b9fa9bb08fe376fc6f198017ef9b069b1cf18009a,50,58952461,2026-09-09T23:50:22+00:00,2026-09-09,buy_stablecoin,-26727203,119568195655531602,0.119568195655531602,-26.727203,0,26.727203
4663:0xd62b472911867c7aa8632d36a70b79f49fae5098a480ea909fa40ffb708dd08d:67,NVDA,v3,0xd62b472911867c7aa8632d36a70b79f49fae5098a480ea909fa40ffb708dd08d,67,58952461,2026-09-09T23:50:22+00:00,2026-09-09,buy_stablecoin,-26068838,116622909613742695,0.116622909613742695,-26.068838,0,26.068838
4663:0x8024b476b2ca656e35eb6c317bdc8f4d275f25fd9cf2b7a983b77e9b0b122e12:84,NVDA,v3,0x8024b476b2ca656e35eb6c317bdc8f4d275f25fd9cf2b7a983b77e9b0b122e12,84,58952461,2026-09-09T23:50:22+00:00,2026-09-09,buy_stablecoin,-25434503,113785128246560411,0.113785128246560411,-25.434503,0,25.434503
4663:0x66a57c8ba3698ed2e5e8b17d10f31ac69638d2989fdd36d2fde677923e59b2aa:101,NVDA,v3,0x66a57c8ba3698ed2e5e8b17d10f31ac69638d2989fdd36d2fde677923e59b2aa,101,58952461,2026-09-09T23:50:22+00:00,2026-09-09,buy_stablecoin,-26166133,117058196401089303,0.117058196401089303,-26.166133,0,26.166133
4663:0x9ea0350481ec31f6937dc84f687c89c2c740e5a71453bc1fd38971f6b017e461:26,NVDA,v3,0x9ea0350481ec31f6937dc84f687c89c2c740e5a71453bc1fd38971f6b017e461,26,58952515,2026-09-09T23:50:27+00:00,2026-09-09,buy_stablecoin,-17403930,77859151077828600,0.0778591510778286,-17.40393,0,17.40393
4663:0x14c977ba56d96406dd3903e40b5613a60f28a33ecf3bcd2f976291e667539f28:43,NVDA,v3,0x14c977ba56d96406dd3903e40b5613a60f28a33ecf3bcd2f976291e667539f28,43,58952515,2026-09-09T23:50:27+00:00,2026-09-09,buy_stablecoin,-16893326,75574890290299237,0.075574890290299237,-16.893326,0,16.893326
4663:0xe2ab2e3dee5a69b7b75271e8289e8e1bf6af3e8e9c73e3f2faca8d70d70acae0:83,NVDA,v3,0xe2ab2e3dee5a69b7b75271e8289e8e1bf6af3e8e9c73e3f2faca8d70d70acae0,83,58952515,2026-09-09T23:50:27+00:00,2026-09-09,buy_stablecoin,-16404868,73389700946576815,0.073389700946576815,-16.404868,0,16.404868
4663:0x466a4c03a2ef0c3998249b6b7e774ba118f33c56207ae91ae9fe94f4702f5803:100,NVDA,v3,0x466a4c03a2ef0c3998249b6b7e774ba118f33c56207ae91ae9fe94f4702f5803,100,58952515,2026-09-09T23:50:27+00:00,2026-09-09,buy_stablecoin,-15937292,71297933524511825,0.071297933524511825,-15.937292,0,15.937292
4663:0xbde09860a3ad259f6af936aa8857b64d90e7ea37964c4d4e751381b184c7e966:81,NVDA,v3,0xbde09860a3ad259f6af936aa8857b64d90e7ea37964c4d4e751381b184c7e966,81,58952560,2026-09-09T23:50:32+00:00,2026-09-09,buy_stock,24426599,-109166899600298681,-0.109166899600298681,24.426599,0.109166899600298681,0
4663:0xfa821db4fb9f81258a84f9c4376285f8dad52e2840d63c4b812a33a33aacd163:11,NVDA,v3,0xfa821db4fb9f81258a84f9c4376285f8dad52e2840d63c4b812a33a33aacd163,11,58952561,2026-09-09T23:50:32+00:00,2026-09-09,buy_stablecoin,-10359992,46347019480050060,0.04634701948005006,-10.359992,0,10.359992
4663:0x2540767cfb523ecd7061ade8a576cef3c21f55d32d49bf811bf6c6fd1c91af41:13,NVDA,v3,0x2540767cfb523ecd7061ade8a576cef3c21f55d32d49bf811bf6c6fd1c91af41,13,58952619,2026-09-09T23:50:38+00:00,2026-09-09,buy_stock,12212514,-54579935860979332,-0.054579935860979332,12.212514,0.054579935860979332,0
4663:0x12cfa826654f7036c4fc028227280f39c58724fbb5c5da29f6f15383b9ff436b:8,NVDA,v3,0x12cfa826654f7036c4fc028227280f39c58724fbb5c5da29f6f15383b9ff436b,8,58952732,2026-09-09T23:50:49+00:00,2026-09-09,buy_stock,2441987,-10913682301608689,-0.010913682301608689,2.441987,0.010913682301608689,0
4663:0x2011a026a22913839d87df762ada5d501dcf5e4fd22c8701e510eba131948e4e:63,NVDA,v3,0x2011a026a22913839d87df762ada5d501dcf5e4fd22c8701e510eba131948e4e,63,58952734,2026-09-09T23:50:49+00:00,2026-09-09,buy_stablecoin,-1638141,7328478347870399,0.007328478347870399,-1.638141,0,1.638141
4663:0xd3dd17980b4a03a6f1ce66b3ed61e7a4c18af5f3dd23408d7e38a2123891de9f:94,NVDA,v3,0xd3dd17980b4a03a6f1ce66b3ed61e7a4c18af5f3dd23408d7e38a2123891de9f,94,58952748,2026-09-09T23:50:51+00:00,2026-09-09,buy_stablecoin,-78543067,351374537737779844,0.351374537737779844,-78.543067,0,78.543067
4663:0x0b36853aa345f8d701af7b4a19bca029ee3b7c8a70d4aaaae8aa588511ae051a:7,NVDA,v3,0x0b36853aa345f8d701af7b4a19bca029ee3b7c8a70d4aaaae8aa588511ae051a,7,58952811,2026-09-09T23:50:57+00:00,2026-09-09,buy_stock,9551574,-42687725738913465,-0.042687725738913465,9.551574,0.042687725738913465,0
4663:0xfb79f20f2f8b3558a848b33bc6d0c6b98be979df875394bc2ab8836f6a4f3fbf:16,NVDA,v3,0xfb79f20f2f8b3558a848b33bc6d0c6b98be979df875394bc2ab8836f6a4f3fbf,16,58952825,2026-09-09T23:50:59+00:00,2026-09-09,buy_stablecoin,-2862208,12804534692541783,0.012804534692541783,-2.862208,0,2.862208
4663:0xa2a431428fa9da2b0850935ae0c6355676527406f256ce1c1c8a87e1d06ff612:21,NVDA,v3,0xa2a431428fa9da2b0850935ae0c6355676527406f256ce1c1c8a87e1d06ff612,21,58952887,2026-09-09T23:51:05+00:00,2026-09-09,buy_stablecoin,-15430776,69031970108346433,0.069031970108346433,-15.430776,0,15.430776
4663:0x34bed5fa267bfda1fc81f2906057f7a377cd7391dc66e69649c0eeb483dfb682:31,NVDA,v3,0x34bed5fa267bfda1fc81f2906057f7a377cd7391dc66e69649c0eeb483dfb682,31,58952984,2026-09-09T23:51:13+00:00,2026-09-09,buy_stock,146517781,-654814544067871917,-0.654814544067871917,146.517781,0.654814544067871917,0
4663:0xc7e70aa0c9876540d801c73c998f33cd5bc207f399e61dfd8d4b7ecfc25a4b8d:78,NVDA,v3,0xc7e70aa0c9876540d801c73c998f33cd5bc207f399e61dfd8d4b7ecfc25a4b8d,78,58952984,2026-09-09T23:51:13+00:00,2026-09-09,buy_stablecoin,-484880796,2169190280794533590,2.16919028079453359,-484.880796,0,484.880796
4663:0xeaa567f3af06df3656fd8cb26aaeef8d0fab9287916ea2e804a328dbeb90f871:10,NVDA,v3,0xeaa567f3af06df3656fd8cb26aaeef8d0fab9287916ea2e804a328dbeb90f871,10,58953198,2026-09-09T23:51:35+00:00,2026-09-09,buy_stablecoin,-31379537,140381417401798019,0.140381417401798019,-31.379537,0,31.379537
4663:0xfc7d31a4eb356f6e42c805f8bc8fa905e49f830c1a8135524badf30941c1e36f:9,NVDA,v3,0xfc7d31a4eb356f6e42c805f8bc8fa905e49f830c1a8135524badf30941c1e36f,9,58953257,2026-09-09T23:51:41+00:00,2026-09-09,buy_stock,42746784,-191043434750293137,-0.191043434750293137,42.746784,0.191043434750293137,0
4663:0xe2412fce0b9a3968e9bd42793d7c47e5cacc37eedb48a0940195e6aa638bba29:13,NVDA,v3,0xe2412fce0b9a3968e9bd42793d7c47e5cacc37eedb48a0940195e6aa638bba29,13,58953333,2026-09-09T23:51:49+00:00,2026-09-09,buy_stock,12203262,-54538671451195348,-0.054538671451195348,12.203262,0.054538671451195348,0
4663:0x5276ef59a8003fdf704153903b7db720dacb70b651b220e04e65e7dcb6b2c61f:53,NVDA,v3,0x5276ef59a8003fdf704153903b7db720dacb70b651b220e04e65e7dcb6b2c61f,53,58953333,2026-09-09T23:51:49+00:00,2026-09-09,buy_stock,12203258,-54538651049845320,-0.05453865104984532,12.203258,0.05453865104984532,0
4663:0xeddc16f25f92d1fd3f246d408c8ef0a2de29751f7c2faa5aa21ae75d2fbbaa4a:23,NVDA,v3,0xeddc16f25f92d1fd3f246d408c8ef0a2de29751f7c2faa5aa21ae75d2fbbaa4a,23,58953362,2026-09-09T23:51:52+00:00,2026-09-09,buy_stock,244260610,-1091646024724228461,-1.091646024724228461,244.26061,1.091646024724228461,0
4663:0xeb1d4ee6ad454f315a7f2d10f9a44cdc4330120a3e43be4fb082a16b73366325:14,NVDA,v3,0xeb1d4ee6ad454f315a7f2d10f9a44cdc4330120a3e43be4fb082a16b73366325,14,58953375,2026-09-09T23:51:53+00:00,2026-09-09,buy_stablecoin,-32531210,145533461928657538,0.145533461928657538,-32.53121,0,32.53121
4663:0xb9cc4ce9ee7cc04c4c8903f71aceb374b05c422835f83618559401889c7c9ce4:55,NVDA,v3,0xb9cc4ce9ee7cc04c4c8903f71aceb374b05c422835f83618559401889c7c9ce4,55,58953451,2026-09-09T23:52:01+00:00,2026-09-09,buy_stablecoin,-280435706,1254573750914239601,1.254573750914239601,-280.435706,0,280.435706
4663:0x4c64c75050fce580ce53e2ed95d0d9ae98284ee3e82007b64335281eccb95310:31,NVDA,v3,0x4c64c75050fce580ce53e2ed95d0d9ae98284ee3e82007b64335281eccb95310,31,58953465,2026-09-09T23:52:02+00:00,2026-09-09,buy_stock,23666197,-105768697047249397,-0.105768697047249397,23.666197,0.105768697047249397,0
4663:0x2828be42d088008d29104b17d5dabc63b5ae7a56cc6270b11089fc04ec646e9c:24,NVDA,v3,0x2828be42d088008d29104b17d5dabc63b5ae7a56cc6270b11089fc04ec646e9c,24,58953588,2026-09-09T23:52:15+00:00,2026-09-09,buy_stock,9388527,-41959093210306492,-0.041959093210306492,9.388527,0.041959093210306492,0
4663:0xc322b7c47551845bf69e999d9c07e9c6d6cc403ee5f916132d4ab59b70aa9266:23,NVDA,v3,0xc322b7c47551845bf69e999d9c07e9c6d6cc403ee5f916132d4ab59b70aa9266,23,58953605,2026-09-09T23:52:16+00:00,2026-09-09,buy_stock,3419709,-15283322971057740,-0.01528332297105774,3.419709,0.01528332297105774,0
4663:0xe633b05fb566497008bc06b5f0b45c74c8bac1e86679b68672b57b1e0210420d:20,NVDA,v3,0xe633b05fb566497008bc06b5f0b45c74c8bac1e86679b68672b57b1e0210420d,20,58953963,2026-09-09T23:52:53+00:00,2026-09-09,buy_stock,73282872,-327514907765204656,-0.327514907765204656,73.282872,0.327514907765204656,0
4663:0x272759a41f74de2868eecd71d96f5bcaeaf238f140fb61851e0eff8575799f47:13,NVDA,v3,0x272759a41f74de2868eecd71d96f5bcaeaf238f140fb61851e0eff8575799f47,13,58954036,2026-09-09T23:53:00+00:00,2026-09-09,buy_stablecoin,-102754128,459687085158618918,0.459687085158618918,-102.754128,0,102.754128
4663:0x058c382fd160431cb4b94de555dde1d880defe77f24df98ba9c5a33eaa453d78:30,NVDA,v3,0x058c382fd160431cb4b94de555dde1d880defe77f24df98ba9c5a33eaa453d78,30,58954036,2026-09-09T23:53:00+00:00,2026-09-09,buy_stablecoin,-99905273,446942448615386334,0.446942448615386334,-99.905273,0,99.905273
4663:0xff53dab9c3e6ef6aefb931e54619fc3a2bd10e2589802688b6af5631f961ec85:43,NVDA,v3,0xff53dab9c3e6ef6aefb931e54619fc3a2bd10e2589802688b6af5631f961ec85,43,58954042,2026-09-09T23:53:01+00:00,2026-09-09,buy_stock,195429254,-873410242686484744,-0.873410242686484744,195.429254,0.873410242686484744,0
4663:0x1a49b0668a791e9f81e4182473d8196ed8231c60adfaa728454e5a8475358a82:8,NVDA,v3,0x1a49b0668a791e9f81e4182473d8196ed8231c60adfaa728454e5a8475358a82,8,58954123,2026-09-09T23:53:09+00:00,2026-09-09,buy_stock,153295603,-685106548377811429,-0.685106548377811429,153.295603,0.685106548377811429,0
4663:0xabc9e460d5993c43fe3390b87d532726fe1aa5c232a8fe33dde5fcdc88b45b80:13,NVDA,v3,0xabc9e460d5993c43fe3390b87d532726fe1aa5c232a8fe33dde5fcdc88b45b80,13,58954126,2026-09-09T23:53:09+00:00,2026-09-09,buy_stablecoin,-14264321,63813685663975110,0.06381368566397511,-14.264321,0,14.264321
4663:0x096013c8b0a528b9ad4c1ef0ce86de556710a2bec113089ebfe0d3d67b702c7a:15,NVDA,v3,0x096013c8b0a528b9ad4c1ef0ce86de556710a2bec113089ebfe0d3d67b702c7a,15,58954176,2026-09-09T23:53:14+00:00,2026-09-09,buy_stablecoin,-43737007,195664403499455261,0.195664403499455261,-43.737007,0,43.737007
4663:0x901eded950d725314148cde3d6f5b395a584287f13e94c5534f284f767c23f24:8,NVDA,v3,0x901eded950d725314148cde3d6f5b395a584287f13e94c5534f284f767c23f24,8,58954239,2026-09-09T23:53:21+00:00,2026-09-09,buy_stock,9900000,-44244936585250794,-0.044244936585250794,9.9,0.044244936585250794,0
4663:0x6cb7303c8fe9c0f08bb5693734e60bf14b66fff9843358c360ebe0abb51741c3:8,NVDA,v3,0x6cb7303c8fe9c0f08bb5693734e60bf14b66fff9843358c360ebe0abb51741c3,8,58954285,2026-09-09T23:53:25+00:00,2026-09-09,buy_stock,317571769,-1419286270661983202,-1.419286270661983202,317.571769,1.419286270661983202,0
4663:0xc3a254dbd18c59c86509b7380fe7e24bc729723145d5d9699065b861b764fa83:18,NVDA,v3,0xc3a254dbd18c59c86509b7380fe7e24bc729723145d5d9699065b861b764fa83,18,58954597,2026-09-09T23:53:57+00:00,2026-09-09,buy_stock,90309516,-403609418654657818,-0.403609418654657818,90.309516,0.403609418654657818,0
4663:0x704370ea644d2cf3120d506eaf1ff39ac9fa1241f13e3ea0da706c715cfda9e4:35,NVDA,v3,0x704370ea644d2cf3120d506eaf1ff39ac9fa1241f13e3ea0da706c715cfda9e4,35,58954662,2026-09-09T23:54:03+00:00,2026-09-09,buy_stablecoin,-6365652,28477707645473903,0.028477707645473903,-6.365652,0,6.365652
4663:0x2f05e5a4af01ce66b7dd35cf2daa29d49fe05282c1c37718f63a94a1be520956:14,NVDA,v3,0x2f05e5a4af01ce66b7dd35cf2daa29d49fe05282c1c37718f63a94a1be520956,14,58954830,2026-09-09T23:54:20+00:00,2026-09-09,buy_stablecoin,-24386150,109095134812390643,0.109095134812390643,-24.38615,0,24.38615
4663:0x5132903542253824d9e8d52528dd5d76f60470be6af8fbd788b65ef2b8b1b980:27,NVDA,v3,0x5132903542253824d9e8d52528dd5d76f60470be6af8fbd788b65ef2b8b1b980,27,58954927,2026-09-09T23:54:30+00:00,2026-09-09,buy_stock,49708043,-222154119622802955,-0.222154119622802955,49.708043,0.222154119622802955,0
4663:0x6d72b56b099600df6bbaeec6fd8bc6ccf3079fec285401ee62ffe378747f4baf:17,NVDA,v3,0x6d72b56b099600df6bbaeec6fd8bc6ccf3079fec285401ee62ffe378747f4baf,17,58955007,2026-09-09T23:54:38+00:00,2026-09-09,buy_stablecoin,-53568876,239648469302751560,0.23964846930275156,-53.568876,0,53.568876
4663:0x26d1d4191743e04ee4dec02857c85946cce35cb6bc65aea7acf992e659a3c87d:7,NVDA,v3,0x26d1d4191743e04ee4dec02857c85946cce35cb6bc65aea7acf992e659a3c87d,7,58955072,2026-09-09T23:54:45+00:00,2026-09-09,buy_stock,49352107,-220563381587023281,-0.220563381587023281,49.352107,0.220563381587023281,0
4663:0xd03a38dd9152713cedda6a69e658b5e1bc14bb788d604b66e313ff3bfb77fd65:39,NVDA,v3,0xd03a38dd9152713cedda6a69e658b5e1bc14bb788d604b66e313ff3bfb77fd65,39,58955209,2026-09-09T23:54:59+00:00,2026-09-09,buy_stablecoin,-7696540,34431634564085889,0.034431634564085889,-7.69654,0,7.69654
4663:0x305baabec8287588377235fcd1cd683116bf8689bc3151bc9bb158dde0f7e667:3,NVDA,v3,0x305baabec8287588377235fcd1cd683116bf8689bc3151bc9bb158dde0f7e667,3,58955222,2026-09-09T23:55:00+00:00,2026-09-09,buy_stock,2604932681,-11641851607246064456,-11.641851607246064456,2604.932681,11.641851607246064456,0
4663:0xd9587200e26896cbdc64e6b518c423af97e8bff47c463e693ba463f1a67d8b86:10,NVDA,v3,0xd9587200e26896cbdc64e6b518c423af97e8bff47c463e693ba463f1a67d8b86,10,58955307,2026-09-09T23:55:09+00:00,2026-09-09,buy_stock,29309448,-130987854331494020,-0.13098785433149402,29.309448,0.13098785433149402,0
4663:0xfffe4e35eb3769d3d4308b6cbac5ae08b9df158db059aba5bb8789558c2125ba:19,NVDA,v3,0xfffe4e35eb3769d3d4308b6cbac5ae08b9df158db059aba5bb8789558c2125ba,19,58955364,2026-09-09T23:55:15+00:00,2026-09-09,buy_stablecoin,-10229925,45764662253516633,0.045764662253516633,-10.229925,0,10.229925
4663:0xdc5c66d5c3ffa7b0cc4adeb0c0feb2d4bef8a16d72c8e2385c0bc95f251b7c34:98,NVDA,v3,0xdc5c66d5c3ffa7b0cc4adeb0c0feb2d4bef8a16d72c8e2385c0bc95f251b7c34,98,58955453,2026-09-09T23:55:24+00:00,2026-09-09,buy_stablecoin,-156359943,699493077313794065,0.699493077313794065,-156.359943,0,156.359943
4663:0x5ca3d434888c4ceacb545942ddf4b7aa035c5b9b85e66a2c60e30dc55006e7b0:11,NVDA,v3,0x5ca3d434888c4ceacb545942ddf4b7aa035c5b9b85e66a2c60e30dc55006e7b0,11,58955482,2026-09-09T23:55:27+00:00,2026-09-09,buy_stablecoin,-106681354,477250789404493214,0.477250789404493214,-106.681354,0,106.681354
4663:0x0e582d321453471899afb8272284c7acd8ebd7ffee90e10a040d26b6c81ae5f9:41,NVDA,v3,0x0e582d321453471899afb8272284c7acd8ebd7ffee90e10a040d26b6c81ae5f9,41,58955559,2026-09-09T23:55:35+00:00,2026-09-09,buy_stablecoin,-156620694,700660272681280447,0.700660272681280447,-156.620694,0,156.620694
4663:0x9ce76997ff47892beddc9b3ce8023de1b16f322a9c39e7d90ba047832db7ddd4:37,NVDA,v3,0x9ce76997ff47892beddc9b3ce8023de1b16f322a9c39e7d90ba047832db7ddd4,37,58955802,2026-09-09T23:55:59+00:00,2026-09-09,buy_stablecoin,-38186957,170833706343747132,0.170833706343747132,-38.186957,0,38.186957
4663:0x6a2e4cda10b459094e5dcdb5b551fbc2532b9c5784beb206399272938d1e1906:55,NVDA,v3,0x6a2e4cda10b459094e5dcdb5b551fbc2532b9c5784beb206399272938d1e1906,55,58955802,2026-09-09T23:55:59+00:00,2026-09-09,buy_stock,2440984271,-10909054590926737376,-10.909054590926737376,2440.984271,10.909054590926737376,0
4663:0x3880df3a7d3fc7e4eabdb58dcd2f666890571d149949669188e5c1bed373655c:34,NVDA,v3,0x3880df3a7d3fc7e4eabdb58dcd2f666890571d149949669188e5c1bed373655c,34,58955855,2026-09-09T23:56:05+00:00,2026-09-09,buy_stablecoin,-163282840,730457939658169651,0.730457939658169651,-163.28284,0,163.28284
4663:0x757739fb991828ec8943ea716ec50e20159ef814dd7ad63253d8d58ad00b3777:9,NVDA,v3,0x757739fb991828ec8943ea716ec50e20159ef814dd7ad63253d8d58ad00b3777,9,58955885,2026-09-09T23:56:08+00:00,2026-09-09,buy_stock,2441447,-10911077702403081,-0.010911077702403081,2.441447,0.010911077702403081,0
4663:0xab4f32f579366d962dfbdd7d107d234d8c610dd0f39b71bc7c8a2b9ff6be6a79:8,NVDA,v3,0xab4f32f579366d962dfbdd7d107d234d8c610dd0f39b71bc7c8a2b9ff6be6a79,8,58955934,2026-09-09T23:56:13+00:00,2026-09-09,buy_stablecoin,-7917795,35420857691097805,0.035420857691097805,-7.917795,0,7.917795
4663:0xf79988d470561f818ddbc388675caa29c7c30af3650f315afb8094e5fa229326:16,NVDA,v3,0xf79988d470561f818ddbc388675caa29c7c30af3650f315afb8094e5fa229326,16,58955996,2026-09-09T23:56:19+00:00,2026-09-09,buy_stablecoin,-5792748,25914299649005851,0.025914299649005851,-5.792748,0,5.792748
4663:0x69cbe7d65ad3a9e6c1c16def6ce2e628dcdd11810316cc25bc8cfa81621a87b4:63,NVDA,v3,0x69cbe7d65ad3a9e6c1c16def6ce2e628dcdd11810316cc25bc8cfa81621a87b4,63,58956210,2026-09-09T23:56:40+00:00,2026-09-09,buy_stablecoin,-3965512,17740019602279267,0.017740019602279267,-3.965512,0,3.965512
4663:0x9b80f7e7c997daa313c9d1bf52c6fe88a8eca4d63c5f5c7229fb56128ee72df8:23,NVDA,v3,0x9b80f7e7c997daa313c9d1bf52c6fe88a8eca4d63c5f5c7229fb56128ee72df8,23,58956503,2026-09-09T23:57:10+00:00,2026-09-09,buy_stablecoin,-249365124,1115554378600424330,1.11555437860042433,-249.365124,0,249.365124
4663:0x93e863b04403b11c987459128069b5973c86f2fcc8e65873668c678461164470:21,NVDA,v3,0x93e863b04403b11c987459128069b5973c86f2fcc8e65873668c678461164470,21,58956702,2026-09-09T23:57:28+00:00,2026-09-09,buy_stablecoin,-7565101,33843089608865563,0.033843089608865563,-7.565101,0,7.565101
4663:0xd847946201c4d3523256dd1eecb7d5598d45f93776a3be4108f9b65e9f57465c:73,NVDA,v3,0xd847946201c4d3523256dd1eecb7d5598d45f93776a3be4108f9b65e9f57465c,73,58956828,2026-09-09T23:57:41+00:00,2026-09-09,buy_stablecoin,-63024102,281943425280110788,0.281943425280110788,-63.024102,0,63.024102
4663:0x7d2b7389c8ed3c0a9514b9d5acc0d5c62d457deb93459d3c48e266817aa02307:66,NVDA,v3,0x7d2b7389c8ed3c0a9514b9d5acc0d5c62d457deb93459d3c48e266817aa02307,66,58956967,2026-09-09T23:57:55+00:00,2026-09-09,buy_stablecoin,-63655310,284767251151152315,0.284767251151152315,-63.65531,0,63.65531
4663:0xdaacf96dcedc38c1797d193d25dfb0b3245f6a9d193fbefe74153623f11545d8:7,NVDA,v3,0xdaacf96dcedc38c1797d193d25dfb0b3245f6a9d193fbefe74153623f11545d8,7,58956975,2026-09-09T23:57:56+00:00,2026-09-09,buy_stablecoin,-38773111,173454726741575621,0.173454726741575621,-38.773111,0,38.773111
4663:0xfec98aae4016ae96a81a8695f6f0aa4ed8e34d7bb6315b281370bc8ce7b2cc69:75,NVDA,v3,0xfec98aae4016ae96a81a8695f6f0aa4ed8e34d7bb6315b281370bc8ce7b2cc69,75,58957083,2026-09-09T23:58:07+00:00,2026-09-09,buy_stablecoin,-86979879,389111795583243679,0.389111795583243679,-86.979879,0,86.979879
4663:0xcb29152daa63738a10674aa8fc4cbaff09131c31587fcb5deb9ff067a955cb03:15,NVDA,v3,0xcb29152daa63738a10674aa8fc4cbaff09131c31587fcb5deb9ff067a955cb03,15,58957122,2026-09-09T23:58:11+00:00,2026-09-09,buy_stock,4967331382,-22199353003719141133,-22.199353003719141133,4967.331382,22.199353003719141133,0
4663:0x4ed0bf322c78ce7de3d3588883e3001a140d6bd723b8532e2e2f73a92ddf3b70:9,NVDA,v3,0x4ed0bf322c78ce7de3d3588883e3001a140d6bd723b8532e2e2f73a92ddf3b70,9,58957283,2026-09-09T23:58:27+00:00,2026-09-09,buy_stock,48841768,-218275223573918489,-0.218275223573918489,48.841768,0.218275223573918489,0
4663:0xa8a864786df1407b65aa4626a09ca9616cd862b239c501ec4134a935e4323c25:9,NVDA,v3,0xa8a864786df1407b65aa4626a09ca9616cd862b239c501ec4134a935e4323c25,9,58957284,2026-09-09T23:58:27+00:00,2026-09-09,buy_stock,146525250,-654825187499482562,-0.654825187499482562,146.52525,0.654825187499482562,0
4663:0xeaf9910c800ac3c889167cb3deed5ba088e68742351010a17b7b2a6f892a902c:75,NVDA,v3,0xeaf9910c800ac3c889167cb3deed5ba088e68742351010a17b7b2a6f892a902c,75,58957285,2026-09-09T23:58:28+00:00,2026-09-09,buy_stock,49335082,-220479693055655235,-0.220479693055655235,49.335082,0.220479693055655235,0
4663:0xd94012b69bda060edd411d357320a1d4330ab02b6d01d16cd2ff5b23429f68ac:62,NVDA,v3,0xd94012b69bda060edd411d357320a1d4330ab02b6d01d16cd2ff5b23429f68ac,62,58957370,2026-09-09T23:58:36+00:00,2026-09-09,buy_stablecoin,-1580421,7070012143378382,0.007070012143378382,-1.580421,0,1.580421
4663:0x8eda27c7ed2ceca3cbd853d0881f4a1113d53256c97ea6a3a52d779071f440d5:8,NVDA,v3,0x8eda27c7ed2ceca3cbd853d0881f4a1113d53256c97ea6a3a52d779071f440d5,8,58957441,2026-09-09T23:58:43+00:00,2026-09-09,buy_stock,24420848,-109137353332529259,-0.109137353332529259,24.420848,0.109137353332529259,0
4663:0x70876a03f6c5e5c88e81831153846425c4f212280e9d8a9d21cf949c362085e7:10,NVDA,v3,0x70876a03f6c5e5c88e81831153846425c4f212280e9d8a9d21cf949c362085e7,10,58957665,2026-09-09T23:59:06+00:00,2026-09-09,buy_stablecoin,-64496491,288524842257108115,0.288524842257108115,-64.496491,0,64.496491
4663:0xb6788a2c17210a145f17932171a6a548e29de59d44b1a282efce72668c974924:12,NVDA,v3,0xb6788a2c17210a145f17932171a6a548e29de59d44b1a282efce72668c974924,12,58957666,2026-09-09T23:59:06+00:00,2026-09-09,buy_stablecoin,-120982533,541215155411119199,0.541215155411119199,-120.982533,0,120.982533
4663:0xa148909397c0d575b9cf64840104205c6e849cb8c064f0e98ba6ea87d24a7445:11,NVDA,v3,0xa148909397c0d575b9cf64840104205c6e849cb8c064f0e98ba6ea87d24a7445,11,58957667,2026-09-09T23:59:06+00:00,2026-09-09,buy_stablecoin,-37158900,166230328855711682,0.166230328855711682,-37.1589,0,37.1589
4663:0xf7459acf07ad7aa7fa31fbf72e9716643ff684e68e1e883e2d204009ad53a054:18,NVDA,v3,0xf7459acf07ad7aa7fa31fbf72e9716643ff684e68e1e883e2d204009ad53a054,18,58957728,2026-09-09T23:59:12+00:00,2026-09-09,buy_stablecoin,-132512783,592796077239910051,0.592796077239910051,-132.512783,0,132.512783
4663:0xe0b0c7466b375baf30a52b72662312468a28d0342aa6c5e235fa0f8749a22bd5:67,NVDA,v3,0xe0b0c7466b375baf30a52b72662312468a28d0342aa6c5e235fa0f8749a22bd5,67,58957795,2026-09-09T23:59:19+00:00,2026-09-09,buy_stablecoin,-156658236,700811169410005470,0.70081116941000547,-156.658236,0,156.658236
4663:0xbe862863f55aabd961e421332d118354adeb43ad561f12e914e82ec92437efd6:59,NVDA,v3,0xbe862863f55aabd961e421332d118354adeb43ad561f12e914e82ec92437efd6,59,58957801,2026-09-09T23:59:20+00:00,2026-09-09,buy_stablecoin,-171660656,767925026940069440,0.76792502694006944,-171.660656,0,171.660656
4663:0xa3bdfd4c81affc000221cd315d546f8cf20cd7703f032b2959d8e30ed39811a4:76,NVDA,v3,0xa3bdfd4c81affc000221cd315d546f8cf20cd7703f032b2959d8e30ed39811a4,76,58957801,2026-09-09T23:59:20+00:00,2026-09-09,buy_stablecoin,-166400556,744394411260331328,0.744394411260331328,-166.400556,0,166.400556
4663:0x2688afc9ae578925ce0e60e20fccb8ee33695445054d20630378a51e690beac1:24,NVDA,v3,0x2688afc9ae578925ce0e60e20fccb8ee33695445054d20630378a51e690beac1,24,58957829,2026-09-09T23:59:22+00:00,2026-09-09,buy_stablecoin,-28723614,128495398489891442,0.128495398489891442,-28.723614,0,28.723614
4663:0x49a673e256a2cc35b3663c9a681ff2a690427fd5c7fd79cade3711be37bd25e3:61,NVDA,v3,0x49a673e256a2cc35b3663c9a681ff2a690427fd5c7fd79cade3711be37bd25e3,61,58957970,2026-09-09T23:59:37+00:00,2026-09-09,buy_stock,122144105,-545866595399804818,-0.545866595399804818,122.144105,0.545866595399804818,0
4663:0x24df565280b4b030ae2aa248f43e3966ca17df799d03a33dad09f917b7dd59e7:35,NVDA,v3,0x24df565280b4b030ae2aa248f43e3966ca17df799d03a33dad09f917b7dd59e7,35,58957998,2026-09-09T23:59:40+00:00,2026-09-09,buy_stablecoin,-8303451,37145565258328574,0.037145565258328574,-8.303451,0,8.303451
4663:0xf22e6a7077009b4f1b56e0ec7ee77aeb60aaccb5729bb7db626bbde02a89c4ed:71,NVDA,v3,0xf22e6a7077009b4f1b56e0ec7ee77aeb60aaccb5729bb7db626bbde02a89c4ed,71,58958032,2026-09-09T23:59:43+00:00,2026-09-09,buy_stock,4962703,-22178498845833421,-0.022178498845833421,4.962703,0.022178498845833421,0
4663:0xe7b14ad58890ab3ffefec3e288259ff587dbb3a732afb6c52f2da89ae9db4e88:16,NVDA,v3,0xe7b14ad58890ab3ffefec3e288259ff587dbb3a732afb6c52f2da89ae9db4e88,16,58958065,2026-09-09T23:59:46+00:00,2026-09-09,buy_stablecoin,-156378796,699562163666925009,0.699562163666925009,-156.378796,0,156.378796
4663:0xf1ca1f78727a159da1d70b08650d7540960077428a1a108c791700f4764f03dd:18,NVDA,v3,0xf1ca1f78727a159da1d70b08650d7540960077428a1a108c791700f4764f03dd,18,58958088,2026-09-09T23:59:49+00:00,2026-09-09,buy_stablecoin,-13778234,61637096563914377,0.061637096563914377,-13.778234,0,13.778234
4663:0x802e0688f753cb328e27925cddbcf84b26f75502b520501966ebd00f23bc29a4:61,NVDA,v3,0x802e0688f753cb328e27925cddbcf84b26f75502b520501966ebd00f23bc29a4,61,58958178,2026-09-09T23:59:58+00:00,2026-09-09,buy_stock,99000000,-442434829221227676,-0.442434829221227676,99,0.442434829221227676,0
4663:0xe556f248266da7f6a115c7792a2f01c7acb31cda9fa25c128815a63c79d9de27:50,NVDA,v3,0xe556f248266da7f6a115c7792a2f01c7acb31cda9fa25c128815a63c79d9de27,50,58958179,2026-09-09T23:59:58+00:00,2026-09-09,buy_stock,1553265082,-6941580053712860266,-6.941580053712860266,1553.265082,6.941580053712860266,0
4663:0x13a9b9efc87064ab4d33a68fe50bffb8d35a88e00d508e78550a362d48a0e650:16,NVDA,v3,0x13a9b9efc87064ab4d33a68fe50bffb8d35a88e00d508e78550a362d48a0e650,16,58958201,2026-09-10T00:00:00+00:00,2026-09-10,buy_stock,22377449325,-100000000003806506875,-100.000000003806506875,22377.449325,100.000000003806506875,0
4663:0x7af12717684aea0384ad50b9f99270853132b30ba786325f88b590cd64321f82:11,NVDA,v3,0x7af12717684aea0384ad50b9f99270853132b30ba786325f88b590cd64321f82,11,58958203,2026-09-10T00:00:00+00:00,2026-09-10,buy_stablecoin,-87349688,390710543216299722,0.390710543216299722,-87.349688,0,87.349688
4663:0x941a59207299429f866f7a081f75130442216419265b839ec55762320ed69c23:85,NVDA,v3,0x941a59207299429f866f7a081f75130442216419265b839ec55762320ed69c23,85,58958265,2026-09-10T00:00:07+00:00,2026-09-10,buy_stock,3663445,-16370017309192469,-0.016370017309192469,3.663445,0.016370017309192469,0
4663:0x8bcbf304e519e7dd66b5116c5a00aa9b9ab8bcbf4c2b791f8253eb4d7688d99b:18,NVDA,v3,0x8bcbf304e519e7dd66b5116c5a00aa9b9ab8bcbf4c2b791f8253eb4d7688d99b,18,58958280,2026-09-10T00:00:08+00:00,2026-09-10,buy_stablecoin,-350992424,1569972987140553002,1.569972987140553002,-350.992424,0,350.992424
4663:0x3e563def7c4de398eafef4a95f06fc79d802ed94a8dd3bc908f659e27e9c44f8:8,NVDA,v3,0x3e563def7c4de398eafef4a95f06fc79d802ed94a8dd3bc908f659e27e9c44f8,8,58958282,2026-09-10T00:00:08+00:00,2026-09-10,buy_stock,3663419060,-16369729652939102935,-16.369729652939102935,3663.41906,16.369729652939102935,0
4663:0x0ddad7e4724254bd69e395defc4c62b281647c2d6b7a486aaf2e574beaded80b:27,NVDA,v3,0x0ddad7e4724254bd69e395defc4c62b281647c2d6b7a486aaf2e574beaded80b,27,58958282,2026-09-10T00:00:08+00:00,2026-09-10,buy_stablecoin,-1546328750,6916523615711548821,6.916523615711548821,-1546.32875,0,1546.32875
4663:0xf5bd11009dfe5b37159be0ade78695f3219a16bb3ea7516a6bbbf94f3e229150:59,NVDA,v3,0xf5bd11009dfe5b37159be0ade78695f3219a16bb3ea7516a6bbbf94f3e229150,59,58958282,2026-09-10T00:00:08+00:00,2026-09-10,buy_stablecoin,-232214362,1038670662390023363,1.038670662390023363,-232.214362,0,232.214362
4663:0xda97a08279e92fddfe1b06a39536529fbf1b497f0c301e4e380ef04b42598dfc:114,NVDA,v3,0xda97a08279e92fddfe1b06a39536529fbf1b497f0c301e4e380ef04b42598dfc,114,58958282,2026-09-10T00:00:08+00:00,2026-09-10,buy_stock,3663313348,-16369037447801673936,-16.369037447801673936,3663.313348,16.369037447801673936,0
4663:0x79d44c46c442363c023bc9dd9f06b5d1407460f46b764487ce76d7ec29f95032:184,NVDA,v3,0x79d44c46c442363c023bc9dd9f06b5d1407460f46b764487ce76d7ec29f95032,184,58958282,2026-09-10T00:00:08+00:00,2026-09-10,buy_stablecoin,-715610962,3200780548818896644,3.200780548818896644,-715.610962,0,715.610962
4663:0xdfb3e974f7852c78461e1c448797f006abce12d89bafda6668f3f439c987920a:18,NVDA,v3,0xdfb3e974f7852c78461e1c448797f006abce12d89bafda6668f3f439c987920a,18,58958345,2026-09-10T00:00:15+00:00,2026-09-10,buy_stablecoin,-257220407,1150497934713836746,1.150497934713836746,-257.220407,0,257.220407
4663:0x7ac1c75b2e3e6335fb02fedb6cfd6d64408ca94449c9ca9cc3a19e3aae7d22b2:18,NVDA,v3,0x7ac1c75b2e3e6335fb02fedb6cfd6d64408ca94449c9ca9cc3a19e3aae7d22b2,18,58958374,2026-09-10T00:00:18+00:00,2026-09-10,buy_stock,20979234,-93742385969277728,-0.093742385969277728,20.979234,0.093742385969277728,0
4663:0x8d8c4dc4de51bcb9ce3b429626ce66393bb9ffb797e2ab8c073cfe0fd6c3d5ec:50,NVDA,v3,0x8d8c4dc4de51bcb9ce3b429626ce66393bb9ffb797e2ab8c073cfe0fd6c3d5ec,50,58958385,2026-09-10T00:00:19+00:00,2026-09-10,buy_stock,246685585,-1102274452155470081,-1.102274452155470081,246.685585,1.102274452155470081,0
4663:0x496ab89528548abf42f36a82045c28dee2527f5fba0f67aa4e06ed7c3d8633cb:50,NVDA,v3,0x496ab89528548abf42f36a82045c28dee2527f5fba0f67aa4e06ed7c3d8633cb,50,58958476,2026-09-10T00:00:28+00:00,2026-09-10,buy_stablecoin,-597814238,2673912378370541382,2.673912378370541382,-597.814238,0,597.814238
4663:0x00ae62064d0e61b1d575978ee35adce3825f0e8c95639cb9d4cd21373b5ca31d:16,NVDA,v3,0x00ae62064d0e61b1d575978ee35adce3825f0e8c95639cb9d4cd21373b5ca31d,16,58958500,2026-09-10T00:00:30+00:00,2026-09-10,buy_stablecoin,-863011649,3860111390190580513,3.860111390190580513,-863.011649,0,863.011649
4663:0xf923fb0da38b778113b12ef40343e381e0e51ccaacce3b2610f005ede38013ae:35,NVDA,v3,0xf923fb0da38b778113b12ef40343e381e0e51ccaacce3b2610f005ede38013ae,35,58958533,2026-09-10T00:00:34+00:00,2026-09-10,buy_stock,122135972,-545749713590598748,-0.545749713590598748,122.135972,0.545749713590598748,0
4663:0x186233da2cae34d9708bc2d26180b0b38f8e8b3afefba8280ec81b44e5613339:19,NVDA,v3,0x186233da2cae34d9708bc2d26180b0b38f8e8b3afefba8280ec81b44e5613339,19,58958541,2026-09-10T00:00:34+00:00,2026-09-10,buy_stock,97713740,-436621602093300872,-0.436621602093300872,97.71374,0.436621602093300872,0
4663:0xfcfeb7ecd2831d0585ccb48388eaf628c2d22d2ddd025bece2a3e9cb5629f06e:8,NVDA,v3,0xfcfeb7ecd2831d0585ccb48388eaf628c2d22d2ddd025bece2a3e9cb5629f06e,8,58958628,2026-09-10T00:00:43+00:00,2026-09-10,buy_stock,24150359,-107912802369008011,-0.107912802369008011,24.150359,0.107912802369008011,0
4663:0xfebacc07a6d5bb2ff08943d844a9d1cfabb840f04c0aa97feadee1d865a5e688:18,NVDA,v3,0xfebacc07a6d5bb2ff08943d844a9d1cfabb840f04c0aa97feadee1d865a5e688,18,58958708,2026-09-10T00:00:51+00:00,2026-09-10,buy_stock,21732409096,-97100974988030247189,-97.100974988030247189,21732.409096,97.100974988030247189,0
4663:0x8461c9c124f079a11fe58b475eb72f170a1609c711d1d08d8b0e3769265dedc0:31,NVDA,v3,0x8461c9c124f079a11fe58b475eb72f170a1609c711d1d08d8b0e3769265dedc0,31,58958713,2026-09-10T00:00:52+00:00,2026-09-10,buy_stock,3197676482,-14286033174148207597,-14.286033174148207597,3197.676482,14.286033174148207597,0
4663:0xae671f513ca8ce481f4661615acca1ef3b976af78acc14c54882ff814c6a3310:37,NVDA,v3,0xae671f513ca8ce481f4661615acca1ef3b976af78acc14c54882ff814c6a3310,37,58958713,2026-09-10T00:00:52+00:00,2026-09-10,buy_stock,22384766288,-99997720903970952914,-99.997720903970952914,22384.766288,99.997720903970952914,0
4663:0x9e59b1c773b1422db81270a8730a378682da42bd1a58aab6ca5840f8b95202f6:40,NVDA,v3,0x9e59b1c773b1422db81270a8730a378682da42bd1a58aab6ca5840f8b95202f6,40,58958718,2026-09-10T00:00:52+00:00,2026-09-10,buy_stock,22388848402,-100000000001283287261,-100.000000001283287261,22388.848402,100.000000001283287261,0
4663:0x594319438bc70068b648b1d897a5664c0e8e82f4943837df602e54b74ab9d4af:87,NVDA,v3,0x594319438bc70068b648b1d897a5664c0e8e82f4943837df602e54b74ab9d4af,87,58958788,2026-09-10T00:00:59+00:00,2026-09-10,buy_stablecoin,-897141969,4010795899693764975,4.010795899693764975,-897.141969,0,897.141969
4663:0x293a556e8aa3abcd4e00267e7bde302516e14c60d6a87489fae34d9bc1d79bea:18,NVDA,v3,0x293a556e8aa3abcd4e00267e7bde302516e14c60d6a87489fae34d9bc1d79bea,18,58958815,2026-09-10T00:01:02+00:00,2026-09-10,buy_stock,21785570646,-97290761367545241639,-97.290761367545241639,21785.570646,97.290761367545241639,0
4663:0xd030f5745d2d62179f6a691e9f3bb24054bccdeea33c2560f184dd3209b0fcb7:26,NVDA,v3,0xd030f5745d2d62179f6a691e9f3bb24054bccdeea33c2560f184dd3209b0fcb7,26,58958836,2026-09-10T00:01:04+00:00,2026-09-10,buy_stock,324712911,-1449999999999999956,-1.449999999999999956,324.712911,1.449999999999999956,0
4663:0x6cc5c64f8c30d4186d623e84aeca5cfdd9a7a4ed49492dbafcde6ec19a47c11d:30,NVDA,v3,0x6cc5c64f8c30d4186d623e84aeca5cfdd9a7a4ed49492dbafcde6ec19a47c11d,30,58958836,2026-09-10T00:01:04+00:00,2026-09-10,buy_stock,998776832,-4459999999999999964,-4.459999999999999964,998.776832,4.459999999999999964,0
4663:0x9c899bb0c4dd2aebca0096affffa8b09672215cdaede08d412b4406cee572305:34,NVDA,v3,0x9c899bb0c4dd2aebca0096affffa8b09672215cdaede08d412b4406cee572305,34,58958836,2026-09-10T00:01:04+00:00,2026-09-10,buy_stock,678545267,-3029999999999999361,-3.029999999999999361,678.545267,3.029999999999999361,0
4663:0x70d0e210a0028cd352c3ce5a9a502e82d4b1572081c612ff109b7af2544d8ac9:41,NVDA,v3,0x70d0e210a0028cd352c3ce5a9a502e82d4b1572081c612ff109b7af2544d8ac9,41,58958836,2026-09-10T00:01:04+00:00,2026-09-10,buy_stock,21418316454,-95634577516429096092,-95.634577516429096092,21418.316454,95.634577516429096092,0
4663:0xaf87623d73f3b9e285f382a8014644cd424e04c15c4f7b12a2f04ef17fb0cfc4:5,NVDA,v3,0xaf87623d73f3b9e285f382a8014644cd424e04c15c4f7b12a2f04ef17fb0cfc4,5,58958837,2026-09-10T00:01:04+00:00,2026-09-10,buy_stablecoin,-659790457,2948749809507275450,2.94874980950727545,-659.790457,0,659.790457
4663:0x2a572bc4d0214435a8c2f54cfcdcebde8e0351cb0d4d570cb893dc6ff475309d:9,NVDA,v3,0x2a572bc4d0214435a8c2f54cfcdcebde8e0351cb0d4d570cb893dc6ff475309d,9,58958837,2026-09-10T00:01:04+00:00,2026-09-10,buy_stock,992217191,-4429999999999999716,-4.429999999999999716,992.217191,4.429999999999999716,0
4663:0x6dc35c110d7b58df2817b0c31258f19131aa883c224bcf7cb41b5fca232ebab8:15,NVDA,v3,0x6dc35c110d7b58df2817b0c31258f19131aa883c224bcf7cb41b5fca232ebab8,15,58958837,2026-09-10T00:01:04+00:00,2026-09-10,buy_stock,998943581,-4460000000000000853,-4.460000000000000853,998.943581,4.460000000000000853,0
4663:0xa952dd43bcb81ccde374dcc6fe7dc9bba84b8d92956c1adf223803c1d7d3bd1f:76,NVDA,v3,0xa952dd43bcb81ccde374dcc6fe7dc9bba84b8d92956c1adf223803c1d7d3bd1f,76,58958858,2026-09-10T00:01:06+00:00,2026-09-10,buy_stablecoin,-13979942479,62481835943595163659,62.481835943595163659,-13979.942479,0,13979.942479
4663:0x03b6730778afe3ffa83b0b044a7aaad801fcfa9849feae51ccd4744df20bfcd4:11,NVDA,v3,0x03b6730778afe3ffa83b0b044a7aaad801fcfa9849feae51ccd4744df20bfcd4,11,58958870,2026-09-10T00:01:08+00:00,2026-09-10,buy_stablecoin,-4918083,21981934516642309,0.021981934516642309,-4.918083,0,4.918083
4663:0x5a73fb793a1a0257d49e35b313ea295571f720c2f90cf2e44118027c1a44e4fe:23,NVDA,v3,0x5a73fb793a1a0257d49e35b313ea295571f720c2f90cf2e44118027c1a44e4fe,23,58958915,2026-09-10T00:01:12+00:00,2026-09-10,buy_stablecoin,-1732,7745587583105,0.000007745587583105,-0.001732,0,0.001732
4663:0x5b875342af2f6dc2ac264f47e5811c3e847a5774a2d83610b8d3188ab6ad7432:79,NVDA,v3,0x5b875342af2f6dc2ac264f47e5811c3e847a5774a2d83610b8d3188ab6ad7432,79,58958925,2026-09-10T00:01:13+00:00,2026-09-10,buy_stock,3244022591,-14484866670561870365,-14.484866670561870365,3244.022591,14.484866670561870365,0
4663:0xf33ddae4597b3847ba18d8837b151971f973cbf52c902b7dadb5c97098645211:3,NVDA,v3,0xf33ddae4597b3847ba18d8837b151971f973cbf52c902b7dadb5c97098645211,3,58958927,2026-09-10T00:01:13+00:00,2026-09-10,buy_stock,3072786905,-13719974410559200776,-13.719974410559200776,3072.786905,13.719974410559200776,0
4663:0xfab26f5250e83e86322174a27e20195fbe06311dd6451aa4aeb6db958b09140a:4,NVDA,v3,0xfab26f5250e83e86322174a27e20195fbe06311dd6451aa4aeb6db958b09140a,4,58958979,2026-09-10T00:01:19+00:00,2026-09-10,buy_stock,3094610474,-13817112901258960743,-13.817112901258960743,3094.610474,13.817112901258960743,0
4663:0xab737f7862f0ffcd848e4da027b9fe877b4f76edb544661d1c0203003bd6e03a:12,NVDA,v3,0xab737f7862f0ffcd848e4da027b9fe877b4f76edb544661d1c0203003bd6e03a,12,58958982,2026-09-10T00:01:19+00:00,2026-09-10,buy_stock,3273944502,-14617488956200051909,-14.617488956200051909,3273.944502,14.617488956200051909,0
4663:0x85c25046b513b8e097cc8c3ea542b6a048fa8647bea8851309d63ef65939e471:94,NVDA,v3,0x85c25046b513b8e097cc8c3ea542b6a048fa8647bea8851309d63ef65939e471,94,58958983,2026-09-10T00:01:19+00:00,2026-09-10,buy_stock,3102659412,-13852421551767359134,-13.852421551767359134,3102.659412,13.852421551767359134,0
4663:0x6ebe19b7288f8e0332e4fbe3fb30d7cdabb8dfd41da74bce6e021fcc794bb20d:10,NVDA,v3,0x6ebe19b7288f8e0332e4fbe3fb30d7cdabb8dfd41da74bce6e021fcc794bb20d,10,58959073,2026-09-10T00:01:28+00:00,2026-09-10,buy_stablecoin,-22125600,98881785307486357,0.098881785307486357,-22.1256,0,22.1256
4663:0xe22f4167340f683bd0c66e975f8f35b97b0d76ece27d0814e2afa6df4d7f9eed:10,NVDA,v3,0xe22f4167340f683bd0c66e975f8f35b97b0d76ece27d0814e2afa6df4d7f9eed,10,58959079,2026-09-10T00:01:29+00:00,2026-09-10,buy_stock,73301156,-327263500016282204,-0.327263500016282204,73.301156,0.327263500016282204,0
4663:0x133cfba5c054446cdba8067d262ee23df1d94cfabfff21672e4f54783629f891:64,NVDA,v3,0x133cfba5c054446cdba8067d262ee23df1d94cfabfff21672e4f54783629f891,64,58959095,2026-09-10T00:01:30+00:00,2026-09-10,buy_stablecoin,-250928611,1121428555718640966,1.121428555718640966,-250.928611,0,250.928611
4663:0xfee96adf89406ba176c17610b8612fb31bcd0692d4fdbf772694d8cb64cf9cf4:19,NVDA,v3,0xfee96adf89406ba176c17610b8612fb31bcd0692d4fdbf772694d8cb64cf9cf4,19,58959096,2026-09-10T00:01:31+00:00,2026-09-10,buy_stablecoin,-26152926,116880521727631744,0.116880521727631744,-26.152926,0,26.152926
4663:0x67876f7a3b976666dd70109dbec3c134e5ccde725c0a766b7dd1f0ab00857528:6,NVDA,v3,0x67876f7a3b976666dd70109dbec3c134e5ccde725c0a766b7dd1f0ab00857528,6,58959101,2026-09-10T00:01:31+00:00,2026-09-10,buy_stock,158400000,-707200283524596689,-0.707200283524596689,158.4,0.707200283524596689,0
4663:0xbb427f9804961a9509d51e147d4efc2a4bad87b93236e9b20f097c72ae48b3f5:31,NVDA,v3,0xbb427f9804961a9509d51e147d4efc2a4bad87b93236e9b20f097c72ae48b3f5,31,58959101,2026-09-10T00:01:31+00:00,2026-09-10,buy_stablecoin,-2605756,11645421631950574,0.011645421631950574,-2.605756,0,2.605756
4663:0x6f2ff6883f29c7e2e5e3fb7fd5a9f5c502b327466895670345719d52e88f3f2b:6,NVDA,v3,0x6f2ff6883f29c7e2e5e3fb7fd5a9f5c502b327466895670345719d52e88f3f2b,6,58959120,2026-09-10T00:01:33+00:00,2026-09-10,buy_stablecoin,-2418761481,10809813548540460192,10.809813548540460192,-2418.761481,0,2418.761481
4663:0xdb3b8f7079aceb0842ff24241b95a04c6a6bfa56022c1189edfaf03285a16de5:32,NVDA,v3,0xdb3b8f7079aceb0842ff24241b95a04c6a6bfa56022c1189edfaf03285a16de5,32,58959134,2026-09-10T00:01:34+00:00,2026-09-10,buy_stock,123402588,-550958103269891033,-0.550958103269891033,123.402588,0.550958103269891033,0
4663:0x9a068704fb1a069cb14ff6f8934ee2ce4ef0069e5d0c7a7fcda5fd97bb71f4b3:15,NVDA,v3,0x9a068704fb1a069cb14ff6f8934ee2ce4ef0069e5d0c7a7fcda5fd97bb71f4b3,15,58959175,2026-09-10T00:01:38+00:00,2026-09-10,buy_stablecoin,-108093082,483088377407871277,0.483088377407871277,-108.093082,0,108.093082
4663:0x21bc891d0686b6ceebf8ac44d6307c07d5bd50fe3e4298bc08f1c1c2240a0d83:109,NVDA,v3,0x21bc891d0686b6ceebf8ac44d6307c07d5bd50fe3e4298bc08f1c1c2240a0d83,109,58959178,2026-09-10T00:01:39+00:00,2026-09-10,buy_stablecoin,-328340460,1467417750216487189,1.467417750216487189,-328.34046,0,328.34046
4663:0x16b32745a65eba249a612a18357988c58c8e1805492eea64b155ec909ec02cfa:74,NVDA,v3,0x16b32745a65eba249a612a18357988c58c8e1805492eea64b155ec909ec02cfa,74,58959197,2026-09-10T00:01:41+00:00,2026-09-10,buy_stock,733180559,-3273446713454049801,-3.273446713454049801,733.180559,3.273446713454049801,0
4663:0xa7cc9768a09e351453895ebf907763bd59f5673622a7fb9d468d64d21e652ed6:33,NVDA,v3,0xa7cc9768a09e351453895ebf907763bd59f5673622a7fb9d468d64d21e652ed6,33,58959207,2026-09-10T00:01:42+00:00,2026-09-10,buy_stock,425761776,-1900899738401952288,-1.900899738401952288,425.761776,1.900899738401952288,0
4663:0x3d47f66d35f709b4d1f81799d8e25f612e7d403ce11a5f780cb70ef740d41405:26,NVDA,v3,0x3d47f66d35f709b4d1f81799d8e25f612e7d403ce11a5f780cb70ef740d41405,26,58959221,2026-09-10T00:01:43+00:00,2026-09-10,buy_stablecoin,-3945597,17633521974455460,0.01763352197445546,-3.945597,0,3.945597
4663:0x88ca80e9c3899c8b0d473fe29f0bcc01c9923ba9defe39362ca4917522c035ef:21,NVDA,v3,0x88ca80e9c3899c8b0d473fe29f0bcc01c9923ba9defe39362ca4917522c035ef,21,58959275,2026-09-10T00:01:49+00:00,2026-09-10,buy_stablecoin,-10578194,47275690340607636,0.047275690340607636,-10.578194,0,10.578194
4663:0x9ab2bead63167292beb810af35c310e86bd7b1b63feea8f56e1f6c07e8200b28:173,NVDA,v3,0x9ab2bead63167292beb810af35c310e86bd7b1b63feea8f56e1f6c07e8200b28,173,58959330,2026-09-10T00:01:54+00:00,2026-09-10,buy_stablecoin,-104485007,466960848947230720,0.46696084894723072,-104.485007,0,104.485007
4663:0x21813f5f1976beabf4025c64ed0a85911bb1d486f3f8ca050eabde67ea79473d:12,NVDA,v3,0x21813f5f1976beabf4025c64ed0a85911bb1d486f3f8ca050eabde67ea79473d,12,58959346,2026-09-10T00:01:56+00:00,2026-09-10,buy_stablecoin,-101482043,453540438310514267,0.453540438310514267,-101.482043,0,101.482043
4663:0xe7cb0f53d18deaf1024401c0fde7d5a1f86a342751e71396464218c8401bd34b:10,NVDA,v3,0xe7cb0f53d18deaf1024401c0fde7d5a1f86a342751e71396464218c8401bd34b,10,58959348,2026-09-10T00:01:56+00:00,2026-09-10,buy_stablecoin,-112890028,504525040704948050,0.50452504070494805,-112.890028,0,112.890028
4663:0x62d980ea1ec7681868afdcbdd418416a3b99144375a88b7bd2a22b7df2e30f16:64,NVDA,v3,0x62d980ea1ec7681868afdcbdd418416a3b99144375a88b7bd2a22b7df2e30f16,64,58959363,2026-09-10T00:01:57+00:00,2026-09-10,buy_stablecoin,-16891369,75490482290306856,0.075490482290306856,-16.891369,0,16.891369
4663:0x4b05a285579dc9b334d0452c36fc5e5e4266cd2580be3a87bdc0ac951ef4e25f:14,NVDA,v3,0x4b05a285579dc9b334d0452c36fc5e5e4266cd2580be3a87bdc0ac951ef4e25f,14,58959371,2026-09-10T00:01:58+00:00,2026-09-10,buy_stablecoin,-706629,3158053048452043,0.003158053048452043,-0.706629,0,0.706629
4663:0x9f6b8d9888ff90238c422c487bcb73ebe81b9aebd44785f4f7809e2a52108946:45,NVDA,v3,0x9f6b8d9888ff90238c422c487bcb73ebe81b9aebd44785f4f7809e2a52108946,45,58959372,2026-09-10T00:01:58+00:00,2026-09-10,buy_stock,114756185,-512352537059149970,-0.51235253705914997,114.756185,0.51235253705914997,0
4663:0xb70630bb762b313497b739b297f03f9a49b4bd4eeff01138c00ce3205e94a552:29,NVDA,v3,0xb70630bb762b313497b739b297f03f9a49b4bd4eeff01138c00ce3205e94a552,29,58959410,2026-09-10T00:02:02+00:00,2026-09-10,buy_stablecoin,-158762327,709536466789780434,0.709536466789780434,-158.762327,0,158.762327
4663:0x18763a1160e6b899661660e2b9097740081528c948d3ebfda974d6e1eaa6c331:46,NVDA,v3,0x18763a1160e6b899661660e2b9097740081528c948d3ebfda974d6e1eaa6c331,46,58959410,2026-09-10T00:02:02+00:00,2026-09-10,buy_stablecoin,-294584823,1316552963701482036,1.316552963701482036,-294.584823,0,294.584823
4663:0xc7f3c22229cc39f563552c37ebb1344d273e369479702b27abccd5bc27ce2c10:14,NVDA,v3,0xc7f3c22229cc39f563552c37ebb1344d273e369479702b27abccd5bc27ce2c10,14,58959437,2026-09-10T00:02:05+00:00,2026-09-10,buy_stablecoin,-239455914,1070173916273537029,1.070173916273537029,-239.455914,0,239.455914
4663:0x247601bdbb50f63752d655ac7f6cf7b608ad69f3aeade2677eec6470ffca9daa:31,NVDA,v3,0x247601bdbb50f63752d655ac7f6cf7b608ad69f3aeade2677eec6470ffca9daa,31,58959437,2026-09-10T00:02:05+00:00,2026-09-10,buy_stablecoin,-172164880,769438643830156231,0.769438643830156231,-172.16488,0,172.16488
4663:0xde684126e556b59036d939913f9a2ebcfecc0dd7dc8a20afd5ce30b4ec6716d6:27,NVDA,v3,0xde684126e556b59036d939913f9a2ebcfecc0dd7dc8a20afd5ce30b4ec6716d6,27,58959441,2026-09-10T00:02:05+00:00,2026-09-10,buy_stablecoin,-112685191,503612750910964450,0.50361275091096445,-112.685191,0,112.685191
4663:0x0c27c457c5006073ed79f74db3d2c975db6b8e548c885a9c7528869938d4cd59:13,NVDA,v3,0x0c27c457c5006073ed79f74db3d2c975db6b8e548c885a9c7528869938d4cd59,13,58959455,2026-09-10T00:02:07+00:00,2026-09-10,buy_stock,24431714,-109081107175582077,-0.109081107175582077,24.431714,0.109081107175582077,0
4663:0x1627879b18bb7a2762e0b3aa2925e9121686290fa045b4cac7c521df11ad7ff0:65,NVDA,v3,0x1627879b18bb7a2762e0b3aa2925e9121686290fa045b4cac7c521df11ad7ff0,65,58959558,2026-09-10T00:02:17+00:00,2026-09-10,buy_stablecoin,-11817422,52814448331318538,0.052814448331318538,-11.817422,0,11.817422
4663:0x3eed2c5aedcabeec91a9fcec593733ab7917e6e67a3a42e1f3f142130b9ee422:10,NVDA,v3,0x3eed2c5aedcabeec91a9fcec593733ab7917e6e67a3a42e1f3f142130b9ee422,10,58959570,2026-09-10T00:02:18+00:00,2026-09-10,buy_stablecoin,-304238440,1359704590617517585,1.359704590617517585,-304.23844,0,304.23844
4663:0xdfdf1794ee8f2ca6e709603739a71fdce906002b22161d1b4f522ff925304a51:14,NVDA,v3,0xdfdf1794ee8f2ca6e709603739a71fdce906002b22161d1b4f522ff925304a51,14,58959647,2026-09-10T00:02:26+00:00,2026-09-10,buy_stablecoin,-75169332,335947766294850131,0.335947766294850131,-75.169332,0,75.169332
4663:0x4f47f20526b1539f74b83bef725a3577d9332e34ef634c29046539a479be281f:45,NVDA,v3,0x4f47f20526b1539f74b83bef725a3577d9332e34ef634c29046539a479be281f,45,58959659,2026-09-10T00:02:27+00:00,2026-09-10,buy_stock,244381049,-1091098410880819547,-1.091098410880819547,244.381049,1.091098410880819547,0
4663:0x8cce48a3a58d4b0fb5e879d0cdfe9ee89c28dde75b9047134a53d32be4b4d674:45,NVDA,v3,0x8cce48a3a58d4b0fb5e879d0cdfe9ee89c28dde75b9047134a53d32be4b4d674,45,58959666,2026-09-10T00:02:28+00:00,2026-09-10,buy_stablecoin,-59665893,266659255666125908,0.266659255666125908,-59.665893,0,59.665893
4663:0x87c8d9c3c29bd2ee5cc5261eb4c9b1fdaf0628970fd8bc15e185bf95b0e67908:31,NVDA,v3,0x87c8d9c3c29bd2ee5cc5261eb4c9b1fdaf0628970fd8bc15e185bf95b0e67908,31,58959765,2026-09-10T00:02:38+00:00,2026-09-10,buy_stock,17279353,-77147818146788809,-0.077147818146788809,17.279353,0.077147818146788809,0
4663:0x84b43801b79de2c7988b0ef3d9bfb7ca009b1977345ce37bf3083a1a5810f790:60,NVDA,v3,0x84b43801b79de2c7988b0ef3d9bfb7ca009b1977345ce37bf3083a1a5810f790,60,58959859,2026-09-10T00:02:48+00:00,2026-09-10,buy_stablecoin,-8042532706,35944780980223146703,35.944780980223146703,-8042.532706,0,8042.532706
4663:0x5d4e6703daa14967476afe8b918d5fe87dcd495ed1e7be7b9d056380e78ca0c2:36,NVDA,v3,0x5d4e6703daa14967476afe8b918d5fe87dcd495ed1e7be7b9d056380e78ca0c2,36,58959903,2026-09-10T00:02:52+00:00,2026-09-10,buy_stock,4311092,-19249005284404447,-0.019249005284404447,4.311092,0.019249005284404447,0
4663:0xc2fbaccf45f8cf6b6e0341a2c64dc4d87a1064be61eb703d9999758302d9822a:11,NVDA,v3,0xc2fbaccf45f8cf6b6e0341a2c64dc4d87a1064be61eb703d9999758302d9822a,11,58959934,2026-09-10T00:02:55+00:00,2026-09-10,buy_stock,73325787,-327399233812262266,-0.327399233812262266,73.325787,0.327399233812262266,0
4663:0xf253865f8ba9d1046bcc1d5f45e3c62f3adb42edabb011b1c00fa464a8b38e21:23,NVDA,v3,0xf253865f8ba9d1046bcc1d5f45e3c62f3adb42edabb011b1c00fa464a8b38e21,23,58959947,2026-09-10T00:02:57+00:00,2026-09-10,buy_stablecoin,-53758813,240273002262737819,0.240273002262737819,-53.758813,0,53.758813
4663:0xfc35978132998b41eb2dc727b73986d99706ca993eb55157578543ba2a670cad:60,NVDA,v3,0xfc35978132998b41eb2dc727b73986d99706ca993eb55157578543ba2a670cad,60,58960013,2026-09-10T00:03:03+00:00,2026-09-10,buy_stablecoin,-1002188557,4479261051144053558,4.479261051144053558,-1002.188557,0,1002.188557
4663:0xf92a6e61e536da316a1149f0875663d03173a8ab18b256ea5fa66d02fd7f52de:46,NVDA,v3,0xf92a6e61e536da316a1149f0875663d03173a8ab18b256ea5fa66d02fd7f52de,46,58960062,2026-09-10T00:03:08+00:00,2026-09-10,buy_stablecoin,-79975268,357449187066342243,0.357449187066342243,-79.975268,0,79.975268
4663:0xb0f4e0ec3884d54d9d1ed1c826976a8756b5bdd72f96754fed1c7e2b01db9d83:20,NVDA,v3,0xb0f4e0ec3884d54d9d1ed1c826976a8756b5bdd72f96754fed1c7e2b01db9d83,20,58960063,2026-09-10T00:03:08+00:00,2026-09-10,buy_stablecoin,-105444509,471284184387520836,0.471284184387520836,-105.444509,0,105.444509
4663:0xdbea722c1c109093af9cd9e25ee448d4a2f2198eeb4d68a43c07212538b46a73:67,NVDA,v3,0xdbea722c1c109093af9cd9e25ee448d4a2f2198eeb4d68a43c07212538b46a73,67,58960072,2026-09-10T00:03:09+00:00,2026-09-10,buy_stablecoin,-7116915134,31809867819572321760,31.80986781957232176,-7116.915134,0,7116.915134
4663:0x285ce595ae647a4c98e237db4f273e553286966b82e7060fc9cca324e7654134:89,NVDA,v3,0x285ce595ae647a4c98e237db4f273e553286966b82e7060fc9cca324e7654134,89,58960072,2026-09-10T00:03:09+00:00,2026-09-10,buy_stablecoin,-7039383245,31464917928746882165,31.464917928746882165,-7039.383245,0,7039.383245
4663:0x8876ccecf23611bbe05420c06b318d321a929217572119fa1ba06b4ca4512df4:16,NVDA,v3,0x8876ccecf23611bbe05420c06b318d321a929217572119fa1ba06b4ca4512df4,16,58960073,2026-09-10T00:03:09+00:00,2026-09-10,buy_stablecoin,-7045933874,31495779593452775372,31.495779593452775372,-7045.933874,0,7045.933874
4663:0x07867dfd450bd11d33890c06e7c5998a8d3492b71c073e2dfc640f51bdeb8aac:35,NVDA,v3,0x07867dfd450bd11d33890c06e7c5998a8d3492b71c073e2dfc640f51bdeb8aac,35,58960167,2026-09-10T00:03:19+00:00,2026-09-10,buy_stablecoin,-7027558970,31415218657788279191,31.415218657788279191,-7027.55897,0,7027.55897
4663:0xf90c4f85d9e8a81bed64552ae09bb366208b389d961c378177e4d119af1e5c58:52,NVDA,v3,0xf90c4f85d9e8a81bed64552ae09bb366208b389d961c378177e4d119af1e5c58,52,58960168,2026-09-10T00:03:19+00:00,2026-09-10,buy_stablecoin,-4106771,18358917215368456,0.018358917215368456,-4.106771,0,4.106771
4663:0xa5f78b45eab21afcdcc2c1cea4635d28784ae73c56c25e00c959ba338913f207:33,NVDA,v3,0xa5f78b45eab21afcdcc2c1cea4635d28784ae73c56c25e00c959ba338913f207,33,58960173,2026-09-10T00:03:19+00:00,2026-09-10,buy_stock,244436690,-1091636611906344107,-1.091636611906344107,244.43669,1.091636611906344107,0
4663:0x41b323937e74c7a37aa95202fcca07caf68ef43e6ce4ba9536bd08224fa43fab:35,NVDA,v3,0x41b323937e74c7a37aa95202fcca07caf68ef43e6ce4ba9536bd08224fa43fab,35,58960222,2026-09-10T00:03:24+00:00,2026-09-10,buy_stock,12221553,-54580522669296484,-0.054580522669296484,12.221553,0.054580522669296484,0
4663:0xfc3e81d5f875cb7911f2d9d561dd3881cdec2f354f7b7b361e54abffcbc0aa98:27,NVDA,v3,0xfc3e81d5f875cb7911f2d9d561dd3881cdec2f354f7b7b361e54abffcbc0aa98,27,58960273,2026-09-10T00:03:30+00:00,2026-09-10,buy_stock,131507549,-587302383128408376,-0.587302383128408376,131.507549,0.587302383128408376,0
4663:0xb6a87684a271052b2ed40d6844694d7328c27b98b2ad102105387c20ef6096a3:36,NVDA,v3,0xb6a87684a271052b2ed40d6844694d7328c27b98b2ad102105387c20ef6096a3,36,58960319,2026-09-10T00:03:34+00:00,2026-09-10,buy_stock,244372707,-1091347849830983327,-1.091347849830983327,244.372707,1.091347849830983327,0
4663:0x34cbe69018ef120d35a5ee3cb6a78ea318c86f0ece2ec4a52471e4fb7c2bd0db:64,NVDA,v3,0x34cbe69018ef120d35a5ee3cb6a78ea318c86f0ece2ec4a52471e4fb7c2bd0db,64,58960370,2026-09-10T00:03:39+00:00,2026-09-10,buy_stablecoin,-14193188,63448959415068380,0.06344895941506838,-14.193188,0,14.193188
4663:0x3b0fcf8db7817a9ff118864d332b621494417bd0dcb38e17619178618931ac4a:41,NVDA,v3,0x3b0fcf8db7817a9ff118864d332b621494417bd0dcb38e17619178618931ac4a,41,58960382,2026-09-10T00:03:41+00:00,2026-09-10,buy_stock,750000000,-3349425074266317881,-3.349425074266317881,750,3.349425074266317881,0
4663:0x08d4d588cdbfd179154fd0fe626f54e595aa10e2d6a6939fa5f404c11892ee47:52,NVDA,v3,0x08d4d588cdbfd179154fd0fe626f54e595aa10e2d6a6939fa5f404c11892ee47,52,58960382,2026-09-10T00:03:41+00:00,2026-09-10,buy_stock,750000000,-3349407172487007621,-3.349407172487007621,750,3.349407172487007621,0
4663:0x03f7b1310a3313061b06a8768e84ec61f5f58d8568ecbf0c21b378315d3fabc1:20,NVDA,v3,0x03f7b1310a3313061b06a8768e84ec61f5f58d8568ecbf0c21b378315d3fabc1,20,58960386,2026-09-10T00:03:41+00:00,2026-09-10,buy_stablecoin,-327001158,1461805940731420510,1.46180594073142051,-327.001158,0,327.001158
4663:0xa317d321c31a8b7c250f643570ce58ab010bcaf3c75da7077f46d52b65596311:324,NVDA,v3,0xa317d321c31a8b7c250f643570ce58ab010bcaf3c75da7077f46d52b65596311,324,58960389,2026-09-10T00:03:41+00:00,2026-09-10,buy_stablecoin,-241194534,1078223449482834130,1.07822344948283413,-241.194534,0,241.194534
4663:0x2be643f85801c5f823e01f21aa339c98ee0c501b6f8d0feffb96b4d13dd23525:12,NVDA,v3,0x2be643f85801c5f823e01f21aa339c98ee0c501b6f8d0feffb96b4d13dd23525,12,58960392,2026-09-10T00:03:42+00:00,2026-09-10,buy_stablecoin,-237799248,1063047157014530820,1.06304715701453082,-237.799248,0,237.799248
4663:0xaa30115ff20c99bf595f3cd03178fd10f7eacb76db7ae80c18deada936c68969:12,NVDA,v3,0xaa30115ff20c99bf595f3cd03178fd10f7eacb76db7ae80c18deada936c68969,12,58960394,2026-09-10T00:03:42+00:00,2026-09-10,buy_stock,24432390,-109112352088457273,-0.109112352088457273,24.43239,0.109112352088457273,0
4663:0x6e1d94aa1ae033370b1d9a342cff11770da30ae8d4918bcca2583cf98004582f:10,NVDA,v3,0x6e1d94aa1ae033370b1d9a342cff11770da30ae8d4918bcca2583cf98004582f,10,58960532,2026-09-10T00:03:56+00:00,2026-09-10,buy_stock,247500000,-1105306597742370289,-1.105306597742370289,247.5,1.105306597742370289,0
4663:0x5bb84790d2b329021cd5f9369107690561e5230f33204866d858431f127fdf49:37,NVDA,v3,0x5bb84790d2b329021cd5f9369107690561e5230f33204866d858431f127fdf49,37,58960586,2026-09-10T00:03:59+00:00,2026-09-10,buy_stablecoin,-746850,3338684255745547,0.003338684255745547,-0.74685,0,0.74685
4663:0x60cf9830f690505fdc654085877b1cdd60d3358a91f9112d2f6a06a0286b3c9d:50,NVDA,v3,0x60cf9830f690505fdc654085877b1cdd60d3358a91f9112d2f6a06a0286b3c9d,50,58960812,2026-09-10T00:04:22+00:00,2026-09-10,buy_stock,2298054,-10262832019658514,-0.010262832019658514,2.298054,0.010262832019658514,0
4663:0xff77e9e3138d6b433f65596a33d9967294c55950481395e39df62fc92175aa3e:21,NVDA,v3,0xff77e9e3138d6b433f65596a33d9967294c55950481395e39df62fc92175aa3e,21,58960844,2026-09-10T00:04:25+00:00,2026-09-10,buy_stock,1569953597,-7011187119633870863,-7.011187119633870863,1569.953597,7.011187119633870863,0
4663:0xea821c272d4563e0ae3e96f38edaff1ba4254e16dba243b77ee1c4f66e745e53:66,NVDA,v3,0xea821c272d4563e0ae3e96f38edaff1ba4254e16dba243b77ee1c4f66e745e53,66,58960844,2026-09-10T00:04:25+00:00,2026-09-10,buy_stock,202821885,-905767665858822481,-0.905767665858822481,202.821885,0.905767665858822481,0
4663:0x7c4157261e49463a5406a71427c459ca66f2c695870bd2f041aa8fbc3997a38b:222,NVDA,v3,0x7c4157261e49463a5406a71427c459ca66f2c695870bd2f041aa8fbc3997a38b,222,58960865,2026-09-10T00:04:28+00:00,2026-09-10,buy_stock,191681438,-856015140721405661,-0.856015140721405661,191.681438,0.856015140721405661,0
4663:0x5dd5387f3a8a392a3deeb35d25918d03540c27190172ae726961ecb676218363:38,NVDA,v3,0x5dd5387f3a8a392a3deeb35d25918d03540c27190172ae726961ecb676218363,38,58960931,2026-09-10T00:04:34+00:00,2026-09-10,buy_stablecoin,-20753839,92775646442629611,0.092775646442629611,-20.753839,0,20.753839
4663:0xb4e0cf64446ed8ee08d2e679b5b0c27fe31ed614e91af7f4ef6c0fcadd805782:56,NVDA,v3,0xb4e0cf64446ed8ee08d2e679b5b0c27fe31ed614e91af7f4ef6c0fcadd805782,56,58961019,2026-09-10T00:04:43+00:00,2026-09-10,buy_stock,246614778,-1101336088848263512,-1.101336088848263512,246.614778,1.101336088848263512,0
4663:0xaef74070d506f6b61cc46f754fcae5569471ee067cdc10e074e63344dc4bd575:24,NVDA,v3,0xaef74070d506f6b61cc46f754fcae5569471ee067cdc10e074e63344dc4bd575,24,58961081,2026-09-10T00:04:49+00:00,2026-09-10,buy_stock,133192661,-594813038490843816,-0.594813038490843816,133.192661,0.594813038490843816,0
4663:0xd903b5177faa591fbd7471a13fa29effc81c7ff3842811f098ded75f57f98e22:39,NVDA,v3,0xd903b5177faa591fbd7471a13fa29effc81c7ff3842811f098ded75f57f98e22,39,58961081,2026-09-10T00:04:49+00:00,2026-09-10,buy_stock,113460361,-506691901097710942,-0.506691901097710942,113.460361,0.506691901097710942,0
4663:0x176f050549a5e8d90e74f29bd72b36593589435b5bdb41397e3d55e79a8359fd:66,NVDA,v3,0x176f050549a5e8d90e74f29bd72b36593589435b5bdb41397e3d55e79a8359fd,66,58961123,2026-09-10T00:04:54+00:00,2026-09-10,buy_stablecoin,-2991134,13371188307442869,0.013371188307442869,-2.991134,0,2.991134
4663:0x619797f6649f838610e787237e72049fbae5fac05a7608aa4f3843fcb9282453:27,NVDA,v3,0x619797f6649f838610e787237e72049fbae5fac05a7608aa4f3843fcb9282453,27,58961219,2026-09-10T00:05:03+00:00,2026-09-10,buy_stock,36669087,-163756924443928518,-0.163756924443928518,36.669087,0.163756924443928518,0
4663:0xd9b9560e35455ee406ca2fb89b0ce554124c4bba7e87c99713ba6c57cb4a1f60:28,NVDA,v3,0xd9b9560e35455ee406ca2fb89b0ce554124c4bba7e87c99713ba6c57cb4a1f60,28,58961223,2026-09-10T00:05:04+00:00,2026-09-10,buy_stablecoin,-89782130,401350654859496838,0.401350654859496838,-89.78213,0,89.78213
4663:0x68142d19a27f81f90d2c926aecd951d0dde97c2532b4a6d1a0bc25350f8aa1f4:46,NVDA,v3,0x68142d19a27f81f90d2c926aecd951d0dde97c2532b4a6d1a0bc25350f8aa1f4,46,58961223,2026-09-10T00:05:04+00:00,2026-09-10,buy_stablecoin,-105396484,471151407788597389,0.471151407788597389,-105.396484,0,105.396484
4663:0x3f6d154bdb7c2958a11dfe5b6a59222f0dec99d99ef9c760d069629f2937d63c:64,NVDA,v3,0x3f6d154bdb7c2958a11dfe5b6a59222f0dec99d99ef9c760d069629f2937d63c,64,58961223,2026-09-10T00:05:04+00:00,2026-09-10,buy_stablecoin,-195148424,872368315976709529,0.872368315976709529,-195.148424,0,195.148424
4663:0xcb86062f47ad002f36c97c0cffc6f3e6a8409785e5956a53cfc0f58e8ca46a62:23,NVDA,v3,0xcb86062f47ad002f36c97c0cffc6f3e6a8409785e5956a53cfc0f58e8ca46a62,23,58961319,2026-09-10T00:05:14+00:00,2026-09-10,buy_stock,808952544,-3612622034366294574,-3.612622034366294574,808.952544,3.612622034366294574,0
4663:0x37152619c4d074c2cbbc8693112d8f9bc7351791051dcdf04ca92199957c79fd:44,NVDA,v3,0x37152619c4d074c2cbbc8693112d8f9bc7351791051dcdf04ca92199957c79fd,44,58961335,2026-09-10T00:05:15+00:00,2026-09-10,buy_stock,40748417,-181973815146433827,-0.181973815146433827,40.748417,0.181973815146433827,0
4663:0x71f059a3918f1fd5bf566d4b48612f7f8d69a730599657f7268643727fb2b728:74,NVDA,v3,0x71f059a3918f1fd5bf566d4b48612f7f8d69a730599657f7268643727fb2b728,74,58961335,2026-09-10T00:05:15+00:00,2026-09-10,buy_stock,40748410,-181973731028132594,-0.181973731028132594,40.74841,0.181973731028132594,0
4663:0xac4c2c78d784ff38d2ce328d6d2ec4a2b347fe8161f68f77359c47439b702834:92,NVDA,v3,0xac4c2c78d784ff38d2ce328d6d2ec4a2b347fe8161f68f77359c47439b702834,92,58961335,2026-09-10T00:05:15+00:00,2026-09-10,buy_stock,40748404,-181973651377901054,-0.181973651377901054,40.748404,0.181973651377901054,0
4663:0x5347acc4c499e58b88e748041b34f77f8619ae67fa5a4e84a9686949fe38e769:49,NVDA,v3,0x5347acc4c499e58b88e748041b34f77f8619ae67fa5a4e84a9686949fe38e769,49,58961340,2026-09-10T00:05:17+00:00,2026-09-10,buy_stablecoin,-190683744,852405458786641167,0.852405458786641167,-190.683744,0,190.683744
4663:0xec31fba7cf0249ac87d9e7aa57842019c8e7c6579561b5102543640bc4fe3fbb:28,NVDA,v3,0xec31fba7cf0249ac87d9e7aa57842019c8e7c6579561b5102543640bc4fe3fbb,28,58961341,2026-09-10T00:05:17+00:00,2026-09-10,buy_stablecoin,-257995480,1153308100971601463,1.153308100971601463,-257.99548,0,257.99548
4663:0xb521659366cc212a7f4409de6076bff328521ccd6ab9306ce748e38c604d43bb:163,NVDA,v3,0xb521659366cc212a7f4409de6076bff328521ccd6ab9306ce748e38c604d43bb,163,58961347,2026-09-10T00:05:17+00:00,2026-09-10,buy_stock,162994472,-727900239196307353,-0.727900239196307353,162.994472,0.727900239196307353,0
4663:0x02729de4200775c3f348cc55d113b52c34223e15f0b0128e1c88d3bd9cf52bed:9,NVDA,v3,0x02729de4200775c3f348cc55d113b52c34223e15f0b0128e1c88d3bd9cf52bed,9,58961348,2026-09-10T00:05:17+00:00,2026-09-10,buy_stock,162994295,-727898602871463880,-0.72789860287146388,162.994295,0.72789860287146388,0
4663:0x5d74aa215b3ef7c0edca9f2e8d66ac97294ab86e484e9cf31021b78036cfab84:26,NVDA,v3,0x5d74aa215b3ef7c0edca9f2e8d66ac97294ab86e484e9cf31021b78036cfab84,26,58961348,2026-09-10T00:05:17+00:00,2026-09-10,buy_stock,162994193,-727897301652210884,-0.727897301652210884,162.994193,0.727897301652210884,0
4663:0xd82d81a80259e160f7f602170401eb41b383e506fb978a35d550c565350d4a96:8,NVDA,v3,0xd82d81a80259e160f7f602170401eb41b383e506fb978a35d550c565350d4a96,8,58961355,2026-09-10T00:05:18+00:00,2026-09-10,buy_stablecoin,-368589379,1647690050162240930,1.64769005016224093,-368.589379,0,368.589379
4663:0x683c66a5ea71d83a0c450f7bfbc0a8d0e04921903a842c8020b38b1c86e65d8c:25,NVDA,v3,0x683c66a5ea71d83a0c450f7bfbc0a8d0e04921903a842c8020b38b1c86e65d8c,25,58961359,2026-09-10T00:05:19+00:00,2026-09-10,buy_stock,43175193,-192811567627757900,-0.1928115676277579,43.175193,0.1928115676277579,0
4663:0xf04e4df65efe0cd4728d727c5f0025280790d086b2ea71fc96fd852f3a6482dd:28,NVDA,v3,0xf04e4df65efe0cd4728d727c5f0025280790d086b2ea71fc96fd852f3a6482dd,28,58961369,2026-09-10T00:05:20+00:00,2026-09-10,buy_stablecoin,-42273700,188974617431965517,0.188974617431965517,-42.2737,0,42.2737
4663:0x6976867c32db7750d099f3a1e9e70b358ca8fcf4a21fc9aeba5d4f90e57687f9:41,NVDA,v3,0x6976867c32db7750d099f3a1e9e70b358ca8fcf4a21fc9aeba5d4f90e57687f9,41,58961383,2026-09-10T00:05:21+00:00,2026-09-10,buy_stock,12222832,-54584667479718352,-0.054584667479718352,12.222832,0.054584667479718352,0
4663:0x720a4cfc95817a2872f92c5076d61afa31ba9162b822615bba09e7b495a4524a:52,NVDA,v3,0x720a4cfc95817a2872f92c5076d61afa31ba9162b822615bba09e7b495a4524a,52,58961472,2026-09-10T00:05:30+00:00,2026-09-10,buy_stablecoin,-154239085,689489906802859231,0.689489906802859231,-154.239085,0,154.239085
4663:0x15e46b007f86453a56013da7944aacadb32472ec3ffff85bd2473d449d2a1895:68,NVDA,v3,0x15e46b007f86453a56013da7944aacadb32472ec3ffff85bd2473d449d2a1895,68,58961472,2026-09-10T00:05:30+00:00,2026-09-10,buy_stablecoin,-154441975,690397634986076754,0.690397634986076754,-154.441975,0,154.441975
4663:0x809d45b9ae7edd960e429458965fab0cff791aec1b1c8c5263c4713cc6cbe30c:85,NVDA,v3,0x809d45b9ae7edd960e429458965fab0cff791aec1b1c8c5263c4713cc6cbe30c,85,58961472,2026-09-10T00:05:30+00:00,2026-09-10,buy_stablecoin,-122957627,549654579664170614,0.549654579664170614,-122.957627,0,122.957627
4663:0xe9137f450c788cecfe731d9a962fa801eb7be35a0969715cbb2a5a975428d120:24,NVDA,v3,0xe9137f450c788cecfe731d9a962fa801eb7be35a0969715cbb2a5a975428d120,24,58961477,2026-09-10T00:05:30+00:00,2026-09-10,buy_stock,24687500,-110249654014239469,-0.110249654014239469,24.6875,0.110249654014239469,0
4663:0x23f449b86cc55005bf87980da59890e6172761b65ea4e467f260a5dad435cee2:59,NVDA,v3,0x23f449b86cc55005bf87980da59890e6172761b65ea4e467f260a5dad435cee2,59,58961477,2026-09-10T00:05:30+00:00,2026-09-10,buy_stock,73321862,-327441303026833982,-0.327441303026833982,73.321862,0.327441303026833982,0
4663:0x9f4e01223780c853548bdffdb73f44634b235cbb097ad03cdc848cf9f1a27ef7:76,NVDA,v3,0x9f4e01223780c853548bdffdb73f44634b235cbb097ad03cdc848cf9f1a27ef7,76,58961477,2026-09-10T00:05:30+00:00,2026-09-10,buy_stock,97762450,-436587988958757603,-0.436587988958757603,97.76245,0.436587988958757603,0
4663:0xe73d3d9f8b95fdfcc22f38ad0c68b5c8a46b7b8f92f232c501930e01ca512317:11,NVDA,v3,0xe73d3d9f8b95fdfcc22f38ad0c68b5c8a46b7b8f92f232c501930e01ca512317,11,58961484,2026-09-10T00:05:31+00:00,2026-09-10,buy_stablecoin,-67978929,303884385784536236,0.303884385784536236,-67.978929,0,67.978929
4663:0xa396c71da41a69169e09e13bbcd6000a54aeb2ea1a577c1ba31ae35ad8aaa169:11,NVDA,v3,0xa396c71da41a69169e09e13bbcd6000a54aeb2ea1a577c1ba31ae35ad8aaa169,11,58961493,2026-09-10T00:05:32+00:00,2026-09-10,buy_stock,48881520,-218295304291833911,-0.218295304291833911,48.88152,0.218295304291833911,0
4663:0xcb381d1ea82b7d594259e2c917eef6ae7fcf5ccb9646e2f6b37f58cea2d08ea3:54,NVDA,v3,0xcb381d1ea82b7d594259e2c917eef6ae7fcf5ccb9646e2f6b37f58cea2d08ea3,54,58961509,2026-09-10T00:05:34+00:00,2026-09-10,buy_stock,162935795,-727638834829267048,-0.727638834829267048,162.935795,0.727638834829267048,0
4663:0x8ca63462995b666cc286fa396ef476b58fa36f491cd9729b31043a8692333b10:71,NVDA,v3,0x8ca63462995b666cc286fa396ef476b58fa36f491cd9729b31043a8692333b10,71,58961509,2026-09-10T00:05:34+00:00,2026-09-10,buy_stock,162935693,-727637534213298769,-0.727637534213298769,162.935693,0.727637534213298769,0
4663:0xbe2ff5a71f885c7fb4c943777c442f6c2daa4da0001666170b164f53f2ff3e44:88,NVDA,v3,0xbe2ff5a71f885c7fb4c943777c442f6c2daa4da0001666170b164f53f2ff3e44,88,58961509,2026-09-10T00:05:34+00:00,2026-09-10,buy_stock,162935591,-727636233600389499,-0.727636233600389499,162.935591,0.727636233600389499,0
4663:0xbef4cbe14227b7815cba7030e7928683c3fec45c54f151201796ba7070094571:10,NVDA,v3,0xbef4cbe14227b7815cba7030e7928683c3fec45c54f151201796ba7070094571,10,58961516,2026-09-10T00:05:34+00:00,2026-09-10,buy_stablecoin,-27596031,123361371757306067,0.123361371757306067,-27.596031,0,27.596031
4663:0x316745db09fbb1c72f4b5f1e112279b0589c98a8f91098d972abb17d6891eb49:41,NVDA,v3,0x316745db09fbb1c72f4b5f1e112279b0589c98a8f91098d972abb17d6891eb49,41,58961597,2026-09-10T00:05:43+00:00,2026-09-10,buy_stock,61724907,-275650342051280470,-0.27565034205128047,61.724907,0.27565034205128047,0
4663:0x54d8df9bd06a0e5dbbaa39e9bb11a38e7351383c1d7fcbe551ba13b3dc728737:11,NVDA,v3,0x54d8df9bd06a0e5dbbaa39e9bb11a38e7351383c1d7fcbe551ba13b3dc728737,11,58961624,2026-09-10T00:05:45+00:00,2026-09-10,buy_stock,146643376,-654877730553467617,-0.654877730553467617,146.643376,0.654877730553467617,0
4663:0x3f44bcf44515069e416439b120fc1a8481a0607234c07bd238128a4efc30835d:31,NVDA,v3,0x3f44bcf44515069e416439b120fc1a8481a0607234c07bd238128a4efc30835d,31,58961624,2026-09-10T00:05:45+00:00,2026-09-10,buy_stock,146643293,-654876675350855339,-0.654876675350855339,146.643293,0.654876675350855339,0
4663:0xa720c0158b68ee6df4c316d87b3d12ab0354ded9fe4095882724be291830a8c0:20,NVDA,v3,0xa720c0158b68ee6df4c316d87b3d12ab0354ded9fe4095882724be291830a8c0,20,58961625,2026-09-10T00:05:45+00:00,2026-09-10,buy_stock,48881084,-218292010485691236,-0.218292010485691236,48.881084,0.218292010485691236,0
4663:0xd7f9b1a9f7762ffffd5f519c597662e23dd33f166326b4383e2ed420bc38560a:11,NVDA,v3,0xd7f9b1a9f7762ffffd5f519c597662e23dd33f166326b4383e2ed420bc38560a,11,58961648,2026-09-10T00:05:48+00:00,2026-09-10,buy_stock,244407,-1091463368767196,-0.001091463368767196,0.244407,0.001091463368767196,0
4663:0x7325c1a55567389630af8bc3cd2b62a0d72961e100ffe7babadae8ab4d86ee55:3,NVDA,v3,0x7325c1a55567389630af8bc3cd2b62a0d72961e100ffe7babadae8ab4d86ee55,3,58961683,2026-09-10T00:05:51+00:00,2026-09-10,buy_stablecoin,-335551663,1500000000000000000,1.5,-335.551663,0,335.551663
4663:0x8db05428d19920656b38cc1949ef70b190a3d02043af1a07e4efee58cae9d438:7,NVDA,v3,0x8db05428d19920656b38cc1949ef70b190a3d02043af1a07e4efee58cae9d438,7,58961683,2026-09-10T00:05:51+00:00,2026-09-10,buy_stablecoin,-541354991,2419999999999999929,2.419999999999999929,-541.354991,0,541.354991
4663:0x7cbda54b98a9890591e5e3cbc67ec473164e2c74efb03167c3f306827d32349c:3,NVDA,v3,0x7cbda54b98a9890591e5e3cbc67ec473164e2c74efb03167c3f306827d32349c,3,58961684,2026-09-10T00:05:51+00:00,2026-09-10,buy_stablecoin,-903744999,4040000000000000036,4.040000000000000036,-903.744999,0,903.744999
4663:0xbe7ca56241f1daa54cad1a060f6652806c7963f44c8fe6ff4d2b138fe2a6594e:67,NVDA,v3,0xbe7ca56241f1daa54cad1a060f6652806c7963f44c8fe6ff4d2b138fe2a6594e,67,58961684,2026-09-10T00:05:51+00:00,2026-09-10,buy_stablecoin,-3198893049,14300180846849268000,14.300180846849268,-3198.893049,0,3198.893049
4663:0xc3025009f15fdbdf9353970bcb85bce63a8dc13a2731b594ad6a792400b68a14:15,NVDA,v3,0xc3025009f15fdbdf9353970bcb85bce63a8dc13a2731b594ad6a792400b68a14,15,58961685,2026-09-10T00:05:51+00:00,2026-09-10,buy_stablecoin,-187446825,837963575209946000,0.837963575209946,-187.446825,0,187.446825
4663:0xe885c09a8c3e631fbdd3a77038de6801161a3f86c1520b698c9eeafba62ebe3b:10,NVDA,v3,0xe885c09a8c3e631fbdd3a77038de6801161a3f86c1520b698c9eeafba62ebe3b,10,58961693,2026-09-10T00:05:52+00:00,2026-09-10,buy_stock,91652950,-409316491764956083,-0.409316491764956083,91.65295,0.409316491764956083,0
4663:0x083c985b9cfd1bf042b16a7414c02df02dd2781226dd283bd674e063ff1d8827:32,NVDA,v3,0x083c985b9cfd1bf042b16a7414c02df02dd2781226dd283bd674e063ff1d8827,32,58961693,2026-09-10T00:05:52+00:00,2026-09-10,buy_stock,91652918,-409316081437497517,-0.409316081437497517,91.652918,0.409316081437497517,0
4663:0x11a128c5e9dbbdfd9ba17e6c5ffd6b44b037087cd431ee4cc5395f84a10d4f08:49,NVDA,v3,0x11a128c5e9dbbdfd9ba17e6c5ffd6b44b037087cd431ee4cc5395f84a10d4f08,49,58961693,2026-09-10T00:05:52+00:00,2026-09-10,buy_stock,91652886,-409315671110581043,-0.409315671110581043,91.652886,0.409315671110581043,0
4663:0xd105fd1e0892789db179f292c787d63ba9930b4036d3fd2d6244254fbb858ba0:66,NVDA,v3,0xd105fd1e0892789db179f292c787d63ba9930b4036d3fd2d6244254fbb858ba0,66,58961693,2026-09-10T00:05:52+00:00,2026-09-10,buy_stock,91652853,-409315256316043677,-0.409315256316043677,91.652853,0.409315256316043677,0
4663:0x83140ea6436400cecb76c3918c23b190af3b14c46c24235d6d7ddcfa20bf8f38:22,NVDA,v3,0x83140ea6436400cecb76c3918c23b190af3b14c46c24235d6d7ddcfa20bf8f38,22,58961705,2026-09-10T00:05:53+00:00,2026-09-10,buy_stablecoin,-1500159740,6706347242411699452,6.706347242411699452,-1500.15974,0,1500.15974
4663:0x6654ffcdf385fdf8e960fe580761768f2672633da1b4bd5909e898234837af62:33,NVDA,v3,0x6654ffcdf385fdf8e960fe580761768f2672633da1b4bd5909e898234837af62,33,58961705,2026-09-10T00:05:53+00:00,2026-09-10,buy_stock,48881312,-218302759458076482,-0.218302759458076482,48.881312,0.218302759458076482,0
4663:0xc2fca3e97f3b364b4ad59f1cf59201879f764ffab512e5b42a4c6539ecb2960a:11,NVDA,v3,0xc2fca3e97f3b364b4ad59f1cf59201879f764ffab512e5b42a4c6539ecb2960a,11,58961708,2026-09-10T00:05:54+00:00,2026-09-10,buy_stock,73321952,-327453927345087977,-0.327453927345087977,73.321952,0.327453927345087977,0
4663:0x5d9c827275bb021db2f48726d948322ad54542e46adbc9b7cfada9cbe2f7bdfb:13,NVDA,v3,0x5d9c827275bb021db2f48726d948322ad54542e46adbc9b7cfada9cbe2f7bdfb,13,58961752,2026-09-10T00:05:58+00:00,2026-09-10,buy_stablecoin,-146521765,655017413344352744,0.655017413344352744,-146.521765,0,146.521765
4663:0x001c0855ecf08e6ea64d4722748cd0dc5deff77a2ac66dee728b65aefe8982c4:29,NVDA,v3,0x001c0855ecf08e6ea64d4722748cd0dc5deff77a2ac66dee728b65aefe8982c4,29,58961752,2026-09-10T00:05:58+00:00,2026-09-10,buy_stablecoin,-146427809,654598068726105337,0.654598068726105337,-146.427809,0,146.427809
4663:0x3a9df92f2a0dbc87bf230898e1fa59caab5c460e4b825c575fc7db056678e418:86,NVDA,v3,0x3a9df92f2a0dbc87bf230898e1fa59caab5c460e4b825c575fc7db056678e418,86,58961764,2026-09-10T00:05:59+00:00,2026-09-10,buy_stablecoin,-168819393,754699357700883502,0.754699357700883502,-168.819393,0,168.819393
4663:0xf7d3e708876bae15a791747fd7bb238b62aaa427300071a5c7357e39a48d95bd:102,NVDA,v3,0xf7d3e708876bae15a791747fd7bb238b62aaa427300071a5c7357e39a48d95bd,102,58961764,2026-09-10T00:05:59+00:00,2026-09-10,buy_stablecoin,-168249376,752152023291678436,0.752152023291678436,-168.249376,0,168.249376
4663:0x5580e5fecc127975123eda218411da297e26724cb47194d64e01534509327311:118,NVDA,v3,0x5580e5fecc127975123eda218411da297e26724cb47194d64e01534509327311,118,58961764,2026-09-10T00:05:59+00:00,2026-09-10,buy_stablecoin,-134122197,599588500906757229,0.599588500906757229,-134.122197,0,134.122197
4663:0x7b55804c64f84604b236e742ce1778dabb4c237f785821bf08c04d960df9e054:74,NVDA,v3,0x7b55804c64f84604b236e742ce1778dabb4c237f785821bf08c04d960df9e054,74,58961765,2026-09-10T00:05:59+00:00,2026-09-10,buy_stock,97762526,-436607003519872014,-0.436607003519872014,97.762526,0.436607003519872014,0
4663:0x5a66a0d23839e281a91cc345bbd5058df38094679f9d26495e8fe50e727d76da:28,NVDA,v3,0x5a66a0d23839e281a91cc345bbd5058df38094679f9d26495e8fe50e727d76da,28,58961783,2026-09-10T00:06:01+00:00,2026-09-10,buy_stablecoin,-9998232,44696732600000000,0.0446967326,-9.998232,0,9.998232
4663:0x46fae25f447e4e2896fd14548529469c29978e840962f83dd6ebe012bbb53c7d:12,NVDA,v3,0x46fae25f447e4e2896fd14548529469c29978e840962f83dd6ebe012bbb53c7d,12,58961881,2026-09-10T00:06:11+00:00,2026-09-10,buy_stablecoin,-227027485,1014918946193382226,1.014918946193382226,-227.027485,0,227.027485
4663:0xae7bd00eb3612a5d6adea6f9ab3daf23ee518e6c646c66957942c697e33156e3:3,NVDA,v3,0xae7bd00eb3612a5d6adea6f9ab3daf23ee518e6c646c66957942c697e33156e3,3,58961935,2026-09-10T00:06:17+00:00,2026-09-10,buy_stablecoin,-3998782463,17876695492838148000,17.876695492838148,-3998.782463,0,3998.782463
4663:0x54fd48b2425f0bc7d9eed6b6a7de907a43ebf6e2c93a77aad2c274b7daa818af:14,NVDA,v3,0x54fd48b2425f0bc7d9eed6b6a7de907a43ebf6e2c93a77aad2c274b7daa818af,14,58961935,2026-09-10T00:06:17+00:00,2026-09-10,buy_stablecoin,-3998668454,17876695492838148000,17.876695492838148,-3998.668454,0,3998.668454
4663:0xea35ff408b11e5808bcccb514078c4e190acd7e7eb69ccf41b0640ea73dd4f20:57,NVDA,v3,0xea35ff408b11e5808bcccb514078c4e190acd7e7eb69ccf41b0640ea73dd4f20,57,58961947,2026-09-10T00:06:18+00:00,2026-09-10,buy_stock,122190880,-545735537612740210,-0.54573553761274021,122.19088,0.54573553761274021,0
4663:0x77c5a2d049aa9aae499b2cf94ba6075204bacc00be53f290caad37d95a5fd0ce:33,NVDA,v3,0x77c5a2d049aa9aae499b2cf94ba6075204bacc00be53f290caad37d95a5fd0ce,33,58961962,2026-09-10T00:06:19+00:00,2026-09-10,buy_stock,1924558,-8595558370915258,-0.008595558370915258,1.924558,0.008595558370915258,0
4663:0x0f87426d822bc5c5de825ab053e6988c1341a7afc70c96e06836f90ccf1de5a0:40,NVDA,v3,0x0f87426d822bc5c5de825ab053e6988c1341a7afc70c96e06836f90ccf1de5a0,40,58961964,2026-09-10T00:06:20+00:00,2026-09-10,buy_stablecoin,-119639554,534875400414246679,0.534875400414246679,-119.639554,0,119.639554
4663:0x8e37f6358fc91611a79edb3589ef855cfe5c47a4791136ef4b2b0f3df42644ec:33,NVDA,v3,0x8e37f6358fc91611a79edb3589ef855cfe5c47a4791136ef4b2b0f3df42644ec,33,58961967,2026-09-10T00:06:20+00:00,2026-09-10,buy_stablecoin,-83812135,374701177657591020,0.37470117765759102,-83.812135,0,83.812135
4663:0x0eca080570c4a79a5ea38dfc787b41c2accd1e04c87030abf7e087cb750ad342:49,NVDA,v3,0x0eca080570c4a79a5ea38dfc787b41c2accd1e04c87030abf7e087cb750ad342,49,58961967,2026-09-10T00:06:20+00:00,2026-09-10,buy_stablecoin,-76274970,341004768224315755,0.341004768224315755,-76.27497,0,76.27497
4663:0xa3b1f892588f0f66b14ccf169b6f8bebe8f57982a9a61a25ac5238fc2193e1be:19,NVDA,v3,0xa3b1f892588f0f66b14ccf169b6f8bebe8f57982a9a61a25ac5238fc2193e1be,19,58962000,2026-09-10T00:06:23+00:00,2026-09-10,buy_stock,12216185,-54560666362282458,-0.054560666362282458,12.216185,0.054560666362282458,0
4663:0x0eabab78a255329a09dbab88fd62f339c06c8307d1cd015164afdefe72158696:118,NVDA,v3,0x0eabab78a255329a09dbab88fd62f339c06c8307d1cd015164afdefe72158696,118,58962011,2026-09-10T00:06:24+00:00,2026-09-10,buy_stablecoin,-137380022,614189343073696517,0.614189343073696517,-137.380022,0,137.380022
4663:0xb6a22af14cabc566db6e253ac8be8d68457e8141dcb5b8370ed2ee6a8ee0f320:10,NVDA,v3,0xb6a22af14cabc566db6e253ac8be8d68457e8141dcb5b8370ed2ee6a8ee0f320,10,58962012,2026-09-10T00:06:24+00:00,2026-09-10,buy_stablecoin,-124221277,555360630963678810,0.55536063096367881,-124.221277,0,124.221277
4663:0xf81ccea8cc2721d9f9a6b017bff68ae1a4876966f831952e4b83c07848f1c97d:27,NVDA,v3,0xf81ccea8cc2721d9f9a6b017bff68ae1a4876966f831952e4b83c07848f1c97d,27,58962012,2026-09-10T00:06:24+00:00,2026-09-10,buy_stablecoin,-108186510,483673808940667488,0.483673808940667488,-108.18651,0,108.18651
4663:0x4a01ba3de5084978a7737489c29b170cbf816f5715f7be77c6431f73037e799b:44,NVDA,v3,0x4a01ba3de5084978a7737489c29b170cbf816f5715f7be77c6431f73037e799b,44,58962012,2026-09-10T00:06:24+00:00,2026-09-10,buy_stablecoin,-107681123,481414725143551098,0.481414725143551098,-107.681123,0,107.681123
4663:0x79018cac55509ae163facdc30fa77c7751cbb131d3a1d1930ed66e07cf7c41e4:35,NVDA,v3,0x79018cac55509ae163facdc30fa77c7751cbb131d3a1d1930ed66e07cf7c41e4,35,58962013,2026-09-10T00:06:25+00:00,2026-09-10,buy_stablecoin,-78871808,352615891177878448,0.352615891177878448,-78.871808,0,78.871808
4663:0xadc9854a433a81099abd4af3bfd0916e3ab2c37dc8660664e916e496177893f3:10,NVDA,v3,0xadc9854a433a81099abd4af3bfd0916e3ab2c37dc8660664e916e496177893f3,10,58962027,2026-09-10T00:06:26+00:00,2026-09-10,buy_stablecoin,-54149215,242087548945918632,0.242087548945918632,-54.149215,0,54.149215
4663:0x5b127a2816241b9677cee714eb7ea418824ee44190fe9c7730ea051c9824f9fd:28,NVDA,v3,0x5b127a2816241b9677cee714eb7ea418824ee44190fe9c7730ea051c9824f9fd,28,58962033,2026-09-10T00:06:27+00:00,2026-09-10,buy_stock,244334693,-1091266255612339553,-1.091266255612339553,244.334693,1.091266255612339553,0
4663:0x70d9446134a464baa73594784adb8843162638781adc28499bd801911667e5dd:22,NVDA,v3,0x70d9446134a464baa73594784adb8843162638781adc28499bd801911667e5dd,22,58962040,2026-09-10T00:06:27+00:00,2026-09-10,buy_stablecoin,-36208664,161879618870899112,0.161879618870899112,-36.208664,0,36.208664
4663:0xdd14f148385f3f604fbd841d120c65a330744ecbcb2e783ec5281d6f21decc3c:27,NVDA,v3,0xdd14f148385f3f604fbd841d120c65a330744ecbcb2e783ec5281d6f21decc3c,27,58962046,2026-09-10T00:06:28+00:00,2026-09-10,buy_stablecoin,-236131103,1055682423245016051,1.055682423245016051,-236.131103,0,236.131103
4663:0x6b47e7bfaaf899878f85d42c603b9613bbad1198448997ed58bae433075bff0b:25,NVDA,v3,0x6b47e7bfaaf899878f85d42c603b9613bbad1198448997ed58bae433075bff0b,25,58962052,2026-09-10T00:06:29+00:00,2026-09-10,buy_stablecoin,-14106348,63065971591978490,0.06306597159197849,-14.106348,0,14.106348
4663:0xc8f7af86bbe36e5e69aacaf4c7c0b0c307c221034cd055dcd988e36fc6b58c96:8,NVDA,v3,0xc8f7af86bbe36e5e69aacaf4c7c0b0c307c221034cd055dcd988e36fc6b58c96,8,58962099,2026-09-10T00:06:33+00:00,2026-09-10,buy_stock,48867086,-218254125734121053,-0.218254125734121053,48.867086,0.218254125734121053,0
4663:0x9e1594cf169edb5ff67fdeaf53f677d6a5f55054f0c2fbb7c9297a678344e9ff:32,NVDA,v3,0x9e1594cf169edb5ff67fdeaf53f677d6a5f55054f0c2fbb7c9297a678344e9ff,32,58962179,2026-09-10T00:06:41+00:00,2026-09-10,buy_stock,48869199,-218263487224214520,-0.21826348722421452,48.869199,0.21826348722421452,0
4663:0xf79c674d322eabe3fef9d37ed4c8398331aadcb28f5af424dd52b112e3597ce3:39,NVDA,v3,0xf79c674d322eabe3fef9d37ed4c8398331aadcb28f5af424dd52b112e3597ce3,39,58962234,2026-09-10T00:06:47+00:00,2026-09-10,buy_stablecoin,-1062291615,4749256202967291989,4.749256202967291989,-1062.291615,0,1062.291615
4663:0x44e7d4e21a8339185aa4944597fd6793dd49906f8b90162527287b5a845186d8:14,NVDA,v3,0x44e7d4e21a8339185aa4944597fd6793dd49906f8b90162527287b5a845186d8,14,58962290,2026-09-10T00:06:53+00:00,2026-09-10,buy_stock,244416771,-1091640675325317476,-1.091640675325317476,244.416771,1.091640675325317476,0
4663:0x3f805327269f4ea4bbff2683916806c1086f921e240f69f04dbd2d29ca273b58:11,NVDA,v3,0x3f805327269f4ea4bbff2683916806c1086f921e240f69f04dbd2d29ca273b58,11,58962300,2026-09-10T00:06:54+00:00,2026-09-10,buy_stock,244417091,-1091640203754908691,-1.091640203754908691,244.417091,1.091640203754908691,0
4663:0x79abcc2d7f4c36ea47a94bde0d2bc5b9afd8cd7a82a061f8fe8359adc3eb5b77:55,NVDA,v3,0x79abcc2d7f4c36ea47a94bde0d2bc5b9afd8cd7a82a061f8fe8359adc3eb5b77,55,58962326,2026-09-10T00:06:56+00:00,2026-09-10,buy_stablecoin,-469138219,2097410888682694459,2.097410888682694459,-469.138219,0,469.138219
4663:0x1999ee5c14d9c87b3f8f1aa73e05300e54247874a7482c11b6852ac9789f0b91:11,NVDA,v3,0x1999ee5c14d9c87b3f8f1aa73e05300e54247874a7482c11b6852ac9789f0b91,11,58962360,2026-09-10T00:07:00+00:00,2026-09-10,buy_stock,242079,-1081195970544012,-0.001081195970544012,0.242079,0.001081195970544012,0
4663:0x53bd456a46250bf125311ef7f3c38c2a579e44853e50a1e6c511fbb06d353443:13,NVDA,v3,0x53bd456a46250bf125311ef7f3c38c2a579e44853e50a1e6c511fbb06d353443,13,58962401,2026-09-10T00:07:04+00:00,2026-09-10,buy_stock,242043,-1081035101025219,-0.001081035101025219,0.242043,0.001081035101025219,0
4663:0xf1fd4f894eb6a0989b86771bc7f1debe860d4843286cd1e6955646dcd9416d10:35,NVDA,v3,0xf1fd4f894eb6a0989b86771bc7f1debe860d4843286cd1e6955646dcd9416d10,35,58962404,2026-09-10T00:07:04+00:00,2026-09-10,buy_stablecoin,-610099500,2727627385195959734,2.727627385195959734,-610.0995,0,610.0995
4663:0xa922a9d7b4eb8fdf6398eceb6e110960d5166901acc1ac2995c67d0a5fdade0a:115,NVDA,v3,0xa922a9d7b4eb8fdf6398eceb6e110960d5166901acc1ac2995c67d0a5fdade0a,115,58962422,2026-09-10T00:07:06+00:00,2026-09-10,buy_stablecoin,-3307447,14786939934272232,0.014786939934272232,-3.307447,0,3.307447
4663:0xe063cb50565756c62cce659cf3658064dbe8d1c451f9ac4de43854807a84435b:23,NVDA,v3,0xe063cb50565756c62cce659cf3658064dbe8d1c451f9ac4de43854807a84435b,23,58962436,2026-09-10T00:07:07+00:00,2026-09-10,buy_stablecoin,-268375866,1199856208493632102,1.199856208493632102,-268.375866,0,268.375866
4663:0x6431b268da7a2364bbf01d7d971df6693a994dd51c2bc7ba60a2eb2a28525d8f:14,NVDA,v3,0x6431b268da7a2364bbf01d7d971df6693a994dd51c2bc7ba60a2eb2a28525d8f,14,58962443,2026-09-10T00:07:08+00:00,2026-09-10,buy_stock,242045,-1081050833149273,-0.001081050833149273,0.242045,0.001081050833149273,0
4663:0xc8545adb5c84ebda04bbf84205413067ac78365e6c74d68e819dea27e6baf2de:33,NVDA,v3,0xc8545adb5c84ebda04bbf84205413067ac78365e6c74d68e819dea27e6baf2de,33,58962554,2026-09-10T00:07:19+00:00,2026-09-10,buy_stablecoin,-103187955,461333853063883540,0.46133385306388354,-103.187955,0,103.187955
4663:0x94c2054d28b2717abb612ff929f701144a537f106a07f95d011cc23a9076f0b6:10,NVDA,v3,0x94c2054d28b2717abb612ff929f701144a537f106a07f95d011cc23a9076f0b6,10,58962559,2026-09-10T00:07:20+00:00,2026-09-10,buy_stablecoin,-11714166,52371844549490500,0.0523718445494905,-11.714166,0,11.714166
4663:0x896e569959015952c6e64eb4f8a4de7cf09696ca726f190c1cb3f6df8b1c2d99:21,NVDA,v3,0x896e569959015952c6e64eb4f8a4de7cf09696ca726f190c1cb3f6df8b1c2d99,21,58962565,2026-09-10T00:07:20+00:00,2026-09-10,buy_stock,244385678,-1091509406411936337,-1.091509406411936337,244.385678,1.091509406411936337,0
4663:0x1e30d3a2cb7816322f50bad602d45bfb8ef7fc64ab94c7d033729ae6acc3ab8a:10,NVDA,v3,0x1e30d3a2cb7816322f50bad602d45bfb8ef7fc64ab94c7d033729ae6acc3ab8a,10,58962628,2026-09-10T00:07:27+00:00,2026-09-10,buy_stablecoin,-234506593,1048434198636686078,1.048434198636686078,-234.506593,0,234.506593
4663:0xf76600602d345f984603e69e30d8c0d4b2100ba00ee32704b2dedb26cac509b4:42,NVDA,v3,0xf76600602d345f984603e69e30d8c0d4b2100ba00ee32704b2dedb26cac509b4,42,58962648,2026-09-10T00:07:29+00:00,2026-09-10,buy_stock,24435059,-109135345062042311,-0.109135345062042311,24.435059,0.109135345062042311,0
4663:0x2ec994be24f788da7a92919fe36a6c02e0d6a7f86ecf118355d68f29f9178926:6,NVDA,v3,0x2ec994be24f788da7a92919fe36a6c02e0d6a7f86ecf118355d68f29f9178926,6,58962761,2026-09-10T00:07:40+00:00,2026-09-10,buy_stablecoin,-22133677,98955519412117956,0.098955519412117956,-22.133677,0,22.133677
4663:0x0ffe391ce25d9ab58d0197d2bf21ca8f9a715b57488b215765709d61a24836b5:12,NVDA,v3,0x0ffe391ce25d9ab58d0197d2bf21ca8f9a715b57488b215765709d61a24836b5,12,58962843,2026-09-10T00:07:49+00:00,2026-09-10,buy_stablecoin,-70716553,316160546942922327,0.316160546942922327,-70.716553,0,70.716553
4663:0x290fb0aa015e01e56bfb4e44468d19d7c9c4c89209b127c58031c6dff391aeb8:128,NVDA,v3,0x290fb0aa015e01e56bfb4e44468d19d7c9c4c89209b127c58031c6dff391aeb8,128,58962850,2026-09-10T00:07:49+00:00,2026-09-10,buy_stablecoin,-36528297,163311278971605371,0.163311278971605371,-36.528297,0,36.528297
4663:0x0d2ced2c747a964cd3cb320548cc7f6b94da173c195518f36e0466d0828e8d16:44,NVDA,v3,0x0d2ced2c747a964cd3cb320548cc7f6b94da173c195518f36e0466d0828e8d16,44,58962904,2026-09-10T00:07:55+00:00,2026-09-10,buy_stablecoin,-132847789,593938321223238122,0.593938321223238122,-132.847789,0,132.847789
4663:0x840adae92a0815b7d8556d6b54dca6eeadc4bb8849b432c65fa4dda69ecf3050:40,NVDA,v3,0x840adae92a0815b7d8556d6b54dca6eeadc4bb8849b432c65fa4dda69ecf3050,40,58962998,2026-09-10T00:08:04+00:00,2026-09-10,buy_stablecoin,-10888406,48680110782676829,0.048680110782676829,-10.888406,0,10.888406
4663:0x93a68017d383a59e6b9e566900cdf3745b4409737df1d365f7fec2c9934a9a91:30,NVDA,v3,0x93a68017d383a59e6b9e566900cdf3745b4409737df1d365f7fec2c9934a9a91,30,58962999,2026-09-10T00:08:04+00:00,2026-09-10,buy_stablecoin,-197167255,881500068206358823,0.881500068206358823,-197.167255,0,197.167255
4663:0x2ffda40982496677a870e47c50beab7611ae8e0efb53bd5113f91e5e66781ae7:127,NVDA,v3,0x2ffda40982496677a870e47c50beab7611ae8e0efb53bd5113f91e5e66781ae7,127,58963014,2026-09-10T00:08:06+00:00,2026-09-10,buy_stablecoin,-284669625,1272709938191921139,1.272709938191921139,-284.669625,0,284.669625
4663:0xe44041e7d257cdfcf31cb235e407790252035089359dd3bbdec3ceeab8d1fb97:15,NVDA,v3,0xe44041e7d257cdfcf31cb235e407790252035089359dd3bbdec3ceeab8d1fb97,15,58963019,2026-09-10T00:08:06+00:00,2026-09-10,buy_stablecoin,-259505185,1160206216735027449,1.160206216735027449,-259.505185,0,259.505185
4663:0xd973ba794e69b5b874d2d82cc1cc14c2f8fb02c2a4758012bdc3585fd6b0747e:77,NVDA,v3,0xd973ba794e69b5b874d2d82cc1cc14c2f8fb02c2a4758012bdc3585fd6b0747e,77,58963044,2026-09-10T00:08:09+00:00,2026-09-10,buy_stablecoin,-70757828,316347316587127399,0.316347316587127399,-70.757828,0,70.757828
4663:0xb8892e90974643c7c1fe52a860528f9cb5e05f98c3d3796987c30f2f0f09d1c9:11,NVDA,v3,0xb8892e90974643c7c1fe52a860528f9cb5e05f98c3d3796987c30f2f0f09d1c9,11,58963131,2026-09-10T00:08:18+00:00,2026-09-10,buy_stablecoin,-29236770,130713127954955477,0.130713127954955477,-29.23677,0,29.23677
4663:0xd778b385643753ac1b90489738b35fa47127e974d02b75cd3d514f13a1bdb866:56,NVDA,v3,0xd778b385643753ac1b90489738b35fa47127e974d02b75cd3d514f13a1bdb866,56,58963144,2026-09-10T00:08:19+00:00,2026-09-10,buy_stablecoin,-70755710,316338074648497241,0.316338074648497241,-70.75571,0,70.75571
4663:0x014e31b5d6dc38259890087ad4f44af3bdbfe0ff855fdd40d8130832d294e905:12,NVDA,v3,0x014e31b5d6dc38259890087ad4f44af3bdbfe0ff855fdd40d8130832d294e905,12,58963181,2026-09-10T00:08:23+00:00,2026-09-10,buy_stablecoin,-420718,1880968928782120,0.00188096892878212,-0.420718,0,0.420718
4663:0x03a188413ff90dd8fe0f3f1493890b3eb32a271701d5361b092f5568f7aeaaf4:12,NVDA,v3,0x03a188413ff90dd8fe0f3f1493890b3eb32a271701d5361b092f5568f7aeaaf4,12,58963265,2026-09-10T00:08:31+00:00,2026-09-10,buy_stablecoin,-283777203,1268726533167676920,1.26872653316767692,-283.777203,0,283.777203
4663:0x2581917ee42a3bf9d6ac82de69877dc216e2177116a8867413b1cdd262d60493:9,NVDA,v3,0x2581917ee42a3bf9d6ac82de69877dc216e2177116a8867413b1cdd262d60493,9,58963311,2026-09-10T00:08:36+00:00,2026-09-10,buy_stock,2443157,-10912087809065765,-0.010912087809065765,2.443157,0.010912087809065765,0
4663:0x0d8cc41a5c0b386411c328877efcc830e61ec8ac296df95c03c1f507f112ca7f:51,NVDA,v3,0x0d8cc41a5c0b386411c328877efcc830e61ec8ac296df95c03c1f507f112ca7f,51,58963351,2026-09-10T00:08:40+00:00,2026-09-10,buy_stock,14659337,-65474296907711116,-0.065474296907711116,14.659337,0.065474296907711116,0
4663:0x03d0e6fc0b6bc703f9306bc39a20e07be4fbd2d4d1315985f9dabb6141a81e53:80,NVDA,v3,0x03d0e6fc0b6bc703f9306bc39a20e07be4fbd2d4d1315985f9dabb6141a81e53,80,58963351,2026-09-10T00:08:40+00:00,2026-09-10,buy_stablecoin,-111416795,498128902565801011,0.498128902565801011,-111.416795,0,111.416795
4663:0xb6873aaafcae11e3a0ac3db990737fde1e91f217724a83cc4d071de4a29794fd:15,NVDA,v3,0xb6873aaafcae11e3a0ac3db990737fde1e91f217724a83cc4d071de4a29794fd,15,58963400,2026-09-10T00:08:45+00:00,2026-09-10,buy_stablecoin,-3306555,14783153167668812,0.014783153167668812,-3.306555,0,3.306555
4663:0x02d196ea30fdb06e1066bf8fcef98e98331c8d234af89c328816b4a90ccbb58a:26,NVDA,v3,0x02d196ea30fdb06e1066bf8fcef98e98331c8d234af89c328816b4a90ccbb58a,26,58963414,2026-09-10T00:08:46+00:00,2026-09-10,buy_stablecoin,-432237149,1932475603329081770,1.93247560332908177,-432.237149,0,432.237149
4663:0xfd4b8fedc5abeb6fa1b001ccfb9bfb9fd78db6e7722e7af3994c69feb5a33427:34,NVDA,v3,0xfd4b8fedc5abeb6fa1b001ccfb9bfb9fd78db6e7722e7af3994c69feb5a33427,34,58963428,2026-09-10T00:08:48+00:00,2026-09-10,buy_stock,36834407,-164517390237614593,-0.164517390237614593,36.834407,0.164517390237614593,0
4663:0x3d825c745b395fca9d7faba5b2dd532f8e964a91002fc1e824a978df159b94bd:26,NVDA,v3,0x3d825c745b395fca9d7faba5b2dd532f8e964a91002fc1e824a978df159b94bd,26,58963477,2026-09-10T00:08:53+00:00,2026-09-10,buy_stablecoin,-7510854,33580087912030972,0.033580087912030972,-7.510854,0,7.510854
4663:0x6ad885a170305a622c70748bcd8b1478199bedb527ab66d34e1f721f7f2f7969:48,NVDA,v3,0x6ad885a170305a622c70748bcd8b1478199bedb527ab66d34e1f721f7f2f7969,48,58963481,2026-09-10T00:08:53+00:00,2026-09-10,buy_stablecoin,-62846013,280976721375016489,0.280976721375016489,-62.846013,0,62.846013
4663:0xa11b68e25be412b47f6add832cffeb957406793e768637737b6952b7327b6098:43,NVDA,v3,0xa11b68e25be412b47f6add832cffeb957406793e768637737b6952b7327b6098,43,58963548,2026-09-10T00:09:00+00:00,2026-09-10,buy_stablecoin,-138237545,618043339196670525,0.618043339196670525,-138.237545,0,138.237545
4663:0xa1e0fdc372bff9269f22d82055539988019a2a433677c839eb07dced4e95565e:9,NVDA,v3,0xa1e0fdc372bff9269f22d82055539988019a2a433677c839eb07dced4e95565e,9,58963553,2026-09-10T00:09:00+00:00,2026-09-10,buy_stock,12487818,-55775730316620767,-0.055775730316620767,12.487818,0.055775730316620767,0
4663:0xdb5b1f12813c748daf33f0c20c74614ffe19fd1d58f8bdee3a7cc2183aa3774e:4,NVDA,v3,0xdb5b1f12813c748daf33f0c20c74614ffe19fd1d58f8bdee3a7cc2183aa3774e,4,58963559,2026-09-10T00:09:01+00:00,2026-09-10,buy_stablecoin,-7590146,33934640255574914,0.033934640255574914,-7.590146,0,7.590146
4663:0xadfdd6c40e126c07fe56c0ac2c346124a846ca423361672e324f43ab2d14016d:17,NVDA,v3,0xadfdd6c40e126c07fe56c0ac2c346124a846ca423361672e324f43ab2d14016d,17,58963627,2026-09-10T00:09:08+00:00,2026-09-10,buy_stock,21986371,-98200164251978468,-0.098200164251978468,21.986371,0.098200164251978468,0
4663:0xe6afdaf2bade1d0db242da3b282e9e03d270115d49b22937d92f9a48b41b626b:10,NVDA,v3,0xe6afdaf2bade1d0db242da3b282e9e03d270115d49b22937d92f9a48b41b626b,10,58963639,2026-09-10T00:09:09+00:00,2026-09-10,buy_stock,13979569,-62438490906169101,-0.062438490906169101,13.979569,0.062438490906169101,0
4663:0x6c9de90143ad469d1719d313191cf620aa4bbc81ca37eddabb11b12a9ec3f183:48,NVDA,v3,0x6c9de90143ad469d1719d313191cf620aa4bbc81ca37eddabb11b12a9ec3f183,48,58963702,2026-09-10T00:09:16+00:00,2026-09-10,buy_stablecoin,-283311221,1266651726570328169,1.266651726570328169,-283.311221,0,283.311221
4663:0xa0b3f6131c83d6e5fc03bdba4c0411243506a0df3aab76447ba020e68c94e3a5:31,NVDA,v3,0xa0b3f6131c83d6e5fc03bdba4c0411243506a0df3aab76447ba020e68c94e3a5,31,58963704,2026-09-10T00:09:16+00:00,2026-09-10,buy_stablecoin,-9331774,41721330611047169,0.041721330611047169,-9.331774,0,9.331774
4663:0xe41b48aaffe8f2b1871fab15ae0851291a88ed68e7e639e1af18796880e14986:44,NVDA,v3,0xe41b48aaffe8f2b1871fab15ae0851291a88ed68e7e639e1af18796880e14986,44,58963716,2026-09-10T00:09:17+00:00,2026-09-10,buy_stablecoin,-591233883,2643346776381147877,2.643346776381147877,-591.233883,0,591.233883
4663:0x22b179233270f1acef1c7bd539f77c8bd933eacb99da4c922c2ec6428dcf1a3a:8,NVDA,v3,0x22b179233270f1acef1c7bd539f77c8bd933eacb99da4c922c2ec6428dcf1a3a,8,58963748,2026-09-10T00:09:20+00:00,2026-09-10,buy_stock,73733203,-329324712860845927,-0.329324712860845927,73.733203,0.329324712860845927,0
4663:0x948193689390fd178d64805020aafbe4cb4c0410d7ff869c452a20896b7f0c4d:21,NVDA,v3,0x948193689390fd178d64805020aafbe4cb4c0410d7ff869c452a20896b7f0c4d,21,58963748,2026-09-10T00:09:20+00:00,2026-09-10,buy_stock,67465369,-301329675197923885,-0.301329675197923885,67.465369,0.301329675197923885,0
4663:0x8dab76759c6cc86c605cc9b531f74d92688d04a236af41b952d15cca6d648821:50,NVDA,v3,0x8dab76759c6cc86c605cc9b531f74d92688d04a236af41b952d15cca6d648821,50,58963748,2026-09-10T00:09:20+00:00,2026-09-10,buy_stock,217569994,-971761220809444391,-0.971761220809444391,217.569994,0.971761220809444391,0
4663:0xe1807517c1b733cffe3b9fc63274db1127834d992dbd2e454e0c46898a5b8da9:43,NVDA,v3,0xe1807517c1b733cffe3b9fc63274db1127834d992dbd2e454e0c46898a5b8da9,43,58963749,2026-09-10T00:09:20+00:00,2026-09-10,buy_stock,217558324,-971707587175964697,-0.971707587175964697,217.558324,0.971707587175964697,0
4663:0x503c9ed64fa39f1b8104215d429c0d4f4c902ad333d618c63f6c90d154b84436:4,NVDA,v3,0x503c9ed64fa39f1b8104215d429c0d4f4c902ad333d618c63f6c90d154b84436,4,58963752,2026-09-10T00:09:21+00:00,2026-09-10,buy_stablecoin,-12762791,57061037215745019,0.057061037215745019,-12.762791,0,12.762791
4663:0x3aeff34f680d5fd1bd6e4bfca25a56f739209fe4ce55c4b73e7be461c662595a:127,NVDA,v3,0x3aeff34f680d5fd1bd6e4bfca25a56f739209fe4ce55c4b73e7be461c662595a,127,58963755,2026-09-10T00:09:21+00:00,2026-09-10,buy_stock,122143712,-545544923045401286,-0.545544923045401286,122.143712,0.545544923045401286,0
4663:0x81f3492ec72a360e825c0f7bcabd1257cf6cd63dee36b6a9af6dbade2b66de75:39,NVDA,v3,0x81f3492ec72a360e825c0f7bcabd1257cf6cd63dee36b6a9af6dbade2b66de75,39,58963760,2026-09-10T00:09:21+00:00,2026-09-10,buy_stock,49351965,-220426390161613207,-0.220426390161613207,49.351965,0.220426390161613207,0
4663:0x76f52ca2d54a8174d3255d70219272f4e23a3c301077788dc039d87b1c21e94e:44,NVDA,v3,0x76f52ca2d54a8174d3255d70219272f4e23a3c301077788dc039d87b1c21e94e,44,58963762,2026-09-10T00:09:22+00:00,2026-09-10,buy_stock,49351906,-220426048983255820,-0.22042604898325582,49.351906,0.22042604898325582,0
4663:0x2f15ed073d90ce9a079eb95604be7e522f54fd8399d109a6355dbf5092983a2c:61,NVDA,v3,0x2f15ed073d90ce9a079eb95604be7e522f54fd8399d109a6355dbf5092983a2c,61,58963762,2026-09-10T00:09:22+00:00,2026-09-10,buy_stock,49351897,-220425931237521238,-0.220425931237521238,49.351897,0.220425931237521238,0
4663:0x0ccb6effec3f7a25c20e5ed8baf9d2cb0c02c6a7f36720d6ddd790ffb31d193e:53,NVDA,v3,0x0ccb6effec3f7a25c20e5ed8baf9d2cb0c02c6a7f36720d6ddd790ffb31d193e,53,58963765,2026-09-10T00:09:22+00:00,2026-09-10,buy_stock,43967587,-196377315557957718,-0.196377315557957718,43.967587,0.196377315557957718,0
4663:0xa423525fc24c712d33914b7da967316fbb61d461161103969025a348abc8dec3:24,NVDA,v3,0xa423525fc24c712d33914b7da967316fbb61d461161103969025a348abc8dec3,24,58963769,2026-09-10T00:09:22+00:00,2026-09-10,buy_stock,49352034,-220426392375633257,-0.220426392375633257,49.352034,0.220426392375633257,0
4663:0x8448281c21f8a09b568cb693b3c6bf0a700126d07802dfbe3ca1be1bd3d33383:36,NVDA,v3,0x8448281c21f8a09b568cb693b3c6bf0a700126d07802dfbe3ca1be1bd3d33383,36,58963777,2026-09-10T00:09:23+00:00,2026-09-10,buy_stablecoin,-152085207,679954857147321489,0.679954857147321489,-152.085207,0,152.085207
4663:0x66fabe876ebadf3037fb0eeb0a8242b9103444524b251172cfaeb11d22d9fe07:53,NVDA,v3,0x66fabe876ebadf3037fb0eeb0a8242b9103444524b251172cfaeb11d22d9fe07,53,58963777,2026-09-10T00:09:23+00:00,2026-09-10,buy_stablecoin,-224421544,1003363356212718694,1.003363356212718694,-224.421544,0,224.421544
4663:0xbc04337b94f2f51473965f5252087f87b65561105bd361e97716e6874a00bf9c:46,NVDA,v3,0xbc04337b94f2f51473965f5252087f87b65561105bd361e97716e6874a00bf9c,46,58963780,2026-09-10T00:09:23+00:00,2026-09-10,buy_stablecoin,-51670596,231013622447624611,0.231013622447624611,-51.670596,0,51.670596
4663:0x6cd25dcae8eea68dad8667b17cf965d7e889a249e77d9397414b5295d50fa493:12,NVDA,v3,0x6cd25dcae8eea68dad8667b17cf965d7e889a249e77d9397414b5295d50fa493,12,58963781,2026-09-10T00:09:24+00:00,2026-09-10,buy_stablecoin,-42641183,190644163219221452,0.190644163219221452,-42.641183,0,42.641183
4663:0xda89d3162b4c99978f39885e0c5a95d36a32ddd22d3c0bb88bd8e8cccfee1c9e:26,NVDA,v3,0xda89d3162b4c99978f39885e0c5a95d36a32ddd22d3c0bb88bd8e8cccfee1c9e,26,58963793,2026-09-10T00:09:25+00:00,2026-09-10,buy_stock,97717312,-436446772022661744,-0.436446772022661744,97.717312,0.436446772022661744,0
4663:0x6a505f026457bef11b248c2f961da13a6d07937ebdb48efe28c2815a14626f58:46,NVDA,v3,0x6a505f026457bef11b248c2f961da13a6d07937ebdb48efe28c2815a14626f58,46,58963794,2026-09-10T00:09:25+00:00,2026-09-10,buy_stock,73287960,-327334773422865598,-0.327334773422865598,73.28796,0.327334773422865598,0
4663:0x485843d1cb48adff5d51a4d6be2881bdd88a3fe5f5b6092242b5f9de225008a3:29,NVDA,v3,0x485843d1cb48adff5d51a4d6be2881bdd88a3fe5f5b6092242b5f9de225008a3,29,58963795,2026-09-10T00:09:25+00:00,2026-09-10,buy_stock,537444416,-2400446991152011892,-2.400446991152011892,537.444416,2.400446991152011892,0
4663:0xac86ffb22aafa1645cbe95082ffe3c0949f04363efa35e510dac574ad56fc783:50,NVDA,v3,0xac86ffb22aafa1645cbe95082ffe3c0949f04363efa35e510dac574ad56fc783,50,58963795,2026-09-10T00:09:25+00:00,2026-09-10,buy_stock,610730954,-2727763541946820300,-2.7277635419468203,610.730954,2.7277635419468203,0
4663:0xc7dbf637e6ec4a503526d90f45b08f2a195738eb9dda7a90383b067d207fba61:47,NVDA,v3,0xc7dbf637e6ec4a503526d90f45b08f2a195738eb9dda7a90383b067d207fba61,47,58963799,2026-09-10T00:09:25+00:00,2026-09-10,buy_stock,64236182,-286903243436324665,-0.286903243436324665,64.236182,0.286903243436324665,0
4663:0x6a11fb42e78ff4069e1f285d34969677f347e8609b20f6bf96a1aa3a94937030:43,NVDA,v3,0x6a11fb42e78ff4069e1f285d34969677f347e8609b20f6bf96a1aa3a94937030,43,58963830,2026-09-10T00:09:29+00:00,2026-09-10,buy_stock,185659036,-829223206100866518,-0.829223206100866518,185.659036,0.829223206100866518,0
4663:0xa37438335def976afe13445547500a9404d818974d0588b01a1b259ecce0f69f:33,NVDA,v3,0xa37438335def976afe13445547500a9404d818974d0588b01a1b259ecce0f69f,33,58963842,2026-09-10T00:09:30+00:00,2026-09-10,buy_stock,122144098,-545540961085424247,-0.545540961085424247,122.144098,0.545540961085424247,0
4663:0x8611f83f87a241da8fa016579a3a47e6271c2586a7db992b66246b3af541d19b:7,NVDA,v3,0x8611f83f87a241da8fa016579a3a47e6271c2586a7db992b66246b3af541d19b,7,58963844,2026-09-10T00:09:30+00:00,2026-09-10,buy_stock,61072027,-272770201917057908,-0.272770201917057908,61.072027,0.272770201917057908,0
4663:0xf8c6b80b6ef2004dd8acfa9bb4ae19d7717548652701aa8e82f45e51eefc4eaa:8,NVDA,v3,0xf8c6b80b6ef2004dd8acfa9bb4ae19d7717548652701aa8e82f45e51eefc4eaa,8,58963846,2026-09-10T00:09:30+00:00,2026-09-10,buy_stock,244287933,-1091078856327236002,-1.091078856327236002,244.287933,1.091078856327236002,0
4663:0x1a060d315d78d8ab7d1967871edd172146b44f3c9e584e65981954dfbccb2f40:48,NVDA,v3,0x1a060d315d78d8ab7d1967871edd172146b44f3c9e584e65981954dfbccb2f40,48,58963847,2026-09-10T00:09:30+00:00,2026-09-10,buy_stablecoin,-36624098,163740136566986304,0.163740136566986304,-36.624098,0,36.624098
4663:0x1b9094413fc0eb254cfa7c04687087b12d9e6e43295829292be5adf8cb2bb247:91,NVDA,v3,0x1b9094413fc0eb254cfa7c04687087b12d9e6e43295829292be5adf8cb2bb247,91,58963847,2026-09-10T00:09:30+00:00,2026-09-10,buy_stock,51818630,-231440682442259646,-0.231440682442259646,51.81863,0.231440682442259646,0
4663:0xcd9e88d70d97234df566006645a08d1eaa52887d94e4b80dc84ec46c420b0a0b:8,NVDA,v3,0xcd9e88d70d97234df566006645a08d1eaa52887d94e4b80dc84ec46c420b0a0b,8,58963865,2026-09-10T00:09:32+00:00,2026-09-10,buy_stock,183215438,-818305520372256584,-0.818305520372256584,183.215438,0.818305520372256584,0
4663:0x67cf0722e758e6e6f9149b0aa8295ac1529a6454df67dbba2a66ee13e80463de:14,NVDA,v3,0x67cf0722e758e6e6f9149b0aa8295ac1529a6454df67dbba2a66ee13e80463de,14,58963885,2026-09-10T00:09:34+00:00,2026-09-10,buy_stock,9352152,-41770015105872881,-0.041770015105872881,9.352152,0.041770015105872881,0
4663:0x1040b48d9aeb62f071a83c4490b314b5cca0ae73e49a2bb2f89311a0030a482e:12,NVDA,v3,0x1040b48d9aeb62f071a83c4490b314b5cca0ae73e49a2bb2f89311a0030a482e,12,58963886,2026-09-10T00:09:34+00:00,2026-09-10,buy_stock,61071824,-272768301814989456,-0.272768301814989456,61.071824,0.272768301814989456,0
4663:0x87d39df41ae1d65fc3544d9c4d92e23a9696835092cb4e301fdb1085c40083ce:10,NVDA,v3,0x87d39df41ae1d65fc3544d9c4d92e23a9696835092cb4e301fdb1085c40083ce,10,58963903,2026-09-10T00:09:36+00:00,2026-09-10,buy_stock,9558458,-42691429910247498,-0.042691429910247498,9.558458,0.042691429910247498,0
4663:0xb1107b9ae1b08b0f3f01a1d74287928fee127a9c9d622ea6e2385979ff0193c3:52,NVDA,v3,0xb1107b9ae1b08b0f3f01a1d74287928fee127a9c9d622ea6e2385979ff0193c3,52,58963904,2026-09-10T00:09:36+00:00,2026-09-10,buy_stablecoin,-690803011,3088464262400885069,3.088464262400885069,-690.803011,0,690.803011
4663:0x8e17eccf85f157bf2f175bded11a1215b9ddd46377fd4428a949547eeb76323a:13,NVDA,v3,0x8e17eccf85f157bf2f175bded11a1215b9ddd46377fd4428a949547eeb76323a,13,58963911,2026-09-10T00:09:37+00:00,2026-09-10,buy_stablecoin,-61375980,274402437446651361,0.274402437446651361,-61.37598,0,61.37598
4663:0x0c1ee584a0c5ab83f220ca8608d8d2d19961562c00c06bc33e07fd4678277f0d:8,NVDA,v3,0x0c1ee584a0c5ab83f220ca8608d8d2d19961562c00c06bc33e07fd4678277f0d,8,58963912,2026-09-10T00:09:37+00:00,2026-09-10,buy_stock,97714102,-436427696959367455,-0.436427696959367455,97.714102,0.436427696959367455,0
4663:0x59484bddf606f19583e13e8cd33b0acd635c39fb9eeb9bea9ac301a73f1ba0a1:39,NVDA,v3,0x59484bddf606f19583e13e8cd33b0acd635c39fb9eeb9bea9ac301a73f1ba0a1,39,58963915,2026-09-10T00:09:37+00:00,2026-09-10,buy_stablecoin,-10111678,45207718478003989,0.045207718478003989,-10.111678,0,10.111678
4663:0x6ae3dd83ae94b7eda14450eea6def3fee25117e12ce2779541e3e5a0e866d2db:14,NVDA,v3,0x6ae3dd83ae94b7eda14450eea6def3fee25117e12ce2779541e3e5a0e866d2db,14,58963916,2026-09-10T00:09:37+00:00,2026-09-10,buy_stablecoin,-225447912,1007942864133739802,1.007942864133739802,-225.447912,0,225.447912
4663:0xc8e42a4f662dd0ed5be8be1f041ca54d0a1657379478fac510ad1dcca32f13b1:9,NVDA,v3,0xc8e42a4f662dd0ed5be8be1f041ca54d0a1657379478fac510ad1dcca32f13b1,9,58963917,2026-09-10T00:09:37+00:00,2026-09-10,buy_stock,14338934,-64043118184573825,-0.064043118184573825,14.338934,0.064043118184573825,0
4663:0x0b46436ecba3021e9a250d036288995826a3d8a79314ac42d96c1821c3e74669:10,NVDA,v3,0x0b46436ecba3021e9a250d036288995826a3d8a79314ac42d96c1821c3e74669,10,58963920,2026-09-10T00:09:38+00:00,2026-09-10,buy_stock,73285618,-327321277275264977,-0.327321277275264977,73.285618,0.327321277275264977,0
4663:0x040499d4812e6ea34dcda496718e9e8f5b8901c22a0711ec828815ab291cb474:83,NVDA,v3,0x040499d4812e6ea34dcda496718e9e8f5b8901c22a0711ec828815ab291cb474,83,58963920,2026-09-10T00:09:38+00:00,2026-09-10,buy_stock,537427245,-2400348043667862174,-2.400348043667862174,537.427245,2.400348043667862174,0
4663:0xde21448078bae58d8c83874f5e1d093ae017a47f111b84df38657ad2608115c6:4,NVDA,v3,0xde21448078bae58d8c83874f5e1d093ae017a47f111b84df38657ad2608115c6,4,58963926,2026-09-10T00:09:38+00:00,2026-09-10,buy_stablecoin,-7111377,31793756062610393,0.031793756062610393,-7.111377,0,7.111377
4663:0x6f14dde86bf3f5f41beb60f4513c9830222c42777dd4ec66ea8f8ef6d450d78b:25,NVDA,v3,0x6f14dde86bf3f5f41beb60f4513c9830222c42777dd4ec66ea8f8ef6d450d78b,25,58963929,2026-09-10T00:09:39+00:00,2026-09-10,buy_stablecoin,-8867010,39642896968459682,0.039642896968459682,-8.86701,0,8.86701
4663:0x5ddb8830372e86ba2f32532f70e73c0159aab7bdd6d2a2e3516c86e7249c17af:12,NVDA,v3,0x5ddb8830372e86ba2f32532f70e73c0159aab7bdd6d2a2e3516c86e7249c17af,12,58963934,2026-09-10T00:09:39+00:00,2026-09-10,buy_stablecoin,-9679035,43273325543145675,0.043273325543145675,-9.679035,0,9.679035
4663:0xf1292812efb2288a2f99eb8133cc59db5853f862a39666e10bda737142b27142:32,NVDA,v3,0xf1292812efb2288a2f99eb8133cc59db5853f862a39666e10bda737142b27142,32,58963934,2026-09-10T00:09:39+00:00,2026-09-10,buy_stablecoin,-9500480,42475039601605906,0.042475039601605906,-9.50048,0,9.50048
4663:0x566d4d08a1c484def84b3f58a23dbb610215d8b2a8502df121ac374b3d74825e:44,NVDA,v3,0x566d4d08a1c484def84b3f58a23dbb610215d8b2a8502df121ac374b3d74825e,44,58963935,2026-09-10T00:09:39+00:00,2026-09-10,buy_stock,24428318,-109105671869593753,-0.109105671869593753,24.428318,0.109105671869593753,0
4663:0x85f5f52da7989a845cacb599a7f000d102f1404e6cdf981fcf3a45b90533d6bf:103,NVDA,v3,0x85f5f52da7989a845cacb599a7f000d102f1404e6cdf981fcf3a45b90533d6bf,103,58963936,2026-09-10T00:09:39+00:00,2026-09-10,buy_stablecoin,-8223191,36764492854235956,0.036764492854235956,-8.223191,0,8.223191
4663:0x5282e48ebcef0a3ca0cd892ac8048521859cb6858128c13c49db809e4d332800:10,NVDA,v3,0x5282e48ebcef0a3ca0cd892ac8048521859cb6858128c13c49db809e4d332800,10,58963955,2026-09-10T00:09:41+00:00,2026-09-10,buy_stablecoin,-228963267,1023656711938336106,1.023656711938336106,-228.963267,0,228.963267
4663:0x0a4aead48f65960c33fcddea2647792459fc2a9b1fb8c170b0d9a427a1a862f1:8,NVDA,v3,0x0a4aead48f65960c33fcddea2647792459fc2a9b1fb8c170b0d9a427a1a862f1,8,58963958,2026-09-10T00:09:41+00:00,2026-09-10,buy_stablecoin,-99641373,445480541180777755,0.445480541180777755,-99.641373,0,99.641373
4663:0x51ec8310803df95ad06d5064e31aef795b1325906d54f978f129c58a69249a6a:29,NVDA,v3,0x51ec8310803df95ad06d5064e31aef795b1325906d54f978f129c58a69249a6a,29,58963960,2026-09-10T00:09:42+00:00,2026-09-10,buy_stock,4584853,-20477651031820234,-0.020477651031820234,4.584853,0.020477651031820234,0
4663:0x81415513a7416a1bcce21b7dc1c902e15f744516fc8fd495ed2f06ddb8370567:121,NVDA,v3,0x81415513a7416a1bcce21b7dc1c902e15f744516fc8fd495ed2f06ddb8370567,121,58963977,2026-09-10T00:09:43+00:00,2026-09-10,buy_stock,14537307,-64928997627727077,-0.064928997627727077,14.537307,0.064928997627727077,0
4663:0xf7bf6d5c5d9b9972804328273b0bde4307fe03daaf56ef0ae13b6b3902b9fa48:11,NVDA,v3,0xf7bf6d5c5d9b9972804328273b0bde4307fe03daaf56ef0ae13b6b3902b9fa48,11,58963990,2026-09-10T00:09:45+00:00,2026-09-10,buy_stock,1784487,-7970176255523379,-0.007970176255523379,1.784487,0.007970176255523379,0
4663:0xe6f4f51454918634df7656f11909fd853a5f4951d91fa82b470bf61cf2f5df99:20,NVDA,v3,0xe6f4f51454918634df7656f11909fd853a5f4951d91fa82b470bf61cf2f5df99,20,58964000,2026-09-10T00:09:46+00:00,2026-09-10,buy_stock,14537298,-64928949857702421,-0.064928949857702421,14.537298,0.064928949857702421,0
4663:0x6ee2fbd39fdf3048f625b9c3aa9a7b727a4b62f50ecb4088cd2c882cbc6c2fa9:12,NVDA,v3,0x6ee2fbd39fdf3048f625b9c3aa9a7b727a4b62f50ecb4088cd2c882cbc6c2fa9,12,58964012,2026-09-10T00:09:47+00:00,2026-09-10,buy_stock,6466200,-28880435403083047,-0.028880435403083047,6.4662,0.028880435403083047,0
4663:0xddef3793b14a1ff381b17ef7878b122b84ee71798a77daa4a08b97a07c01be9a:34,NVDA,v3,0xddef3793b14a1ff381b17ef7878b122b84ee71798a77daa4a08b97a07c01be9a,34,58964017,2026-09-10T00:09:47+00:00,2026-09-10,buy_stock,30535348,-136382132092331013,-0.136382132092331013,30.535348,0.136382132092331013,0
4663:0x34ff2105a9fa44a0671060da20bccd65471ac13474308b9d2375344bae66497a:51,NVDA,v3,0x34ff2105a9fa44a0671060da20bccd65471ac13474308b9d2375344bae66497a,51,58964017,2026-09-10T00:09:47+00:00,2026-09-10,buy_stock,30535344,-136382084538908321,-0.136382084538908321,30.535344,0.136382084538908321,0
4663:0xacc359f6127dab28c5308a92cbbaaa426193a2cf3a6a103b973d4d697855acad:68,NVDA,v3,0xacc359f6127dab28c5308a92cbbaaa426193a2cf3a6a103b973d4d697855acad,68,58964017,2026-09-10T00:09:47+00:00,2026-09-10,buy_stock,30535341,-136382041454107918,-0.136382041454107918,30.535341,0.136382041454107918,0
4663:0xda342c5a6c1b62427ef796bcbb8037339a0e3cbccbd736ca891efb605a766c7a:85,NVDA,v3,0xda342c5a6c1b62427ef796bcbb8037339a0e3cbccbd736ca891efb605a766c7a,85,58964017,2026-09-10T00:09:47+00:00,2026-09-10,buy_stock,30535337,-136381993900725996,-0.136381993900725996,30.535337,0.136381993900725996,0
4663:0x89177a764bf1d0ee28deef7d77a85a9d970e81bfcfe630664bc02084f2b98467:32,NVDA,v3,0x89177a764bf1d0ee28deef7d77a85a9d970e81bfcfe630664bc02084f2b98467,32,58964021,2026-09-10T00:09:48+00:00,2026-09-10,buy_stock,30535301,-136381803352197883,-0.136381803352197883,30.535301,0.136381803352197883,0
4663:0x7137c0949d86594413a58d74f89ba8b434b5285da12cd2e47eedbe336633e93c:49,NVDA,v3,0x7137c0949d86594413a58d74f89ba8b434b5285da12cd2e47eedbe336633e93c,49,58964021,2026-09-10T00:09:48+00:00,2026-09-10,buy_stock,30535298,-136381760267518925,-0.136381760267518925,30.535298,0.136381760267518925,0
4663:0xfdc0563664748abfc6f6d7c7eea0f459ba977c56e9e163aa20dfaa60a7ebd722:66,NVDA,v3,0xfdc0563664748abfc6f6d7c7eea0f459ba977c56e9e163aa20dfaa60a7ebd722,66,58964021,2026-09-10T00:09:48+00:00,2026-09-10,buy_stock,30535294,-136381712714261366,-0.136381712714261366,30.535294,0.136381712714261366,0
4663:0xa0b873f42debeb3cd1b5fde5f89f57e8be6681378bab0839069c17170756d5c9:83,NVDA,v3,0xa0b873f42debeb3cd1b5fde5f89f57e8be6681378bab0839069c17170756d5c9,83,58964021,2026-09-10T00:09:48+00:00,2026-09-10,buy_stock,30535291,-136381669629621233,-0.136381669629621233,30.535291,0.136381669629621233,0
4663:0xeec7ad8b37f455bb73e8faab1d9a586f68551a9867289488897b9ea653b76636:15,NVDA,v3,0xeec7ad8b37f455bb73e8faab1d9a586f68551a9867289488897b9ea653b76636,15,58964024,2026-09-10T00:09:48+00:00,2026-09-10,buy_stablecoin,-133593218,597273052898294456,0.597273052898294456,-133.593218,0,133.593218
4663:0x1854bc7853906e51f408f2bbb13396af8a4d87d7ffeec5aa94fd8c5f745566cd:25,NVDA,v3,0x1854bc7853906e51f408f2bbb13396af8a4d87d7ffeec5aa94fd8c5f745566cd,25,58964024,2026-09-10T00:09:48+00:00,2026-09-10,buy_stock,30535288,-136381756456208307,-0.136381756456208307,30.535288,0.136381756456208307,0
4663:0x0524fe9db15b75d29667b24c929dd5eb148991530d6e9793a8df6a8629ab232e:42,NVDA,v3,0x0524fe9db15b75d29667b24c929dd5eb148991530d6e9793a8df6a8629ab232e,42,58964024,2026-09-10T00:09:48+00:00,2026-09-10,buy_stock,30535285,-136381713371549877,-0.136381713371549877,30.535285,0.136381713371549877,0
4663:0x5a61c49e2c16dde011578c571820d9c1b83163281d203bcc305daad045a618aa:77,NVDA,v3,0x5a61c49e2c16dde011578c571820d9c1b83163281d203bcc305daad045a618aa,77,58964026,2026-09-10T00:09:48+00:00,2026-09-10,buy_stock,39424738,-176085206152436485,-0.176085206152436485,39.424738,0.176085206152436485,0
4663:0x277c9365b2888651b5b721287e5ed71611af5fc094915a4f5e39b04dacfe7ecb:94,NVDA,v3,0x277c9365b2888651b5b721287e5ed71611af5fc094915a4f5e39b04dacfe7ecb,94,58964026,2026-09-10T00:09:48+00:00,2026-09-10,buy_stock,39424732,-176085129866462470,-0.17608512986646247,39.424732,0.17608512986646247,0
4663:0x732074a2d1ee7fb5a2353bd34a248f1a5daaaba6bd5e491d6b1093758e8c6efa:14,NVDA,v3,0x732074a2d1ee7fb5a2353bd34a248f1a5daaaba6bd5e491d6b1093758e8c6efa,14,58964027,2026-09-10T00:09:48+00:00,2026-09-10,buy_stablecoin,-153904953,688083457485294510,0.68808345748529451,-153.904953,0,153.904953
4663:0xfb73c924b17e38bb2d9dcf87b7ec54b95a3d78474cfdc605b72293bc7573effd:11,NVDA,v3,0xfb73c924b17e38bb2d9dcf87b7ec54b95a3d78474cfdc605b72293bc7573effd,11,58964028,2026-09-10T00:09:49+00:00,2026-09-10,buy_stablecoin,-113305425,506570202120206151,0.506570202120206151,-113.305425,0,113.305425
4663:0x622bead06615c3f3c57351d9e969513d5efcd5e778e0da1dd06c8628205f5e82:11,NVDA,v3,0x622bead06615c3f3c57351d9e969513d5efcd5e778e0da1dd06c8628205f5e82,11,58964029,2026-09-10T00:09:49+00:00,2026-09-10,buy_stock,39424766,-176085567816878012,-0.176085567816878012,39.424766,0.176085567816878012,0
4663:0x1134f6dc74a6083e95d01062c5c64739d9c0111b571478550221385ba713f2ab:28,NVDA,v3,0x1134f6dc74a6083e95d01062c5c64739d9c0111b571478550221385ba713f2ab,28,58964029,2026-09-10T00:09:49+00:00,2026-09-10,buy_stock,39424761,-176085495999299849,-0.176085495999299849,39.424761,0.176085495999299849,0
4663:0x7be91fdbf805acf703e6f7a5c658813cefc6c536ac09a7fe210d73c1155f4874:8,NVDA,v3,0x7be91fdbf805acf703e6f7a5c658813cefc6c536ac09a7fe210d73c1155f4874,8,58964032,2026-09-10T00:09:49+00:00,2026-09-10,buy_stock,100495331,-448848925201527485,-0.448848925201527485,100.495331,0.448848925201527485,0
4663:0xf1e4d1cfd34a99c8c07a73d26c10e306943bf20856e9cdf318683f797ca8d103:28,NVDA,v3,0xf1e4d1cfd34a99c8c07a73d26c10e306943bf20856e9cdf318683f797ca8d103,28,58964032,2026-09-10T00:09:49+00:00,2026-09-10,buy_stablecoin,-35496461,158698808313373351,0.158698808313373351,-35.496461,0,35.496461
4663:0xe15f86634565f66c400fd90f879f525c4f592457c8f4149851091a0d86de3fc0:173,NVDA,v3,0xe15f86634565f66c400fd90f879f525c4f592457c8f4149851091a0d86de3fc0,173,58964033,2026-09-10T00:09:49+00:00,2026-09-10,buy_stock,100495292,-448848543063714542,-0.448848543063714542,100.495292,0.448848543063714542,0
4663:0x9aaedb3184ac09886737fdf15269c034d9729f552654110262af888c86d2a7d6:31,NVDA,v3,0x9aaedb3184ac09886737fdf15269c034d9729f552654110262af888c86d2a7d6,31,58964034,2026-09-10T00:09:49+00:00,2026-09-10,buy_stablecoin,-5388023757,24089411866322807385,24.089411866322807385,-5388.023757,0,5388.023757
4663:0xd108e92c61cf004e6fafbddfcbf6fb0815066e031cd23ad822d5191510dfaea0:30,NVDA,v3,0xd108e92c61cf004e6fafbddfcbf6fb0815066e031cd23ad822d5191510dfaea0,30,58964037,2026-09-10T00:09:49+00:00,2026-09-10,buy_stock,2580618,-11526414580685069,-0.011526414580685069,2.580618,0.011526414580685069,0
4663:0x8d79000f80b35eb1e25de93906ab7d87383522f3c2f2aa63318dc7db1576b06a:8,NVDA,v3,0x8d79000f80b35eb1e25de93906ab7d87383522f3c2f2aa63318dc7db1576b06a,8,58964039,2026-09-10T00:09:50+00:00,2026-09-10,buy_stock,2931389487,-13093013503059931489,-13.093013503059931489,2931.389487,13.093013503059931489,0
4663:0x824fad4c7ad114e0cded4e3816913d3bc609483f0ec3045b0ab1ca98e355a1dc:29,NVDA,v3,0x824fad4c7ad114e0cded4e3816913d3bc609483f0ec3045b0ab1ca98e355a1dc,29,58964040,2026-09-10T00:09:50+00:00,2026-09-10,buy_stablecoin,-2548761,11395282656010717,0.011395282656010717,-2.548761,0,2.548761
4663:0x5c5c75bf266b1ba79633e0abf88a09b0ac9016af8c5564340ca8d4a93a06815b:47,NVDA,v3,0x5c5c75bf266b1ba79633e0abf88a09b0ac9016af8c5564340ca8d4a93a06815b,47,58964040,2026-09-10T00:09:50+00:00,2026-09-10,buy_stablecoin,-169393817,757345033804897220,0.75734503380489722,-169.393817,0,169.393817
4663:0xec243633d935f869895ff387db00b1dc894c9bf10671e180b559e0ae557c0d19:59,NVDA,v3,0xec243633d935f869895ff387db00b1dc894c9bf10671e180b559e0ae557c0d19,59,58964042,2026-09-10T00:09:50+00:00,2026-09-10,buy_stablecoin,-279520595,1249714285714285714,1.249714285714285714,-279.520595,0,279.520595
4663:0x5d5f1ab40523bc37d420062e81de1de4e39d470afd035ab6ca4e8087e8d7d3f9:9,NVDA,v3,0x5d5f1ab40523bc37d420062e81de1de4e39d470afd035ab6ca4e8087e8d7d3f9,9,58964051,2026-09-10T00:09:51+00:00,2026-09-10,buy_stock,122140249,-545533670123089710,-0.54553367012308971,122.140249,0.54553367012308971,0
4663:0x38e0dc1cb5ba7a9ec572a05cb777716eb621aa34a9056b139a9d62bf52ec32f5:72,NVDA,v3,0x38e0dc1cb5ba7a9ec572a05cb777716eb621aa34a9056b139a9d62bf52ec32f5,72,58964055,2026-09-10T00:09:51+00:00,2026-09-10,buy_stablecoin,-37567421,167960990796001018,0.167960990796001018,-37.567421,0,37.567421
4663:0xde262431561c955341458d4dd05fe91f3cf479074f3455dfdf2cb76b9d78705b:50,NVDA,v3,0xde262431561c955341458d4dd05fe91f3cf479074f3455dfdf2cb76b9d78705b,50,58964058,2026-09-10T00:09:52+00:00,2026-09-10,buy_stock,279154246,-1246827849438558438,-1.246827849438558438,279.154246,1.246827849438558438,0
4663:0x045c38d1dda4a5861efa582a9f5c21eeef80132697e887cd6bbc4ddacadcabf6:65,NVDA,v3,0x045c38d1dda4a5861efa582a9f5c21eeef80132697e887cd6bbc4ddacadcabf6,65,58964058,2026-09-10T00:09:52+00:00,2026-09-10,buy_stock,229842081,-1026575778808731124,-1.026575778808731124,229.842081,1.026575778808731124,0
4663:0x5c4a1591d16ce4c8b3addeeb1d6307ebbb6979823c49414cac1c4434a598714e:80,NVDA,v3,0x5c4a1591d16ce4c8b3addeeb1d6307ebbb6979823c49414cac1c4434a598714e,80,58964058,2026-09-10T00:09:52+00:00,2026-09-10,buy_stock,223846884,-999796978690820376,-0.999796978690820376,223.846884,0.999796978690820376,0
4663:0xa1aa7f3907e9affe061582de75b1a8f679ee5a8f959484322a272a01272d6b01:8,NVDA,v3,0xa1aa7f3907e9affe061582de75b1a8f679ee5a8f959484322a272a01272d6b01,8,58964061,2026-09-10T00:09:52+00:00,2026-09-10,buy_stock,48856256,-218212950073235137,-0.218212950073235137,48.856256,0.218212950073235137,0
4663:0x1c33e0ab8fb8f030d154d349cfd826eac6597c863cabe8ab406b4831b945af58:33,NVDA,v3,0x1c33e0ab8fb8f030d154d349cfd826eac6597c863cabe8ab406b4831b945af58,33,58964062,2026-09-10T00:09:52+00:00,2026-09-10,buy_stablecoin,-15213906,68019811814439129,0.068019811814439129,-15.213906,0,15.213906
4663:0x33f299f6b385dff0b52c97ee24aee728865d32e28cdcae709c68b93b7069beb7:12,NVDA,v3,0x33f299f6b385dff0b52c97ee24aee728865d32e28cdcae709c68b93b7069beb7,12,58964066,2026-09-10T00:09:52+00:00,2026-09-10,buy_stablecoin,-3510146,15693504577492396,0.015693504577492396,-3.510146,0,3.510146
4663:0x01754d4bbad3c9b500b2196e1b6632112792461d991a9f839c9053ee13ac1b75:25,NVDA,v3,0x01754d4bbad3c9b500b2196e1b6632112792461d991a9f839c9053ee13ac1b75,25,58964066,2026-09-10T00:09:52+00:00,2026-09-10,buy_stock,61070311,-272766078062130815,-0.272766078062130815,61.070311,0.272766078062130815,0
4663:0xcb6128a2e61dd1beae115006c8d27e54ad07985ba74fc1a2b2ea4128aca5554b:31,NVDA,v3,0xcb6128a2e61dd1beae115006c8d27e54ad07985ba74fc1a2b2ea4128aca5554b,31,58964071,2026-09-10T00:09:53+00:00,2026-09-10,buy_stablecoin,-5775841,25823184769846327,0.025823184769846327,-5.775841,0,5.775841
4663:0x1eebe0e09152ced256a330028061fe0eb4dacad1933ce45321a7d1e2d618bef7:27,NVDA,v3,0x1eebe0e09152ced256a330028061fe0eb4dacad1933ce45321a7d1e2d618bef7,27,58964076,2026-09-10T00:09:53+00:00,2026-09-10,buy_stock,103231024,-461073572743135008,-0.461073572743135008,103.231024,0.461073572743135008,0
4663:0x99f4e38c4a20a0cdfb1a2f60d74c26f67a470505e363228939621eac1f3fc8c7:41,NVDA,v3,0x99f4e38c4a20a0cdfb1a2f60d74c26f67a470505e363228939621eac1f3fc8c7,41,58964076,2026-09-10T00:09:53+00:00,2026-09-10,buy_stock,141049503,-629986406653533388,-0.629986406653533388,141.049503,0.629986406653533388,0
4663:0x4b5d5391fcb47401bddb2be17d157290eafa71dd134d39f1ea595d0752ea4ccc:44,NVDA,v3,0x4b5d5391fcb47401bddb2be17d157290eafa71dd134d39f1ea595d0752ea4ccc,44,58964078,2026-09-10T00:09:54+00:00,2026-09-10,buy_stock,122140179,-545528897567753374,-0.545528897567753374,122.140179,0.545528897567753374,0
4663:0xd33cd2e9071e651e33d1ba8bd1eead0de9d46560aeedc8188ddfece2c19afb54:61,NVDA,v3,0xd33cd2e9071e651e33d1ba8bd1eead0de9d46560aeedc8188ddfece2c19afb54,61,58964078,2026-09-10T00:09:54+00:00,2026-09-10,buy_stock,122140122,-545528167992859573,-0.545528167992859573,122.140122,0.545528167992859573,0
4663:0x3b6da3262073d581ae05b438def45daca5e95552729bc76eff180935922c1569:78,NVDA,v3,0x3b6da3262073d581ae05b438def45daca5e95552729bc76eff180935922c1569,78,58964078,2026-09-10T00:09:54+00:00,2026-09-10,buy_stock,122140065,-545527438419250949,-0.545527438419250949,122.140065,0.545527438419250949,0
4663:0xaddf6e41a18c0fe4d15921d68358c9e9c7335d5f80a71dba9cac409a8aaed873:32,NVDA,v3,0xaddf6e41a18c0fe4d15921d68358c9e9c7335d5f80a71dba9cac409a8aaed873,32,58964081,2026-09-10T00:09:54+00:00,2026-09-10,buy_stablecoin,-99858954,446457207586838044,0.446457207586838044,-99.858954,0,99.858954
4663:0x7b5346dedfd0ff6528814c33898c56b1f3c463ef9c3412acb8bce5b57fbbf7f2:15,NVDA,v3,0x7b5346dedfd0ff6528814c33898c56b1f3c463ef9c3412acb8bce5b57fbbf7f2,15,58964082,2026-09-10T00:09:54+00:00,2026-09-10,buy_stablecoin,-232363806,1038871476121988769,1.038871476121988769,-232.363806,0,232.363806
4663:0x5ba6cfc0cf12f356b894e2158788a47f5bc66d690b8c841099b65d9b5c030b67:34,NVDA,v3,0x5ba6cfc0cf12f356b894e2158788a47f5bc66d690b8c841099b65d9b5c030b67,34,58964082,2026-09-10T00:09:54+00:00,2026-09-10,buy_stablecoin,-14147822,63253318855960331,0.063253318855960331,-14.147822,0,14.147822
4663:0x11cff3294da02e24e386a483dd90666fbabcc05f0262cc41b1638add231f1a2f:40,NVDA,v3,0x11cff3294da02e24e386a483dd90666fbabcc05f0262cc41b1638add231f1a2f,40,58964084,2026-09-10T00:09:54+00:00,2026-09-10,buy_stablecoin,-333999608,1493276455779465520,1.49327645577946552,-333.999608,0,333.999608
4663:0xc250b70633ce1e7db3fe645c717bc848d66620b478b8bcf4c0240b704b67cc59:29,NVDA,v3,0xc250b70633ce1e7db3fe645c717bc848d66620b478b8bcf4c0240b704b67cc59,29,58964089,2026-09-10T00:09:55+00:00,2026-09-10,buy_stablecoin,-12336664,55155974590283697,0.055155974590283697,-12.336664,0,12.336664
4663:0x7856a3ae2ef023d2d53d4374de5a52102e1a5128ac4567748aa98e3a3d4be52a:37,NVDA,v3,0x7856a3ae2ef023d2d53d4374de5a52102e1a5128ac4567748aa98e3a3d4be52a,37,58964091,2026-09-10T00:09:55+00:00,2026-09-10,buy_stablecoin,-46637612,208512069041238351,0.208512069041238351,-46.637612,0,46.637612
4663:0x05478626c79941360978338622176c28d35a0ffd89659344a732bd8c91e51348:14,NVDA,v3,0x05478626c79941360978338622176c28d35a0ffd89659344a732bd8c91e51348,14,58964100,2026-09-10T00:09:56+00:00,2026-09-10,buy_stablecoin,-225970411,1010291935216205980,1.01029193521620598,-225.970411,0,225.970411
4663:0x72faa44f179f0a140a6bd8519277ef0acad757b4a2c76c812b677b62a05741c3:44,NVDA,v3,0x72faa44f179f0a140a6bd8519277ef0acad757b4a2c76c812b677b62a05741c3,44,58964103,2026-09-10T00:09:56+00:00,2026-09-10,buy_stablecoin,-30344396,135666995022389291,0.135666995022389291,-30.344396,0,30.344396
4663:0x18a2d612bad0b547346eece0e9ac0f5e1cd11e920c554f9956e478ce9313ae3f:17,NVDA,v3,0x18a2d612bad0b547346eece0e9ac0f5e1cd11e920c554f9956e478ce9313ae3f,17,58964106,2026-09-10T00:09:56+00:00,2026-09-10,buy_stock,9451709,-42215474085151044,-0.042215474085151044,9.451709,0.042215474085151044,0
4663:0x3b67adf64c782bc7cff3984adca3964bb9355d45a6d7b612b333b1d80f75d7c7:8,NVDA,v3,0x3b67adf64c782bc7cff3984adca3964bb9355d45a6d7b612b333b1d80f75d7c7,8,58964115,2026-09-10T00:09:57+00:00,2026-09-10,buy_stock,154506157,-690091804307920819,-0.690091804307920819,154.506157,0.690091804307920819,0
4663:0xbfa3b314b344d23a649e9c06dec1004a20fbc30b25dc2358a721c1151f507c76:44,NVDA,v3,0xbfa3b314b344d23a649e9c06dec1004a20fbc30b25dc2358a721c1151f507c76,44,58964116,2026-09-10T00:09:57+00:00,2026-09-10,buy_stock,36644867,-163671826498362690,-0.16367182649836269,36.644867,0.16367182649836269,0
4663:0xd05f9a7ef11ee0703a87219d8499663735af5ee2d4285f35c641928d1bcb18bd:43,NVDA,v3,0xd05f9a7ef11ee0703a87219d8499663735af5ee2d4285f35c641928d1bcb18bd,43,58964118,2026-09-10T00:09:58+00:00,2026-09-10,buy_stablecoin,-190125394,850032547087486895,0.850032547087486895,-190.125394,0,190.125394
4663:0xb02c14d1eb76f401a4d5a135f12538967713fb9f0adfd0b8be592d50b99f03ee:131,NVDA,v3,0xb02c14d1eb76f401a4d5a135f12538967713fb9f0adfd0b8be592d50b99f03ee,131,58964124,2026-09-10T00:09:58+00:00,2026-09-10,buy_stock,15953092,-71253491582107256,-0.071253491582107256,15.953092,0.071253491582107256,0
4663:0xaa163054e748b9b06444ff1dbd8a24471435432b56fe1d69c9771eb96bd38a30:9,NVDA,v3,0xaa163054e748b9b06444ff1dbd8a24471435432b56fe1d69c9771eb96bd38a30,9,58964134,2026-09-10T00:09:59+00:00,2026-09-10,buy_stock,122149505,-545572900432597635,-0.545572900432597635,122.149505,0.545572900432597635,0
4663:0xe510ed78457b1e416f74643751a7d8649cf0dbb83b9e5abf2d3aa107071b7c33:23,NVDA,v3,0xe510ed78457b1e416f74643751a7d8649cf0dbb83b9e5abf2d3aa107071b7c33,23,58964134,2026-09-10T00:09:59+00:00,2026-09-10,buy_stock,122149448,-545572170781021004,-0.545572170781021004,122.149448,0.545572170781021004,0
4663:0x6063f0a6a317c6220ee36f6ff57bbba91cce788c13cd3a9a5ea6e68725d4d54b:11,NVDA,v3,0x6063f0a6a317c6220ee36f6ff57bbba91cce788c13cd3a9a5ea6e68725d4d54b,11,58964142,2026-09-10T00:10:00+00:00,2026-09-10,buy_stablecoin,-141117309,630921635879292906,0.630921635879292906,-141.117309,0,141.117309
4663:0x8783bcc21bf5c8296967b126b569fb315a9f7d4cc46359b9904563729e3a726d:29,NVDA,v3,0x8783bcc21bf5c8296967b126b569fb315a9f7d4cc46359b9904563729e3a726d,29,58964142,2026-09-10T00:10:00+00:00,2026-09-10,buy_stablecoin,-202960045,907415553435187469,0.907415553435187469,-202.960045,0,202.960045
4663:0x9b54db4bc907f3914a731b8aa3c53f46e5f413a3b31975b162d024443ca604d5:14,NVDA,v3,0x9b54db4bc907f3914a731b8aa3c53f46e5f413a3b31975b162d024443ca604d5,14,58964143,2026-09-10T00:10:00+00:00,2026-09-10,buy_stock,2442986,-10911449879642364,-0.010911449879642364,2.442986,0.010911449879642364,0
4663:0x73e38204a2d7351029f3ede40ba964b86dcb03db418fac838a558a0dc068559e:18,NVDA,v3,0x73e38204a2d7351029f3ede40ba964b86dcb03db418fac838a558a0dc068559e,18,58964151,2026-09-10T00:10:01+00:00,2026-09-10,buy_stock,19392248,-86614315437735064,-0.086614315437735064,19.392248,0.086614315437735064,0
4663:0xd4999f36daefe8eda8d3b02ca5196088a9b532515c97ac89dd0698b16df80984:12,NVDA,v3,0xd4999f36daefe8eda8d3b02ca5196088a9b532515c97ac89dd0698b16df80984,12,58964173,2026-09-10T00:10:03+00:00,2026-09-10,buy_stablecoin,-450596911,2014581408504906842,2.014581408504906842,-450.596911,0,450.596911
4663:0x4f78750b733f64a370b6b27ffa7d2b313044824ba6e20982d03baca12cdd34f1:54,NVDA,v3,0x4f78750b733f64a370b6b27ffa7d2b313044824ba6e20982d03baca12cdd34f1,54,58964181,2026-09-10T00:10:04+00:00,2026-09-10,buy_stock,92885454,-414868507356184826,-0.414868507356184826,92.885454,0.414868507356184826,0
4663:0xad7a3b156daf7a1f1ae4973f54adf699be7052b83da1d801730176148d2a19de:68,NVDA,v3,0xad7a3b156daf7a1f1ae4973f54adf699be7052b83da1d801730176148d2a19de,68,58964181,2026-09-10T00:10:04+00:00,2026-09-10,buy_stock,66059757,-295052627838705113,-0.295052627838705113,66.059757,0.295052627838705113,0
4663:0xcadb6116de9a209467cfe8c9001d9c5f2fb0d74fd7cfe4637ce831c4c56b88a6:84,NVDA,v3,0xcadb6116de9a209467cfe8c9001d9c5f2fb0d74fd7cfe4637ce831c4c56b88a6,84,58964181,2026-09-10T00:10:04+00:00,2026-09-10,buy_stock,85352320,-381221694761038613,-0.381221694761038613,85.35232,0.381221694761038613,0
4663:0x3eeaace1759542e8d578efbe08ca8766d2d6f3722b5ac32454e20e0b442545cf:13,NVDA,v3,0x3eeaace1759542e8d578efbe08ca8766d2d6f3722b5ac32454e20e0b442545cf,13,58964196,2026-09-10T00:10:05+00:00,2026-09-10,buy_stablecoin,-25274818,113001611583718366,0.113001611583718366,-25.274818,0,25.274818
4663:0x6e6e19415f7b08c1937715d4a4f25cf81892796e9de9fd23f7d9833cde4c74ca:16,NVDA,v3,0x6e6e19415f7b08c1937715d4a4f25cf81892796e9de9fd23f7d9833cde4c74ca,16,58964201,2026-09-10T00:10:06+00:00,2026-09-10,buy_stablecoin,-8004408,35787050271180859,0.035787050271180859,-8.004408,0,8.004408
4663:0x062ba2be6e3021ca732e4057c8b832a6a6d2c17ec1570c9c265ab2c67cad4e21:32,NVDA,v3,0x062ba2be6e3021ca732e4057c8b832a6a6d2c17ec1570c9c265ab2c67cad4e21,32,58964208,2026-09-10T00:10:07+00:00,2026-09-10,buy_stock,69052514,-308419362862182162,-0.308419362862182162,69.052514,0.308419362862182162,0
4663:0x245c3f68dbcaabb878a1825b2fa7627548e4299abf01caa23efe77e60ffd7efb:46,NVDA,v3,0x245c3f68dbcaabb878a1825b2fa7627548e4299abf01caa23efe77e60ffd7efb,46,58964208,2026-09-10T00:10:07+00:00,2026-09-10,buy_stock,93078190,-415728520772831213,-0.415728520772831213,93.07819,0.415728520772831213,0
4663:0x8161925fb3e7dd6b6df13e6c9dcbc7e5053472f5975414ba97e95a12d4908e21:60,NVDA,v3,0x8161925fb3e7dd6b6df13e6c9dcbc7e5053472f5975414ba97e95a12d4908e21,60,58964208,2026-09-10T00:10:07+00:00,2026-09-10,buy_stock,82164643,-366983545919343995,-0.366983545919343995,82.164643,0.366983545919343995,0
4663:0x5d976b384d2d06052d3ba3aff9f3a951541ea3a9ecfad4ecc16d48006786d871:9,NVDA,v3,0x5d976b384d2d06052d3ba3aff9f3a951541ea3a9ecfad4ecc16d48006786d871,9,58964233,2026-09-10T00:10:09+00:00,2026-09-10,buy_stock,516226026,-2305688284496887452,-2.305688284496887452,516.226026,2.305688284496887452,0
4663:0xa842ea5825105437aff2134ce3361e8fd4128d1db79d037a602d70957b60913e:16,NVDA,v3,0xa842ea5825105437aff2134ce3361e8fd4128d1db79d037a602d70957b60913e,16,58964239,2026-09-10T00:10:10+00:00,2026-09-10,buy_stablecoin,-15152033,67743126937137235,0.067743126937137235,-15.152033,0,15.152033
4663:0x52dc36d494923ce1f192ef184a3908508ec09f342f3576d43c32b0e5730aa780:91,NVDA,v3,0x52dc36d494923ce1f192ef184a3908508ec09f342f3576d43c32b0e5730aa780,91,58964245,2026-09-10T00:10:10+00:00,2026-09-10,buy_stablecoin,-514176433,2298832416230684546,2.298832416230684546,-514.176433,0,514.176433
4663:0x97d055477db1d2b32cbbf10b8df37cc1a5a013a854bd17d4520755583dbf496a:30,NVDA,v3,0x97d055477db1d2b32cbbf10b8df37cc1a5a013a854bd17d4520755583dbf496a,30,58964250,2026-09-10T00:10:11+00:00,2026-09-10,buy_stablecoin,-13164958,58859351101902499,0.058859351101902499,-13.164958,0,13.164958
4663:0x08546d4e33f430a094716e0af1805c6c02c80b49691818b99c60ae202030beb4:73,NVDA,v3,0x08546d4e33f430a094716e0af1805c6c02c80b49691818b99c60ae202030beb4,73,58964252,2026-09-10T00:10:11+00:00,2026-09-10,buy_stablecoin,-11338854,50695005099793981,0.050695005099793981,-11.338854,0,11.338854
4663:0xc765c4e9a54380c09975a71e8a1ec930030113e11dd2bb7b50356083250a38c8:33,NVDA,v3,0xc765c4e9a54380c09975a71e8a1ec930030113e11dd2bb7b50356083250a38c8,33,58964285,2026-09-10T00:10:13+00:00,2026-09-10,buy_stablecoin,-8870538,39659387576578213,0.039659387576578213,-8.870538,0,8.870538
4663:0xa3ccfe0d95c8c43f2c8616592fa57b3aaad0848b0e9e5b479d717274f7eb5232:8,NVDA,v3,0xa3ccfe0d95c8c43f2c8616592fa57b3aaad0848b0e9e5b479d717274f7eb5232,8,58964295,2026-09-10T00:10:14+00:00,2026-09-10,buy_stock,76014215,-339512941546654965,-0.339512941546654965,76.014215,0.339512941546654965,0
4663:0x3ca470b8b407d9f859e20850dd1dfc9d331631d356d3ad89152eff0cf0c5877b:22,NVDA,v3,0x3ca470b8b407d9f859e20850dd1dfc9d331631d356d3ad89152eff0cf0c5877b,22,58964295,2026-09-10T00:10:14+00:00,2026-09-10,buy_stock,96261982,-429948122014495802,-0.429948122014495802,96.261982,0.429948122014495802,0
4663:0x84ab59939e601f6feb94aef4fd429bb46c4aad0f7955febdfaba5ea8e2101642:36,NVDA,v3,0x84ab59939e601f6feb94aef4fd429bb46c4aad0f7955febdfaba5ea8e2101642,36,58964295,2026-09-10T00:10:14+00:00,2026-09-10,buy_stock,72013794,-321644913587392916,-0.321644913587392916,72.013794,0.321644913587392916,0
4663:0x4be7fa4d795d8af2eed2c8e20c421dbd8293959ec97a93b8b4369b4dd7c07303:10,NVDA,v3,0x4be7fa4d795d8af2eed2c8e20c421dbd8293959ec97a93b8b4369b4dd7c07303,10,58964296,2026-09-10T00:10:14+00:00,2026-09-10,buy_stock,91652539,-409359845714824205,-0.409359845714824205,91.652539,0.409359845714824205,0
4663:0x37047f2274de621a82f8d455507b652f087aaafbdc700fa69483b88f3d3a0938:24,NVDA,v3,0x37047f2274de621a82f8d455507b652f087aaafbdc700fa69483b88f3d3a0938,24,58964296,2026-09-10T00:10:14+00:00,2026-09-10,buy_stock,76635446,-342286815152019713,-0.342286815152019713,76.635446,0.342286815152019713,0
4663:0x087f41d21ed37e3fd154f50e09dc0c742993cab0dec5ce6c765f0d890f505690:38,NVDA,v3,0x087f41d21ed37e3fd154f50e09dc0c742993cab0dec5ce6c765f0d890f505690,38,58964296,2026-09-10T00:10:14+00:00,2026-09-10,buy_stock,76001778,-339456397816602994,-0.339456397816602994,76.001778,0.339456397816602994,0
4663:0x5dfbdbbf6e3525ae0056560c33a8d29d40a90b5efec493a84e154e329ea88a87:22,NVDA,v3,0x5dfbdbbf6e3525ae0056560c33a8d29d40a90b5efec493a84e154e329ea88a87,22,58964298,2026-09-10T00:10:14+00:00,2026-09-10,buy_stablecoin,-527861,2360012521211247,0.002360012521211247,-0.527861,0,0.527861
4663:0x28339d6786c1046db6ddbb5e5d53dd97c967b81947a5fd28d027064149cd5125:14,NVDA,v3,0x28339d6786c1046db6ddbb5e5d53dd97c967b81947a5fd28d027064149cd5125,14,58964305,2026-09-10T00:10:15+00:00,2026-09-10,buy_stock,89386015,-399235878487336559,-0.399235878487336559,89.386015,0.399235878487336559,0
4663:0xe3d1479ddabf1d67baf21ef2d356784af13f9f4543e6b56940968747ca78c96e:28,NVDA,v3,0xe3d1479ddabf1d67baf21ef2d356784af13f9f4543e6b56940968747ca78c96e,28,58964305,2026-09-10T00:10:15+00:00,2026-09-10,buy_stock,66686136,-297848418523632612,-0.297848418523632612,66.686136,0.297848418523632612,0
4663:0x067ecd30685dbda1223d738b594196425dd312933dc2bb0ab6c333f97edc12d7:42,NVDA,v3,0x067ecd30685dbda1223d738b594196425dd312933dc2bb0ab6c333f97edc12d7,42,58964305,2026-09-10T00:10:15+00:00,2026-09-10,buy_stock,88216826,-394013349347662345,-0.394013349347662345,88.216826,0.394013349347662345,0
4663:0xe081874bedd018e6a181f1db2f466e04ee5e0652e9850043add5fb58be69894c:24,NVDA,v3,0xe081874bedd018e6a181f1db2f466e04ee5e0652e9850043add5fb58be69894c,24,58964311,2026-09-10T00:10:15+00:00,2026-09-10,buy_stock,9554671,-42675151043608829,-0.042675151043608829,9.554671,0.042675151043608829,0
4663:0x3b27c298a4db003a5fb51a0707d2267f62d2287f46596bd7492940380361dcaf:14,NVDA,v3,0x3b27c298a4db003a5fb51a0707d2267f62d2287f46596bd7492940380361dcaf,14,58964313,2026-09-10T00:10:15+00:00,2026-09-10,buy_stock,24428904,-109109679540835409,-0.109109679540835409,24.428904,0.109109679540835409,0
4663:0x1a1e631333e28ffae67a9613bf7e2d188ab537a663a348df59f5636354c6ab03:31,NVDA,v3,0x1a1e631333e28ffae67a9613bf7e2d188ab537a663a348df59f5636354c6ab03,31,58964315,2026-09-10T00:10:16+00:00,2026-09-10,buy_stablecoin,-262234033,1172419770985140036,1.172419770985140036,-262.234033,0,262.234033
4663:0x664ce15d3b2b836197cf2b63621c49b60c170a7517142be489844a662ccc61c1:32,NVDA,v3,0x664ce15d3b2b836197cf2b63621c49b60c170a7517142be489844a662ccc61c1,32,58964333,2026-09-10T00:10:17+00:00,2026-09-10,buy_stock,1221446795,-5455477201742032332,-5.455477201742032332,1221.446795,5.455477201742032332,0
4663:0xbd0123b2bc7f6910e8d96161a23eedaaab17f5ac265cd5c94681fcfd34a0bd6f:27,NVDA,v3,0xbd0123b2bc7f6910e8d96161a23eedaaab17f5ac265cd5c94681fcfd34a0bd6f,27,58964338,2026-09-10T00:10:18+00:00,2026-09-10,buy_stablecoin,-14353258,64171358399247664,0.064171358399247664,-14.353258,0,14.353258
4663:0x505fc2b4bf03eda5e0f97331e688df2cc3a55075b7c6c6455ed030ed69f95692:111,NVDA,v3,0x505fc2b4bf03eda5e0f97331e688df2cc3a55075b7c6c6455ed030ed69f95692,111,58964372,2026-09-10T00:10:21+00:00,2026-09-10,buy_stablecoin,-67503472,301798425433147651,0.301798425433147651,-67.503472,0,67.503472
4663:0x7a216ff2d7a8cd7b1fba1061c02ed831edf4820379c36a05e7999beab0dd4af8:29,NVDA,v3,0x7a216ff2d7a8cd7b1fba1061c02ed831edf4820379c36a05e7999beab0dd4af8,29,58964377,2026-09-10T00:10:22+00:00,2026-09-10,buy_stock,190537607,-851014511184499395,-0.851014511184499395,190.537607,0.851014511184499395,0
4663:0x8f01dc896a7bc8e05eeab7b8fb094d7699b793816ec08a390c4a7fb212f0b98b:11,NVDA,v3,0x8f01dc896a7bc8e05eeab7b8fb094d7699b793816ec08a390c4a7fb212f0b98b,11,58964378,2026-09-10T00:10:22+00:00,2026-09-10,buy_stablecoin,-70254434,314097311929929020,0.31409731192992902,-70.254434,0,70.254434
4663:0xcf4bd554dbc97f6d0daed31a8afcaed3ed8571dd5424b44d85576a4f8e15f362:28,NVDA,v3,0xcf4bd554dbc97f6d0daed31a8afcaed3ed8571dd5424b44d85576a4f8e15f362,28,58964398,2026-09-10T00:10:24+00:00,2026-09-10,buy_stablecoin,-320207260,1431601865326495417,1.431601865326495417,-320.20726,0,320.20726
4663:0xc7dd57189e13dd413a645708345267ed480fb3876784533b021c67e366718600:11,NVDA,v3,0xc7dd57189e13dd413a645708345267ed480fb3876784533b021c67e366718600,11,58964399,2026-09-10T00:10:24+00:00,2026-09-10,buy_stablecoin,-141295174,631711997930458523,0.631711997930458523,-141.295174,0,141.295174
4663:0xa836765c0dc55c80edf872a67c0c50468fcd1ad8c549bbb21979cec79fbdf355:21,NVDA,v3,0xa836765c0dc55c80edf872a67c0c50468fcd1ad8c549bbb21979cec79fbdf355,21,58964405,2026-09-10T00:10:25+00:00,2026-09-10,buy_stock,122140345,-545527391327258971,-0.545527391327258971,122.140345,0.545527391327258971,0
4663:0x6ffb534a8383af70614f4c4fdce135d52e1c31f9fd5f2a28f928547ca14dc5e6:37,NVDA,v3,0x6ffb534a8383af70614f4c4fdce135d52e1c31f9fd5f2a28f928547ca14dc5e6,37,58964405,2026-09-10T00:10:25+00:00,2026-09-10,buy_stock,122140288,-545526661755058634,-0.545526661755058634,122.140288,0.545526661755058634,0
4663:0xf7be6bc55d71f68e3f92641998b81b84fe48cdec1dc30eda8a618416313b9960:53,NVDA,v3,0xf7be6bc55d71f68e3f92641998b81b84fe48cdec1dc30eda8a618416313b9960,53,58964405,2026-09-10T00:10:25+00:00,2026-09-10,buy_stock,122140231,-545525932184143467,-0.545525932184143467,122.140231,0.545525932184143467,0
4663:0x19fec4c95d059ae4e15b626e40708b6349ce5872bcf02cfa12e09ad95d3ee4d1:69,NVDA,v3,0x19fec4c95d059ae4e15b626e40708b6349ce5872bcf02cfa12e09ad95d3ee4d1,69,58964405,2026-09-10T00:10:25+00:00,2026-09-10,buy_stock,122140175,-545525207083132189,-0.545525207083132189,122.140175,0.545525207083132189,0
4663:0x096a125eeca9242e90539aca3300747ecc5919225e098608970640b146cef70f:85,NVDA,v3,0x096a125eeca9242e90539aca3300747ecc5919225e098608970640b146cef70f,85,58964405,2026-09-10T00:10:25+00:00,2026-09-10,buy_stock,122140118,-545524477514779575,-0.545524477514779575,122.140118,0.545524477514779575,0
4663:0x202558075cb2d9edad20c6f7191d7d956fd671aa40bb549c3a4b620630657aaa:6,NVDA,v3,0x202558075cb2d9edad20c6f7191d7d956fd671aa40bb549c3a4b620630657aaa,6,58964410,2026-09-10T00:10:25+00:00,2026-09-10,buy_stock,14850000,-66325747278674731,-0.066325747278674731,14.85,0.066325747278674731,0
4663:0xbdd0818e05afc8c77b919d53e56ee84e897c1fc1494012dfcaff0b9eba24821d:93,NVDA,v3,0xbdd0818e05afc8c77b919d53e56ee84e897c1fc1494012dfcaff0b9eba24821d,93,58964418,2026-09-10T00:10:26+00:00,2026-09-10,buy_stablecoin,-117322639,524532115036704623,0.524532115036704623,-117.322639,0,117.322639
4663:0x355fdc7d14ff3cef81d22ed2f5842cf9bc3ce726e7141f0a53c441608c79ce31:110,NVDA,v3,0x355fdc7d14ff3cef81d22ed2f5842cf9bc3ce726e7141f0a53c441608c79ce31,110,58964418,2026-09-10T00:10:26+00:00,2026-09-10,buy_stablecoin,-112065081,501026763361228870,0.50102676336122887,-112.065081,0,112.065081
4663:0x121b2e4607ac037d3cb0ac6488c435519aeb87a577c8460d71c7542df65d2db2:127,NVDA,v3,0x121b2e4607ac037d3cb0ac6488c435519aeb87a577c8460d71c7542df65d2db2,127,58964418,2026-09-10T00:10:26+00:00,2026-09-10,buy_stablecoin,-107153187,479066770327470674,0.479066770327470674,-107.153187,0,107.153187
4663:0x78f7c6c5c9c6855e7e1da928f5296416ca87595a77c432fd94b1aab023b9c7c5:32,NVDA,v3,0x78f7c6c5c9c6855e7e1da928f5296416ca87595a77c432fd94b1aab023b9c7c5,32,58964421,2026-09-10T00:10:26+00:00,2026-09-10,buy_stock,8549828,-38186871312094412,-0.038186871312094412,8.549828,0.038186871312094412,0
4663:0x6be5e1182feac7a33ada8661aab44a4eb33db8121028d05b1b8245f57038e2ab:12,NVDA,v3,0x6be5e1182feac7a33ada8661aab44a4eb33db8121028d05b1b8245f57038e2ab,12,58964425,2026-09-10T00:10:27+00:00,2026-09-10,buy_stablecoin,-133607618,597341272654684292,0.597341272654684292,-133.607618,0,133.607618
4663:0x417b858727851696740fb74407debfeaecceb607709d833e20537130225b3654:91,NVDA,v3,0x417b858727851696740fb74407debfeaecceb607709d833e20537130225b3654,91,58964425,2026-09-10T00:10:27+00:00,2026-09-10,buy_stock,24425542,-109094102092081597,-0.109094102092081597,24.425542,0.109094102092081597,0
4663:0x158ae2ca8da66eacfb89be17585d270dc66423c66fee5204b56ee698850d910d:44,NVDA,v3,0x158ae2ca8da66eacfb89be17585d270dc66423c66fee5204b56ee698850d910d,44,58964427,2026-09-10T00:10:27+00:00,2026-09-10,buy_stock,24425542,-109094083101605116,-0.109094083101605116,24.425542,0.109094083101605116,0
4663:0xe8eb47e937a2476392b68e7b933123b706b86a3fd716a397e10179e5d631dcc0:12,NVDA,v3,0xe8eb47e937a2476392b68e7b933123b706b86a3fd716a397e10179e5d631dcc0,12,58964440,2026-09-10T00:10:28+00:00,2026-09-10,buy_stablecoin,-116708078,521786039524396537,0.521786039524396537,-116.708078,0,116.708078
4663:0x2fcf61f0c995e5224689978e2ced858067fbabdd592ecd5815d90d1b063bec75:26,NVDA,v3,0x2fcf61f0c995e5224689978e2ced858067fbabdd592ecd5815d90d1b063bec75,26,58964444,2026-09-10T00:10:29+00:00,2026-09-10,buy_stablecoin,-38911234,173966963058315248,0.173966963058315248,-38.911234,0,38.911234
4663:0xd60b263ed8c9996e6ccbe0e689cf8584cc319a637d714aa25c414e01bb2e85ec:18,NVDA,v3,0xd60b263ed8c9996e6ccbe0e689cf8584cc319a637d714aa25c414e01bb2e85ec,18,58964446,2026-09-10T00:10:29+00:00,2026-09-10,buy_stablecoin,-142700270,637994381947421930,0.63799438194742193,-142.70027,0,142.70027
4663:0x9ef0ec9a55e1792fbd9f1079ed13859e2722af1cb194dcafac3ebf1b1956266c:19,NVDA,v3,0x9ef0ec9a55e1792fbd9f1079ed13859e2722af1cb194dcafac3ebf1b1956266c,19,58964447,2026-09-10T00:10:29+00:00,2026-09-10,buy_stablecoin,-4113886,18392660653950457,0.018392660653950457,-4.113886,0,4.113886
4663:0x3cfdb087e7fb4a2b595e4874bab9ef1eda201880beda814fb2a5a5d1fe137b63:39,NVDA,v3,0x3cfdb087e7fb4a2b595e4874bab9ef1eda201880beda814fb2a5a5d1fe137b63,39,58964452,2026-09-10T00:10:29+00:00,2026-09-10,buy_stablecoin,-92395627,413089215067470422,0.413089215067470422,-92.395627,0,92.395627
4663:0x906f5299d0ff64177e13d0c82f600e3a7070b46d31749fd288c7efbbcc978341:56,NVDA,v3,0x906f5299d0ff64177e13d0c82f600e3a7070b46d31749fd288c7efbbcc978341,56,58964452,2026-09-10T00:10:29+00:00,2026-09-10,buy_stablecoin,-85474925,382147868913586423,0.382147868913586423,-85.474925,0,85.474925
4663:0xf27c8f32cba810f7efa52706da4ee4f888aa853e0c1b435ac74285833c96702b:74,NVDA,v3,0xf27c8f32cba810f7efa52706da4ee4f888aa853e0c1b435ac74285833c96702b,74,58964452,2026-09-10T00:10:29+00:00,2026-09-10,buy_stablecoin,-81400732,363932870658112415,0.363932870658112415,-81.400732,0,81.400732
4663:0x12180abd9a6de8fbe87aea80e83890b0cb983d4f5e904e568735ea314968ea8d:92,NVDA,v3,0x12180abd9a6de8fbe87aea80e83890b0cb983d4f5e904e568735ea314968ea8d,92,58964452,2026-09-10T00:10:29+00:00,2026-09-10,buy_stablecoin,-77611055,346989875796295173,0.346989875796295173,-77.611055,0,77.611055
4663:0x5a62442ddae814a1701d2ad8c64e23b239cb33e0e4611ce9b5cd812ae4002dc9:109,NVDA,v3,0x5a62442ddae814a1701d2ad8c64e23b239cb33e0e4611ce9b5cd812ae4002dc9,109,58964452,2026-09-10T00:10:29+00:00,2026-09-10,buy_stablecoin,-82291444,367915554136297938,0.367915554136297938,-82.291444,0,82.291444
4663:0x426956846da933bfee0728df0cdb1630503d0aa7c88e54b42468b8e8d2b872b1:12,NVDA,v3,0x426956846da933bfee0728df0cdb1630503d0aa7c88e54b42468b8e8d2b872b1,12,58964453,2026-09-10T00:10:30+00:00,2026-09-10,buy_stablecoin,-114382439,511391051008289977,0.511391051008289977,-114.382439,0,114.382439
4663:0xceb13bd2f1513507c32024ee5f71ae7f081a838ae661c24c22d0c82874c53ae4:30,NVDA,v3,0xceb13bd2f1513507c32024ee5f71ae7f081a838ae661c24c22d0c82874c53ae4,30,58964453,2026-09-10T00:10:30+00:00,2026-09-10,buy_stablecoin,-134903033,603136859858609211,0.603136859858609211,-134.903033,0,134.903033
4663:0x83a82eb5f2b16821020dfb6ad1788c119155d20517364af24906c05bbb114a06:47,NVDA,v3,0x83a82eb5f2b16821020dfb6ad1788c119155d20517364af24906c05bbb114a06,47,58964453,2026-09-10T00:10:30+00:00,2026-09-10,buy_stablecoin,-85688813,383105708812857901,0.383105708812857901,-85.688813,0,85.688813
4663:0x07cf90a520480e9a8644c314eaae4daff2a35c0040ef5dbf5a749d13ed69db2a:10,NVDA,v3,0x07cf90a520480e9a8644c314eaae4daff2a35c0040ef5dbf5a749d13ed69db2a,10,58964455,2026-09-10T00:10:30+00:00,2026-09-10,buy_stablecoin,-95777551,428211679234317839,0.428211679234317839,-95.777551,0,95.777551
4663:0x9a463cd312e9cef8290a5dd1d219e871f3efec765959cf044520efba592b3eb2:12,NVDA,v3,0x9a463cd312e9cef8290a5dd1d219e871f3efec765959cf044520efba592b3eb2,12,58964463,2026-09-10T00:10:31+00:00,2026-09-10,buy_stablecoin,-1655836,7403080928091365,0.007403080928091365,-1.655836,0,1.655836
4663:0x9155c29a025610cda3dcfe1f643da0f14599e2edb6703ba6d7dfd4a9db5d71bc:72,NVDA,v3,0x9155c29a025610cda3dcfe1f643da0f14599e2edb6703ba6d7dfd4a9db5d71bc,72,58964463,2026-09-10T00:10:31+00:00,2026-09-10,buy_stablecoin,-68786287,307536668182641114,0.307536668182641114,-68.786287,0,68.786287
4663:0xb761a17ed842ec509966e928f6f5af34a4c0f6705888589196f3f430b3c09258:120,NVDA,v3,0xb761a17ed842ec509966e928f6f5af34a4c0f6705888589196f3f430b3c09258,120,58964468,2026-09-10T00:10:31+00:00,2026-09-10,buy_stablecoin,-309988910,1385931548381931364,1.385931548381931364,-309.98891,0,309.98891
4663:0xd97b35e5861516e8b4eea22350e2548083e77e32db2eb6f134589ae51acf06cc:43,NVDA,v3,0xd97b35e5861516e8b4eea22350e2548083e77e32db2eb6f134589ae51acf06cc,43,58964469,2026-09-10T00:10:31+00:00,2026-09-10,buy_stablecoin,-315469846,1410439447643122929,1.410439447643122929,-315.469846,0,315.469846
4663:0xbf331cfa833965891ba685ed6bc849b3350ee4fcff1cc641c00f6fa528156b48:65,NVDA,v3,0xbf331cfa833965891ba685ed6bc849b3350ee4fcff1cc641c00f6fa528156b48,65,58964475,2026-09-10T00:10:32+00:00,2026-09-10,buy_stablecoin,-27528122,123076098528733950,0.12307609852873395,-27.528122,0,27.528122
4663:0xe77241857bbeda547c640ef23c136f633a642239be5fa716fc23d533c1d32be4:26,NVDA,v3,0xe77241857bbeda547c640ef23c136f633a642239be5fa716fc23d533c1d32be4,26,58964482,2026-09-10T00:10:32+00:00,2026-09-10,buy_stock,24425810,-109096720858634015,-0.109096720858634015,24.42581,0.109096720858634015,0
4663:0x7af65134279760eee96378575b08c4431803ac3e3fba7430311f3f772ed2d5f8:64,NVDA,v3,0x7af65134279760eee96378575b08c4431803ac3e3fba7430311f3f772ed2d5f8,64,58964482,2026-09-10T00:10:32+00:00,2026-09-10,buy_stablecoin,-82091243,367023649306317867,0.367023649306317867,-82.091243,0,82.091243
4663:0x527d0f1f8b1c91fe322e5dedffb686edaba60396d05ad445e490c434da8183df:81,NVDA,v3,0x527d0f1f8b1c91fe322e5dedffb686edaba60396d05ad445e490c434da8183df,81,58964482,2026-09-10T00:10:32+00:00,2026-09-10,buy_stablecoin,-59867427,267662808894753151,0.267662808894753151,-59.867427,0,59.867427
4663:0x501f64036dd639b6181492f270850334f2515b989222c4d34cf4eed8e6ad8d7e:79,NVDA,v3,0x501f64036dd639b6181492f270850334f2515b989222c4d34cf4eed8e6ad8d7e,79,58964483,2026-09-10T00:10:33+00:00,2026-09-10,buy_stablecoin,-22954667,102628638641381795,0.102628638641381795,-22.954667,0,22.954667
4663:0xa403cf1ee3688387758d54ad16c13e08e197e547bbc67a651399597877f6973b:8,NVDA,v3,0xa403cf1ee3688387758d54ad16c13e08e197e547bbc67a651399597877f6973b,8,58964486,2026-09-10T00:10:33+00:00,2026-09-10,buy_stock,17098061,-76367752267259275,-0.076367752267259275,17.098061,0.076367752267259275,0
4663:0x76d8c4526a96247cf24e4580ad75be1e1f4eb7791d0ae56b56dd6ed41755a9c1:27,NVDA,v3,0x76d8c4526a96247cf24e4580ad75be1e1f4eb7791d0ae56b56dd6ed41755a9c1,27,58964486,2026-09-10T00:10:33+00:00,2026-09-10,buy_stablecoin,-105492761,471650576966874283,0.471650576966874283,-105.492761,0,105.492761
4663:0xb07319e1577527d78b1564e29dd05a5932908af6870d25b9182b3e0accf23dfd:6,NVDA,v3,0xb07319e1577527d78b1564e29dd05a5932908af6870d25b9182b3e0accf23dfd,6,58964487,2026-09-10T00:10:33+00:00,2026-09-10,buy_stock,990000,-4421795607702477,-0.004421795607702477,0.99,0.004421795607702477,0
4663:0xdd310800b650e0530881bca632bc7314546138008e8b93f6f2abe5deb68264d6:18,NVDA,v3,0xdd310800b650e0530881bca632bc7314546138008e8b93f6f2abe5deb68264d6,18,58964488,2026-09-10T00:10:33+00:00,2026-09-10,buy_stablecoin,-114390381,511431596489843559,0.511431596489843559,-114.390381,0,114.390381
4663:0xc904daf091086684d0a946f3a3e64887fa8ef5fcc3087fb8f3128108d529a03f:7,NVDA,v3,0xc904daf091086684d0a946f3a3e64887fa8ef5fcc3087fb8f3128108d529a03f,7,58964495,2026-09-10T00:10:34+00:00,2026-09-10,buy_stock,6168134,-27549742678470424,-0.027549742678470424,6.168134,0.027549742678470424,0
4663:0xcf1012e4cf36a4596b89bc5264b2d19a5549dbc3951069391502e91cbd9ea16d:38,NVDA,v3,0xcf1012e4cf36a4596b89bc5264b2d19a5549dbc3951069391502e91cbd9ea16d,38,58964495,2026-09-10T00:10:34+00:00,2026-09-10,buy_stablecoin,-69878,312422314916945,0.000312422314916945,-0.069878,0,0.069878
4663:0x10ab70f0a8f03554beb72dc0519ff96a6be65014b8079b7a3a80e3c0ceaab1fc:39,NVDA,v3,0x10ab70f0a8f03554beb72dc0519ff96a6be65014b8079b7a3a80e3c0ceaab1fc,39,58964500,2026-09-10T00:10:34+00:00,2026-09-10,buy_stablecoin,-21974030,98244435948486982,0.098244435948486982,-21.97403,0,21.97403
4663:0x0447ae98a46642f12b968389acc35a9a31eb709a20c80a2b3092f61795030921:38,NVDA,v3,0x0447ae98a46642f12b968389acc35a9a31eb709a20c80a2b3092f61795030921,38,58964511,2026-09-10T00:10:35+00:00,2026-09-10,buy_stock,61064576,-272742688781636043,-0.272742688781636043,61.064576,0.272742688781636043,0
4663:0xd05c2cc4dd40303c48b51914d8260a542783f44847d7d26c5221ad8ab483d007:52,NVDA,v3,0xd05c2cc4dd40303c48b51914d8260a542783f44847d7d26c5221ad8ab483d007,52,58964520,2026-09-10T00:10:36+00:00,2026-09-10,buy_stablecoin,-98195896,439027348733754990,0.43902734873375499,-98.195896,0,98.195896
4663:0x4e7a91ad05c0d029a7488a384694ebe610da2f9e22fc16281f0c69353248220a:75,NVDA,v3,0x4e7a91ad05c0d029a7488a384694ebe610da2f9e22fc16281f0c69353248220a,75,58964520,2026-09-10T00:10:36+00:00,2026-09-10,buy_stablecoin,-143735182,642631037588971987,0.642631037588971987,-143.735182,0,143.735182
4663:0x3d8c90342216fff283688b3f17c24d1eed1c74c0f4ffe2facbc9e4f6e78b37ad:12,NVDA,v3,0x3d8c90342216fff283688b3f17c24d1eed1c74c0f4ffe2facbc9e4f6e78b37ad,12,58964529,2026-09-10T00:10:37+00:00,2026-09-10,buy_stock,12212946,-54548753460657908,-0.054548753460657908,12.212946,0.054548753460657908,0
4663:0x8b0e8c05dde1ac0e2e91acd2ad60325df0909a25386b6fa33cb333ba7f5b6dad:39,NVDA,v3,0x8b0e8c05dde1ac0e2e91acd2ad60325df0909a25386b6fa33cb333ba7f5b6dad,39,58964529,2026-09-10T00:10:37+00:00,2026-09-10,buy_stablecoin,-82367436,368259934438872411,0.368259934438872411,-82.367436,0,82.367436
4663:0xd41024f816c88a68324e7775f481981d2aa3a9d7eded363e95931bd800b92434:11,NVDA,v3,0xd41024f816c88a68324e7775f481981d2aa3a9d7eded363e95931bd800b92434,11,58964530,2026-09-10T00:10:37+00:00,2026-09-10,buy_stock,122129435,-545487504469267526,-0.545487504469267526,122.129435,0.545487504469267526,0
4663:0x13db432e006529465e2d17a20ecc4d9e00493c2b0788fac22686cc57295c5dfc:10,NVDA,v3,0x13db432e006529465e2d17a20ecc4d9e00493c2b0788fac22686cc57295c5dfc,10,58964534,2026-09-10T00:10:38+00:00,2026-09-10,buy_stablecoin,-82727615,369870172080757385,0.369870172080757385,-82.727615,0,82.727615
4663:0x035e548bb42fa80e2e76336850428e231faad668a94b648ead1db8c000957c02:183,NVDA,v3,0x035e548bb42fa80e2e76336850428e231faad668a94b648ead1db8c000957c02,183,58964535,2026-09-10T00:10:38+00:00,2026-09-10,buy_stablecoin,-19857093,88779899194172645,0.088779899194172645,-19.857093,0,19.857093
4663:0xa0ba548c1ef4a59422280210a79b9cb1d319c6d6c9bee1758260e91d1ba1f6ed:33,NVDA,v3,0xa0ba548c1ef4a59422280210a79b9cb1d319c6d6c9bee1758260e91d1ba1f6ed,33,58964541,2026-09-10T00:10:38+00:00,2026-09-10,buy_stock,488517339,-2181945078552291291,-2.181945078552291291,488.517339,2.181945078552291291,0
4663:0x6c041c89db6c0987b0a9e21e55d9b1689df79e0ab2d250df527108062fa11051:73,NVDA,v3,0x6c041c89db6c0987b0a9e21e55d9b1689df79e0ab2d250df527108062fa11051,73,58964543,2026-09-10T00:10:39+00:00,2026-09-10,buy_stock,12212887,-54548319604390086,-0.054548319604390086,12.212887,0.054548319604390086,0
4663:0x1f39912d23e4a8acd57f2360e339a988563ec0bc0768696315c98a8a6ad83985:27,NVDA,v3,0x1f39912d23e4a8acd57f2360e339a988563ec0bc0768696315c98a8a6ad83985,27,58964558,2026-09-10T00:10:40+00:00,2026-09-10,buy_stock,146554635,-654579451517816132,-0.654579451517816132,146.554635,0.654579451517816132,0
4663:0x0eaf533e117c195d9cb0ccf546fae4af4fb900967f6c90272a2d45b59dc8bad2:43,NVDA,v3,0x0eaf533e117c195d9cb0ccf546fae4af4fb900967f6c90272a2d45b59dc8bad2,43,58964558,2026-09-10T00:10:40+00:00,2026-09-10,buy_stock,146554553,-654578401402809041,-0.654578401402809041,146.554553,0.654578401402809041,0
4663:0x36068618ecf4d9f0a1f6e85a69ec3e3273f3ab0ac96d0379b2fb0371bb5f514b:59,NVDA,v3,0x36068618ecf4d9f0a1f6e85a69ec3e3273f3ab0ac96d0379b2fb0371bb5f514b,59,58964558,2026-09-10T00:10:40+00:00,2026-09-10,buy_stock,146554471,-654577351290021241,-0.654577351290021241,146.554471,0.654577351290021241,0
4663:0x99a994d511abda32d92a1c572bf6f3560a9b3ae41e6f72b3d1835a27250d2551:75,NVDA,v3,0x99a994d511abda32d92a1c572bf6f3560a9b3ae41e6f72b3d1835a27250d2551,75,58964558,2026-09-10T00:10:40+00:00,2026-09-10,buy_stock,146554389,-654576301179452725,-0.654576301179452725,146.554389,0.654576301179452725,0
4663:0x321b77922a805dcda6fb19473553d4460eed87a0140efca695142bd7508daa8e:91,NVDA,v3,0x321b77922a805dcda6fb19473553d4460eed87a0140efca695142bd7508daa8e,91,58964558,2026-09-10T00:10:40+00:00,2026-09-10,buy_stock,146554307,-654575251071103489,-0.654575251071103489,146.554307,0.654575251071103489,0
4663:0x9a296ed21c3b67f23c73c95fd5f46db7b8e55c8e513f34e0c44d85b158ff170a:16,NVDA,v3,0x9a296ed21c3b67f23c73c95fd5f46db7b8e55c8e513f34e0c44d85b158ff170a,16,58964561,2026-09-10T00:10:40+00:00,2026-09-10,buy_stock,51293976,-229101037157495572,-0.229101037157495572,51.293976,0.229101037157495572,0
4663:0xd8b384740bce5a81b27da74c9b32cd134665bf4c082cbe9a482d6e4a0c2be87d:43,NVDA,v3,0xd8b384740bce5a81b27da74c9b32cd134665bf4c082cbe9a482d6e4a0c2be87d,43,58964568,2026-09-10T00:10:41+00:00,2026-09-10,buy_stablecoin,-285330317,1275684784517903375,1.275684784517903375,-285.330317,0,285.330317
4663:0xf0b58b1fb8e628fdab4227924549bcc494e7720336f7f5e3fa1dd04df2a778f5:11,NVDA,v3,0xf0b58b1fb8e628fdab4227924549bcc494e7720336f7f5e3fa1dd04df2a778f5,11,58964571,2026-09-10T00:10:41+00:00,2026-09-10,buy_stock,12212863,-54548013778848381,-0.054548013778848381,12.212863,0.054548013778848381,0
4663:0xd726cebd9297efbc7c60a9f863c70fe41fb336ffce129d5af142c70aece4333c:50,NVDA,v3,0xd726cebd9297efbc7c60a9f863c70fe41fb336ffce129d5af142c70aece4333c,50,58964573,2026-09-10T00:10:42+00:00,2026-09-10,buy_stock,48851178,-218190792158904885,-0.218190792158904885,48.851178,0.218190792158904885,0
4663:0xed9916f349f8fb3d9abc4112a9e46b3e45aa12ffe99cf67a591d83a859c580bb:8,NVDA,v3,0xed9916f349f8fb3d9abc4112a9e46b3e45aa12ffe99cf67a591d83a859c580bb,8,58964575,2026-09-10T00:10:42+00:00,2026-09-10,buy_stock,170978870,-763666048241229972,-0.763666048241229972,170.97887,0.763666048241229972,0
4663:0x11c1e87c8156b2179023ad091627bb4de34b62c12a628b3fd5ce4ded60cd9fc5:8,NVDA,v3,0x11c1e87c8156b2179023ad091627bb4de34b62c12a628b3fd5ce4ded60cd9fc5,8,58964576,2026-09-10T00:10:42+00:00,2026-09-10,buy_stock,179120107,-800027356330699841,-0.800027356330699841,179.120107,0.800027356330699841,0
4663:0x4ac945d83f20f158a820f12a69bc1a994559889d8fad1310c9161efb092d30f6:24,NVDA,v3,0x4ac945d83f20f158a820f12a69bc1a994559889d8fad1310c9161efb092d30f6,24,58964576,2026-09-10T00:10:42+00:00,2026-09-10,buy_stock,179119985,-800025794352586105,-0.800025794352586105,179.119985,0.800025794352586105,0
4663:0x15a3fe4c9a584febde0ee1601f1960df0993c66dd41b8c589d58418ab8a2ca19:40,NVDA,v3,0x15a3fe4c9a584febde0ee1601f1960df0993c66dd41b8c589d58418ab8a2ca19,40,58964576,2026-09-10T00:10:42+00:00,2026-09-10,buy_stock,179119863,-800024227909848882,-0.800024227909848882,179.119863,0.800024227909848882,0
4663:0xa7a58ddb387a367ed1856d32d03515a2460f8aa6d95f6a243fa887fc20f543db:98,NVDA,v3,0xa7a58ddb387a367ed1856d32d03515a2460f8aa6d95f6a243fa887fc20f543db,98,58964576,2026-09-10T00:10:42+00:00,2026-09-10,buy_stablecoin,-898423352,4016760519575658221,4.016760519575658221,-898.423352,0,898.423352
4663:0x625b9f4f773c2536f7708d66cce163e56bbb1302af845c5216c12e48a4ceae82:40,NVDA,v3,0x625b9f4f773c2536f7708d66cce163e56bbb1302af845c5216c12e48a4ceae82,40,58964579,2026-09-10T00:10:42+00:00,2026-09-10,buy_stablecoin,-504171273,2254110367093460661,2.254110367093460661,-504.171273,0,504.171273
4663:0x596c6d01392cc776b7555a45af0234f45e4fbd42896dc52be720057bb029303f:64,NVDA,v3,0x596c6d01392cc776b7555a45af0234f45e4fbd42896dc52be720057bb029303f,64,58964579,2026-09-10T00:10:42+00:00,2026-09-10,buy_stablecoin,-455728799,2037534824984275665,2.037534824984275665,-455.728799,0,455.728799
4663:0x89da783b8639ba0719a5fb9eaef64b84bf22556b623d140e8cd6440dc4fd32b2:49,NVDA,v3,0x89da783b8639ba0719a5fb9eaef64b84bf22556b623d140e8cd6440dc4fd32b2,49,58964580,2026-09-10T00:10:42+00:00,2026-09-10,buy_stablecoin,-272228615,1217120194501714645,1.217120194501714645,-272.228615,0,272.228615
4663:0x0f214f97af37814b23097545c9a3e1cfc2106709efb6908a23f23e9cec8ed4a5:29,NVDA,v3,0x0f214f97af37814b23097545c9a3e1cfc2106709efb6908a23f23e9cec8ed4a5,29,58964582,2026-09-10T00:10:43+00:00,2026-09-10,buy_stablecoin,-282601316,1263498505298930101,1.263498505298930101,-282.601316,0,282.601316
4663:0x2ee2fac3d8f67c60dc9595a195f50b866ecbdf4a1e631d2a3ce035fbab76c736:31,NVDA,v3,0x2ee2fac3d8f67c60dc9595a195f50b866ecbdf4a1e631d2a3ce035fbab76c736,31,58964585,2026-09-10T00:10:43+00:00,2026-09-10,buy_stablecoin,-291258757,1302208222933907235,1.302208222933907235,-291.258757,0,291.258757
4663:0x4d5194c63f9686c3fc5060fe23d2c6520e2641a6d9c7947cfb3993d4818e9b5a:57,NVDA,v3,0x4d5194c63f9686c3fc5060fe23d2c6520e2641a6d9c7947cfb3993d4818e9b5a,57,58964586,2026-09-10T00:10:43+00:00,2026-09-10,buy_stablecoin,-68238619,305092989743069544,0.305092989743069544,-68.238619,0,68.238619
4663:0xf7e709be3cd1cc3e85139f32210536312e1e1cf3001c94477b2d75392dc730a5:77,NVDA,v3,0xf7e709be3cd1cc3e85139f32210536312e1e1cf3001c94477b2d75392dc730a5,77,58964586,2026-09-10T00:10:43+00:00,2026-09-10,buy_stablecoin,-59779891,267274371681437336,0.267274371681437336,-59.779891,0,59.779891
4663:0x893a6994fec16bf2532278d6657d9a34b2635f9b0dbe3f80b9fce02dc2f0180a:35,NVDA,v3,0x893a6994fec16bf2532278d6657d9a34b2635f9b0dbe3f80b9fce02dc2f0180a,35,58964594,2026-09-10T00:10:44+00:00,2026-09-10,buy_stablecoin,-129691339,579847068862242907,0.579847068862242907,-129.691339,0,129.691339
4663:0xf8e54085e7404f54282a6db1727d4b8d25e717a5c6186fc9cd7d97ac0d2f15b6:12,NVDA,v3,0xf8e54085e7404f54282a6db1727d4b8d25e717a5c6186fc9cd7d97ac0d2f15b6,12,58964598,2026-09-10T00:10:44+00:00,2026-09-10,buy_stablecoin,-17974297,80362721688491895,0.080362721688491895,-17.974297,0,17.974297
4663:0x022503ac8bd63be85c1361639f14bc6b743fe749b14b88312b58d5b493bbca58:37,NVDA,v3,0x022503ac8bd63be85c1361639f14bc6b743fe749b14b88312b58d5b493bbca58,37,58964599,2026-09-10T00:10:44+00:00,2026-09-10,buy_stablecoin,-175793521,785969844814590703,0.785969844814590703,-175.793521,0,175.793521
4663:0x988abcb77027a2cd4d884b971abb3564a78768e83403b7a485804b9077b31670:14,NVDA,v3,0x988abcb77027a2cd4d884b971abb3564a78768e83403b7a485804b9077b31670,14,58964600,2026-09-10T00:10:44+00:00,2026-09-10,buy_stablecoin,-175923253,786550858772587806,0.786550858772587806,-175.923253,0,175.923253
4663:0xd394d4b0faeae86784330bf0bd3414c8576fc2ec6f23fdb8dca3de6968ff6e07:103,NVDA,v3,0xd394d4b0faeae86784330bf0bd3414c8576fc2ec6f23fdb8dca3de6968ff6e07,103,58964600,2026-09-10T00:10:44+00:00,2026-09-10,buy_stock,19540355,-87277406498027170,-0.08727740649802717,19.540355,0.08727740649802717,0
4663:0x11c8b8b1e9d1c318269364a712a77bcc0af5759ac353e340a09d1465e583dccd:10,NVDA,v3,0x11c8b8b1e9d1c318269364a712a77bcc0af5759ac353e340a09d1465e583dccd,10,58964602,2026-09-10T00:10:45+00:00,2026-09-10,buy_stablecoin,-79118864,353739814124846208,0.353739814124846208,-79.118864,0,79.118864
4663:0x1acbcb8c15fc43a248fe30ab3ca0e875b4e433ac0b96d4a7cfb260b27b0946a2:27,NVDA,v3,0x1acbcb8c15fc43a248fe30ab3ca0e875b4e433ac0b96d4a7cfb260b27b0946a2,27,58964602,2026-09-10T00:10:45+00:00,2026-09-10,buy_stablecoin,-71735367,320728429331234320,0.32072842933123432,-71.735367,0,71.735367
4663:0x2a485187830210496db1f45dc33a31e4a9913621d00d569438ace84f8ca70748:44,NVDA,v3,0x2a485187830210496db1f45dc33a31e4a9913621d00d569438ace84f8ca70748,44,58964602,2026-09-10T00:10:45+00:00,2026-09-10,buy_stablecoin,-93402744,417603395640082901,0.417603395640082901,-93.402744,0,93.402744
4663:0x889ace06da948a0540f5e05f18ffb31596a294b8372400c336e276baccf02e3e:98,NVDA,v3,0x889ace06da948a0540f5e05f18ffb31596a294b8372400c336e276baccf02e3e,98,58964604,2026-09-10T00:10:45+00:00,2026-09-10,buy_stablecoin,-36058901,161219316237062543,0.161219316237062543,-36.058901,0,36.058901
4663:0x006f4caa0d8438906f8ea832fa17607c790d38421010c75644a6ca317caa6dc9:117,NVDA,v3,0x006f4caa0d8438906f8ea832fa17607c790d38421010c75644a6ca317caa6dc9,117,58964604,2026-09-10T00:10:45+00:00,2026-09-10,buy_stablecoin,-34006467,152042923897736033,0.152042923897736033,-34.006467,0,34.006467
4663:0x008b9adcbf4f2f2005b4146e80fa2f41a7b0d466d5c3eb8feadd2b5df781d881:134,NVDA,v3,0x008b9adcbf4f2f2005b4146e80fa2f41a7b0d466d5c3eb8feadd2b5df781d881,134,58964604,2026-09-10T00:10:45+00:00,2026-09-10,buy_stablecoin,-32124417,143628313297724234,0.143628313297724234,-32.124417,0,32.124417
4663:0x6c7610d840eba9e3fff19ae9e74abe7d569b8e8ed49da1efb3aafcc36a55753d:29,NVDA,v3,0x6c7610d840eba9e3fff19ae9e74abe7d569b8e8ed49da1efb3aafcc36a55753d,29,58964606,2026-09-10T00:10:45+00:00,2026-09-10,buy_stablecoin,-42530993,190156179619161795,0.190156179619161795,-42.530993,0,42.530993
4663:0x0e60f32a909fa60cd4753e04ce1d712ba82a65a0e3a39e3aa63c0ff54945da8c:50,NVDA,v3,0x0e60f32a909fa60cd4753e04ce1d712ba82a65a0e3a39e3aa63c0ff54945da8c,50,58964606,2026-09-10T00:10:45+00:00,2026-09-10,buy_stablecoin,-38717108,173104338779305433,0.173104338779305433,-38.717108,0,38.717108
4663:0x5f5c369cc8087790450d8ba743b806333f0bdc39c069dd4a215c21f636a438bd:67,NVDA,v3,0x5f5c369cc8087790450d8ba743b806333f0bdc39c069dd4a215c21f636a438bd,67,58964606,2026-09-10T00:10:45+00:00,2026-09-10,buy_stablecoin,-36662772,163919440644726554,0.163919440644726554,-36.662772,0,36.662772
4663:0xd7d8ab614270cab7678de04e4de2fe9b0121a23ce6cdf59ad675b649a9e08665:84,NVDA,v3,0xd7d8ab614270cab7678de04e4de2fe9b0121a23ce6cdf59ad675b649a9e08665,84,58964606,2026-09-10T00:10:45+00:00,2026-09-10,buy_stablecoin,-38715466,173097092499542785,0.173097092499542785,-38.715466,0,38.715466
4663:0x000a3ea45f6f67a04058a8065471c93680c540a52eb785e430a9ba4165225177:101,NVDA,v3,0x000a3ea45f6f67a04058a8065471c93680c540a52eb785e430a9ba4165225177,101,58964606,2026-09-10T00:10:45+00:00,2026-09-10,buy_stablecoin,-34112188,152515844874154864,0.152515844874154864,-34.112188,0,34.112188
4663:0x369167496e0c9d8d53df6f7f4e1388eebc7355b009b8f26a55e02fd97bfba08a:35,NVDA,v3,0x369167496e0c9d8d53df6f7f4e1388eebc7355b009b8f26a55e02fd97bfba08a,35,58964607,2026-09-10T00:10:45+00:00,2026-09-10,buy_stock,17097891,-76368375201508636,-0.076368375201508636,17.097891,0.076368375201508636,0
4663:0x38351ed7f77f31cb8b44f5a0dc2dcc85576ed055cc7709f68e22bcd0ef8459ea:95,NVDA,v3,0x38351ed7f77f31cb8b44f5a0dc2dcc85576ed055cc7709f68e22bcd0ef8459ea,95,58964607,2026-09-10T00:10:45+00:00,2026-09-10,buy_stablecoin,-21980432,98274681931272012,0.098274681931272012,-21.980432,0,21.980432
4663:0x8fb346306d6fc7e96c6c4369ffa912cd9615f1e58e32a2555097e55810a47be1:29,NVDA,v3,0x8fb346306d6fc7e96c6c4369ffa912cd9615f1e58e32a2555097e55810a47be1,29,58964608,2026-09-10T00:10:45+00:00,2026-09-10,buy_stablecoin,-29705904,132815352239086231,0.132815352239086231,-29.705904,0,29.705904
4663:0x7ae527286244eab78f4edae8c89f87346444d5e023237140fb5646b57d8c1de8:46,NVDA,v3,0x7ae527286244eab78f4edae8c89f87346444d5e023237140fb5646b57d8c1de8,46,58964608,2026-09-10T00:10:45+00:00,2026-09-10,buy_stablecoin,-29840862,133418779583618674,0.133418779583618674,-29.840862,0,29.840862
4663:0x6d9a4374520c6e128d4fa34337c7d3a802819f67ca049cb0ddf4e9b19fa16e6d:11,NVDA,v3,0x6d9a4374520c6e128d4fa34337c7d3a802819f67ca049cb0ddf4e9b19fa16e6d,11,58964609,2026-09-10T00:10:45+00:00,2026-09-10,buy_stablecoin,-42815212,191427269301537180,0.19142726930153718,-42.815212,0,42.815212
4663:0x043f49a74982b6d33ddab234a5ade6220f0d8ed7d3fc991d13ed7cab55e7a4bd:10,NVDA,v3,0x043f49a74982b6d33ddab234a5ade6220f0d8ed7d3fc991d13ed7cab55e7a4bd,10,58964612,2026-09-10T00:10:46+00:00,2026-09-10,buy_stablecoin,-109977776,491712075604589292,0.491712075604589292,-109.977776,0,109.977776
4663:0xdd423bd6b90ae3b6b44c2ed1711722944eddc4468c826ebe7cd562dfbe8f2d60:26,NVDA,v3,0xdd423bd6b90ae3b6b44c2ed1711722944eddc4468c826ebe7cd562dfbe8f2d60,26,58964613,2026-09-10T00:10:46+00:00,2026-09-10,buy_stablecoin,-139558828,623969902156849094,0.623969902156849094,-139.558828,0,139.558828
4663:0xcd953e3d43ec623204fe3bf1ef70523cd89cba39d0acf5a8ebfb1b702dd6712b:21,NVDA,v3,0xcd953e3d43ec623204fe3bf1ef70523cd89cba39d0acf5a8ebfb1b702dd6712b,21,58964614,2026-09-10T00:10:46+00:00,2026-09-10,buy_stock,41522874,-185463937013316980,-0.18546393701331698,41.522874,0.18546393701331698,0
4663:0x7e4d874d3bbd5546e47fc86385a2653af7691fb6fb26613add6f99fdb2daf21f:6,NVDA,v3,0x7e4d874d3bbd5546e47fc86385a2653af7691fb6fb26613add6f99fdb2daf21f,6,58964617,2026-09-10T00:10:46+00:00,2026-09-10,buy_stock,990000000,-4421866974650662775,-4.421866974650662775,990,4.421866974650662775,0
4663:0xdba62ff548460f8ae443f1a08b36d000e69bf5e41129526099093ba73952b988:33,NVDA,v3,0xdba62ff548460f8ae443f1a08b36d000e69bf5e41129526099093ba73952b988,33,58964618,2026-09-10T00:10:46+00:00,2026-09-10,buy_stablecoin,-31697666,141719850730952231,0.141719850730952231,-31.697666,0,31.697666
4663:0x09d39b16b18c8b53fd49f97ecc828ef9771ef6a9e7b2928fb0d2634ad67f6930:71,NVDA,v3,0x09d39b16b18c8b53fd49f97ecc828ef9771ef6a9e7b2928fb0d2634ad67f6930,71,58964618,2026-09-10T00:10:46+00:00,2026-09-10,buy_stablecoin,-31117941,139127940700641722,0.139127940700641722,-31.117941,0,31.117941
4663:0xdea7da4517e0d94b47991689de6a6c5a998c054d9e3c4ea5c71f9f3312cc708d:88,NVDA,v3,0xdea7da4517e0d94b47991689de6a6c5a998c054d9e3c4ea5c71f9f3312cc708d,88,58964618,2026-09-10T00:10:46+00:00,2026-09-10,buy_stablecoin,-26673399,119256471940689739,0.119256471940689739,-26.673399,0,26.673399
4663:0xc8ce9d5741b22bfef170242ddc31a9052fb57efb678cb663761f7aa1e5a1fe1f:173,NVDA,v3,0xc8ce9d5741b22bfef170242ddc31a9052fb57efb678cb663761f7aa1e5a1fe1f,173,58964618,2026-09-10T00:10:46+00:00,2026-09-10,buy_stablecoin,-33918215,151647997346825867,0.151647997346825867,-33.918215,0,33.918215
4663:0x881a83e31ffdf8823aead5ff3aba38080b19e6838df46d5ca6fb687ac2108ffb:12,NVDA,v3,0x881a83e31ffdf8823aead5ff3aba38080b19e6838df46d5ca6fb687ac2108ffb,12,58964619,2026-09-10T00:10:46+00:00,2026-09-10,buy_stablecoin,-94492739,422476269445349906,0.422476269445349906,-94.492739,0,94.492739
4663:0x7605d883fa7b330fc2a0e79dec55b80f4be0c5b012e86e7edeff6c0b97488b96:32,NVDA,v3,0x7605d883fa7b330fc2a0e79dec55b80f4be0c5b012e86e7edeff6c0b97488b96,32,58964619,2026-09-10T00:10:46+00:00,2026-09-10,buy_stablecoin,-96426637,431123003869973262,0.431123003869973262,-96.426637,0,96.426637
4663:0xd7cdefee8791cfc38847aa5efb47427675865dc0a45a4013a70da9f2cd4a72ac:8,NVDA,v3,0xd7cdefee8791cfc38847aa5efb47427675865dc0a45a4013a70da9f2cd4a72ac,8,58964627,2026-09-10T00:10:47+00:00,2026-09-10,buy_stock,24423380,-109087664365131249,-0.109087664365131249,24.42338,0.109087664365131249,0
4663:0x923c33aefa6f25401276970242fe5b7403113d6fd11696fcfd9d4b4583bf85e6:8,NVDA,v3,0x923c33aefa6f25401276970242fe5b7403113d6fd11696fcfd9d4b4583bf85e6,8,58964634,2026-09-10T00:10:48+00:00,2026-09-10,buy_stock,50881920,-227265365721960266,-0.227265365721960266,50.88192,0.227265365721960266,0
4663:0xbd392db70a9ab9e2fc7bdf0654682c6f6703de11f6204f817b5b791fa6dd30d0:24,NVDA,v3,0xbd392db70a9ab9e2fc7bdf0654682c6f6703de11f6204f817b5b791fa6dd30d0,24,58964634,2026-09-10T00:10:48+00:00,2026-09-10,buy_stock,50881910,-227265238621828533,-0.227265238621828533,50.88191,0.227265238621828533,0
4663:0x8cfb9ddfa092cbe4a3c2fd0c36cb03b8b4ceba8894b710ffbb7f6f0aa8261ad2:40,NVDA,v3,0x8cfb9ddfa092cbe4a3c2fd0c36cb03b8b4ceba8894b710ffbb7f6f0aa8261ad2,40,58964634,2026-09-10T00:10:48+00:00,2026-09-10,buy_stock,50881900,-227265111521790242,-0.227265111521790242,50.8819,0.227265111521790242,0
4663:0x2d41b420d5bd5bbfa62b0ec0a4976b697c1531088ad2a49e71a2cb226a810658:56,NVDA,v3,0x2d41b420d5bd5bbfa62b0ec0a4976b697c1531088ad2a49e71a2cb226a810658,56,58964634,2026-09-10T00:10:48+00:00,2026-09-10,buy_stock,50881890,-227264984421845393,-0.227264984421845393,50.88189,0.227264984421845393,0
4663:0xcd81e59deb018c81f8f470aef1cc903b156deeb45e021bdcba14b071e6d9553c:72,NVDA,v3,0xcd81e59deb018c81f8f470aef1cc903b156deeb45e021bdcba14b071e6d9553c,72,58964634,2026-09-10T00:10:48+00:00,2026-09-10,buy_stock,50881880,-227264857321993986,-0.227264857321993986,50.88188,0.227264857321993986,0
4663:0xfbc5dbc3f1bb4f326fee03ed9bac2047c7549c33ccc66af018f1c7bc37becf4b:88,NVDA,v3,0xfbc5dbc3f1bb4f326fee03ed9bac2047c7549c33ccc66af018f1c7bc37becf4b,88,58964634,2026-09-10T00:10:48+00:00,2026-09-10,buy_stock,50881870,-227264730222236021,-0.227264730222236021,50.88187,0.227264730222236021,0
4663:0xd161d7ae7b2179d63d1b0165d619ae127f38b0f9358ca2905900ec58ed4f84dc:104,NVDA,v3,0xd161d7ae7b2179d63d1b0165d619ae127f38b0f9358ca2905900ec58ed4f84dc,104,58964634,2026-09-10T00:10:48+00:00,2026-09-10,buy_stock,50881860,-227264603122571498,-0.227264603122571498,50.88186,0.227264603122571498,0
4663:0xf6dd192328245c53b18251c9ca158736323a6007bf5e88a299dfaabea0bf3fa4:120,NVDA,v3,0xf6dd192328245c53b18251c9ca158736323a6007bf5e88a299dfaabea0bf3fa4,120,58964634,2026-09-10T00:10:48+00:00,2026-09-10,buy_stock,50881850,-227264476023000416,-0.227264476023000416,50.88185,0.227264476023000416,0
4663:0xea3177d6f3221b5fbceee846530c66dc85ded61b616bf691b582c06867a98498:136,NVDA,v3,0xea3177d6f3221b5fbceee846530c66dc85ded61b616bf691b582c06867a98498,136,58964634,2026-09-10T00:10:48+00:00,2026-09-10,buy_stock,50881840,-227264348923522777,-0.227264348923522777,50.88184,0.227264348923522777,0
4663:0x55e7dfe86290e5d74c4fba14fc4446864018053a1308dbd80d489bdcb1f38762:152,NVDA,v3,0x55e7dfe86290e5d74c4fba14fc4446864018053a1308dbd80d489bdcb1f38762,152,58964634,2026-09-10T00:10:48+00:00,2026-09-10,buy_stock,50881831,-227264226292882528,-0.227264226292882528,50.881831,0.227264226292882528,0
4663:0xa4bdeacf63c9a8dd63cad04f8c6221b1ae942765668a80aeba200f42a2fc490f:168,NVDA,v3,0xa4bdeacf63c9a8dd63cad04f8c6221b1ae942765668a80aeba200f42a2fc490f,168,58964634,2026-09-10T00:10:48+00:00,2026-09-10,buy_stock,50881821,-227264099193588530,-0.22726409919358853,50.881821,0.22726409919358853,0
4663:0x48b5c220c34077f0c62e9bbece4b23565be1cc00f987c98a8dfdadad6bdc870a:184,NVDA,v3,0x48b5c220c34077f0c62e9bbece4b23565be1cc00f987c98a8dfdadad6bdc870a,184,58964634,2026-09-10T00:10:48+00:00,2026-09-10,buy_stock,50881811,-227263972094387974,-0.227263972094387974,50.881811,0.227263972094387974,0
4663:0x5f406d993baec900fa42d172bdc794f7938febba0da94c58006526d5a762ee09:210,NVDA,v3,0x5f406d993baec900fa42d172bdc794f7938febba0da94c58006526d5a762ee09,210,58964634,2026-09-10T00:10:48+00:00,2026-09-10,buy_stock,35207020,-157252356047347132,-0.157252356047347132,35.20702,0.157252356047347132,0
4663:0x689be9d64deb2e097f7d7c39d3537df13b65833b07cbab6ab5ded0b988ec9cbb:8,NVDA,v3,0x689be9d64deb2e097f7d7c39d3537df13b65833b07cbab6ab5ded0b988ec9cbb,8,58964635,2026-09-10T00:10:48+00:00,2026-09-10,buy_stock,42309825,-188977025214605013,-0.188977025214605013,42.309825,0.188977025214605013,0
4663:0x2699cb2d6ceaef626099daebdc7ca7758790bf8b1c645768fc2ff1d5a724c0fe:24,NVDA,v3,0x2699cb2d6ceaef626099daebdc7ca7758790bf8b1c645768fc2ff1d5a724c0fe,24,58964635,2026-09-10T00:10:48+00:00,2026-09-10,buy_stock,49865039,-222722347963327572,-0.222722347963327572,49.865039,0.222722347963327572,0
4663:0xc3f573d0d8606030bbe1eb52fbc3367a3601cf4d543e47001f82de810a5810cd:40,NVDA,v3,0xc3f573d0d8606030bbe1eb52fbc3367a3601cf4d543e47001f82de810a5810cd,40,58964635,2026-09-10T00:10:48+00:00,2026-09-10,buy_stock,47520036,-212248308952983526,-0.212248308952983526,47.520036,0.212248308952983526,0
4663:0x31ff5ce27c4134ab05b127b07fd9ba964717ad1ee8674735d5a7cdc4c0fd030d:56,NVDA,v3,0x31ff5ce27c4134ab05b127b07fd9ba964717ad1ee8674735d5a7cdc4c0fd030d,56,58964635,2026-09-10T00:10:48+00:00,2026-09-10,buy_stock,50377734,-225012146731250433,-0.225012146731250433,50.377734,0.225012146731250433,0
4663:0x7c50eb4f8ae51e669bb1a4d001700c842cc1194705855298eaf2b46591d0c1a8:72,NVDA,v3,0x7c50eb4f8ae51e669bb1a4d001700c842cc1194705855298eaf2b46591d0c1a8,72,58964635,2026-09-10T00:10:48+00:00,2026-09-10,buy_stock,44234799,-197574659047003418,-0.197574659047003418,44.234799,0.197574659047003418,0
4663:0x3851869f5573b37926e1d336bc933de87db687ba2a0eade564fc8f63782980f3:88,NVDA,v3,0x3851869f5573b37926e1d336bc933de87db687ba2a0eade564fc8f63782980f3,88,58964635,2026-09-10T00:10:48+00:00,2026-09-10,buy_stock,51918805,-231895180591345348,-0.231895180591345348,51.918805,0.231895180591345348,0
4663:0xadbb38654461f1a08ddd37ad91609e3bf39f991eaabd655ac2aee99b2651b245:104,NVDA,v3,0xadbb38654461f1a08ddd37ad91609e3bf39f991eaabd655ac2aee99b2651b245,104,58964635,2026-09-10T00:10:48+00:00,2026-09-10,buy_stock,54832270,-244908068718404204,-0.244908068718404204,54.83227,0.244908068718404204,0
4663:0x8c751d708d05ab28aabef1c1c13114b9649401245060b89a982bc4a174ef13e1:120,NVDA,v3,0x8c751d708d05ab28aabef1c1c13114b9649401245060b89a982bc4a174ef13e1,120,58964635,2026-09-10T00:10:48+00:00,2026-09-10,buy_stock,47434438,-211865610521701481,-0.211865610521701481,47.434438,0.211865610521701481,0
4663:0xce9d6d2a078abf9d726db6f15fafb97bc93400a83b7aecab9597450ede435a12:136,NVDA,v3,0xce9d6d2a078abf9d726db6f15fafb97bc93400a83b7aecab9597450ede435a12,136,58964635,2026-09-10T00:10:48+00:00,2026-09-10,buy_stock,64764914,-289271956166745184,-0.289271956166745184,64.764914,0.289271956166745184,0
4663:0x2d281b7498c25626e2f8d3b803d8e51bb575d0513aaf519c510b178c96863349:178,NVDA,v3,0x2d281b7498c25626e2f8d3b803d8e51bb575d0513aaf519c510b178c96863349,178,58964635,2026-09-10T00:10:48+00:00,2026-09-10,buy_stock,170222397,-760296303533433409,-0.760296303533433409,170.222397,0.760296303533433409,0
4663:0x91243612459578c6c5ce04727803b9e6c95d26f3bde3b09dadc3cfe817d6edaf:192,NVDA,v3,0x91243612459578c6c5ce04727803b9e6c95d26f3bde3b09dadc3cfe817d6edaf,192,58964635,2026-09-10T00:10:48+00:00,2026-09-10,buy_stock,5180679,-23139423584284854,-0.023139423584284854,5.180679,0.023139423584284854,0
4663:0x8b2b3d29a13b5a16b19ff8ec975e6bb9aa33d5e596222c38ac92617fd42360de:215,NVDA,v3,0x8b2b3d29a13b5a16b19ff8ec975e6bb9aa33d5e596222c38ac92617fd42360de,215,58964635,2026-09-10T00:10:48+00:00,2026-09-10,buy_stock,183173974,-818143310851687855,-0.818143310851687855,183.173974,0.818143310851687855,0
4663:0x61b30525564dcd3b67ac731fe41bd757ad497442dbf239ed3c76602170ea5e2c:231,NVDA,v3,0x61b30525564dcd3b67ac731fe41bd757ad497442dbf239ed3c76602170ea5e2c,231,58964635,2026-09-10T00:10:48+00:00,2026-09-10,buy_stock,146539087,-654513465890125506,-0.654513465890125506,146.539087,0.654513465890125506,0
4663:0x023c2150dca6987c970f309817392e5159b03399b716e307c602b2380a3dfd1e:247,NVDA,v3,0x023c2150dca6987c970f309817392e5159b03399b716e307c602b2380a3dfd1e,247,58964635,2026-09-10T00:10:48+00:00,2026-09-10,buy_stock,48846344,-218170918492647419,-0.218170918492647419,48.846344,0.218170918492647419,0
4663:0x9326339918da87766cf50dde33896dd01a14a9abeb1a79cc22e0ef28b4f8f7c4:263,NVDA,v3,0x9326339918da87766cf50dde33896dd01a14a9abeb1a79cc22e0ef28b4f8f7c4,263,58964635,2026-09-10T00:10:48+00:00,2026-09-10,buy_stock,73269499,-327256163834980727,-0.327256163834980727,73.269499,0.327256163834980727,0
4663:0x1cf1b4e225221d569694ce1cd3adbf30209cc81a2416c255f0c9b5096ec32dd6:13,NVDA,v3,0x1cf1b4e225221d569694ce1cd3adbf30209cc81a2416c255f0c9b5096ec32dd6,13,58964636,2026-09-10T00:10:48+00:00,2026-09-10,buy_stablecoin,-4957649,22165355691840101,0.022165355691840101,-4.957649,0,4.957649
4663:0x2940742eea0765bf8301af07592ed507a79e8dd845a9d9b250efc9e6cedd3ffe:36,NVDA,v3,0x2940742eea0765bf8301af07592ed507a79e8dd845a9d9b250efc9e6cedd3ffe,36,58964636,2026-09-10T00:10:48+00:00,2026-09-10,buy_stock,12211581,-54542668859724837,-0.054542668859724837,12.211581,0.054542668859724837,0
4663:0x3da83826803a4f6e90c9db81f9b6a35a3f921742c728ae9ec2371781ad3eab86:90,NVDA,v3,0x3da83826803a4f6e90c9db81f9b6a35a3f921742c728ae9ec2371781ad3eab86,90,58964638,2026-09-10T00:10:48+00:00,2026-09-10,buy_stock,45295423,-202310640853939538,-0.202310640853939538,45.295423,0.202310640853939538,0
4663:0xbf8674a9119ec569d9bdea3884aba671f70d8e442d1eb765b55a586c956034aa:119,NVDA,v3,0xbf8674a9119ec569d9bdea3884aba671f70d8e442d1eb765b55a586c956034aa,119,58964638,2026-09-10T00:10:48+00:00,2026-09-10,buy_stock,39859966,-178033283116391992,-0.178033283116391992,39.859966,0.178033283116391992,0
4663:0xcde823dbc2882282d77d5bced0ff8392ab1432d80dd4479e084a5883d1d0eb95:8,NVDA,v3,0xcde823dbc2882282d77d5bced0ff8392ab1432d80dd4479e084a5883d1d0eb95,8,58964639,2026-09-10T00:10:48+00:00,2026-09-10,buy_stock,48846306,-218170415129760238,-0.218170415129760238,48.846306,0.218170415129760238,0
4663:0x0fce429e9526444bdb48930ef6ef731765c7030fc3a3f5d46a2b2371dd8477dc:66,NVDA,v3,0x0fce429e9526444bdb48930ef6ef731765c7030fc3a3f5d46a2b2371dd8477dc,66,58964639,2026-09-10T00:10:48+00:00,2026-09-10,buy_stock,73269437,-327255386447815801,-0.327255386447815801,73.269437,0.327255386447815801,0
4663:0xdc85936515c39218a6f110785b598a107f4d0e2dcb961ddfe884c4e00fddc2cf:43,NVDA,v3,0xdc85936515c39218a6f110785b598a107f4d0e2dcb961ddfe884c4e00fddc2cf,43,58964641,2026-09-10T00:10:49+00:00,2026-09-10,buy_stock,24425606,-109096079368852250,-0.10909607936885225,24.425606,0.10909607936885225,0
4663:0xedf63da81d8bc7a9ea0c8dd567b09c9a743b21cb8ccf9399ad3bd8866490ebcf:80,NVDA,v3,0xedf63da81d8bc7a9ea0c8dd567b09c9a743b21cb8ccf9399ad3bd8866490ebcf,80,58964642,2026-09-10T00:10:49+00:00,2026-09-10,buy_stablecoin,-27573307,123278423795658568,0.123278423795658568,-27.573307,0,27.573307
4663:0xde166fd9cb174878828b2d6846090e0672b5600fbe765a8f1748e3aaae1081c2:9,NVDA,v3,0xde166fd9cb174878828b2d6846090e0672b5600fbe765a8f1748e3aaae1081c2,9,58964643,2026-09-10T00:10:49+00:00,2026-09-10,buy_stock,45315344,-202399322789690285,-0.202399322789690285,45.315344,0.202399322789690285,0
4663:0x0ddef6f8b67ff099123af2665b054c1e7ba091d5ac6419a908332a60b4e4e52f:31,NVDA,v3,0x0ddef6f8b67ff099123af2665b054c1e7ba091d5ac6419a908332a60b4e4e52f,31,58964643,2026-09-10T00:10:49+00:00,2026-09-10,buy_stock,244255961,-1090959177882829572,-1.090959177882829572,244.255961,1.090959177882829572,0
4663:0xbc495a615b0f6db726b9a9b117892741fa5de023c94f9c5158a4730d62ad715f:65,NVDA,v3,0xbc495a615b0f6db726b9a9b117892741fa5de023c94f9c5158a4730d62ad715f,65,58964643,2026-09-10T00:10:49+00:00,2026-09-10,buy_stablecoin,-118285668,528846537731658131,0.528846537731658131,-118.285668,0,118.285668
4663:0x83e63077372b5be1cf08ab4e86c17d43f49f7b9123b70518ec1b203dd655a9f6:45,NVDA,v3,0x83e63077372b5be1cf08ab4e86c17d43f49f7b9123b70518ec1b203dd655a9f6,45,58964646,2026-09-10T00:10:49+00:00,2026-09-10,buy_stablecoin,-25404901,113583506445716702,0.113583506445716702,-25.404901,0,25.404901
4663:0x577efe032e815d0e389f758593a6aa5e6ba866b166686ddb5e16661591216f76:40,NVDA,v3,0x577efe032e815d0e389f758593a6aa5e6ba866b166686ddb5e16661591216f76,40,58964647,2026-09-10T00:10:49+00:00,2026-09-10,buy_stablecoin,-42720211,190999071750010197,0.190999071750010197,-42.720211,0,42.720211
4663:0xe3b6e2ce0e350c3248ef98c396d7a7431089ca9b138ee9744356eee1ef8a6c34:58,NVDA,v3,0xe3b6e2ce0e350c3248ef98c396d7a7431089ca9b138ee9744356eee1ef8a6c34,58,58964648,2026-09-10T00:10:49+00:00,2026-09-10,buy_stablecoin,-70953827,317229719422817637,0.317229719422817637,-70.953827,0,70.953827
4663:0xde0cee1b4f0ac0ab8335fd1639e5a5ae386f6476f3ba3182ec91c4f515e99129:54,NVDA,v3,0xde0cee1b4f0ac0ab8335fd1639e5a5ae386f6476f3ba3182ec91c4f515e99129,54,58964654,2026-09-10T00:10:50+00:00,2026-09-10,buy_stock,122139888,-545533061945281415,-0.545533061945281415,122.139888,0.545533061945281415,0
4663:0x4b1f1d248c26899a79c6bdf5b56bdead3de52e77f84c81e74e47a98df808f95e:37,NVDA,v3,0x4b1f1d248c26899a79c6bdf5b56bdead3de52e77f84c81e74e47a98df808f95e,37,58964656,2026-09-10T00:10:50+00:00,2026-09-10,buy_stock,30534963,-136383148835746966,-0.136383148835746966,30.534963,0.136383148835746966,0
4663:0x2df0ec6d26d71fffe302901b817c88d417f78012dd9e5afa4ab971dcaab60ee8:53,NVDA,v3,0x2df0ec6d26d71fffe302901b817c88d417f78012dd9e5afa4ab971dcaab60ee8,53,58964656,2026-09-10T00:10:50+00:00,2026-09-10,buy_stock,30534959,-136383101281820842,-0.136383101281820842,30.534959,0.136383101281820842,0
4663:0xbebacfb70085cead22e8d14f1c27abf56d5f32ad9322ff567d62046ea1ffeab7:69,NVDA,v3,0xbebacfb70085cead22e8d14f1c27abf56d5f32ad9322ff567d62046ea1ffeab7,69,58964656,2026-09-10T00:10:50+00:00,2026-09-10,buy_stock,30534956,-136383058196606691,-0.136383058196606691,30.534956,0.136383058196606691,0
4663:0x088dd42e14b490bbd5ab77de1dafdcea6031ce88f27c522cb442e3a1cfe0827f:85,NVDA,v3,0x088dd42e14b490bbd5ab77de1dafdcea6031ce88f27c522cb442e3a1cfe0827f,85,58964656,2026-09-10T00:10:50+00:00,2026-09-10,buy_stock,30534952,-136383010642721337,-0.136383010642721337,30.534952,0.136383010642721337,0
4663:0x509c9bed6ea201f1c68242a27b46ab969e7034cedda9bf462d33b2f4e6efa778:101,NVDA,v3,0x509c9bed6ea201f1c68242a27b46ab969e7034cedda9bf462d33b2f4e6efa778,101,58964656,2026-09-10T00:10:50+00:00,2026-09-10,buy_stock,30534948,-136382963088857340,-0.13638296308885734,30.534948,0.13638296308885734,0
4663:0x2a1b32a693a2ac961775997ff73728de3d811e14cb174146c3f1c4aae4ac2f3b:117,NVDA,v3,0x2a1b32a693a2ac961775997ff73728de3d811e14cb174146c3f1c4aae4ac2f3b,117,58964656,2026-09-10T00:10:50+00:00,2026-09-10,buy_stock,30534945,-136382920003702399,-0.136382920003702399,30.534945,0.136382920003702399,0
4663:0xa17a2a8f806eee9b2dd743d3b3a90f21fb353a1b8e5772df0b68c60ededd8288:133,NVDA,v3,0xa17a2a8f806eee9b2dd743d3b3a90f21fb353a1b8e5772df0b68c60ededd8288,133,58964656,2026-09-10T00:10:50+00:00,2026-09-10,buy_stock,30534941,-136382872449879172,-0.136382872449879172,30.534941,0.136382872449879172,0
4663:0x331eb9e7c0f5c2345622b2149b4a9246e11bba4cf106c2f078ec4ff72e3c8b26:149,NVDA,v3,0x331eb9e7c0f5c2345622b2149b4a9246e11bba4cf106c2f078ec4ff72e3c8b26,149,58964656,2026-09-10T00:10:50+00:00,2026-09-10,buy_stock,30534938,-136382829364763056,-0.136382829364763056,30.534938,0.136382829364763056,0
4663:0xbda1d75bb24f3bca780d36efa01e7af8a1a49de59f3f3345edf78781cd00634f:165,NVDA,v3,0xbda1d75bb24f3bca780d36efa01e7af8a1a49de59f3f3345edf78781cd00634f,165,58964656,2026-09-10T00:10:50+00:00,2026-09-10,buy_stock,30534934,-136382781810980599,-0.136382781810980599,30.534934,0.136382781810980599,0
4663:0x680dacaf8c33ba64d0c204c37880ffca2eff01577765d5e925427858e4634131:181,NVDA,v3,0x680dacaf8c33ba64d0c204c37880ffca2eff01577765d5e925427858e4634131,181,58964656,2026-09-10T00:10:50+00:00,2026-09-10,buy_stock,30534931,-136382738725903308,-0.136382738725903308,30.534931,0.136382738725903308,0
4663:0x9476722b53503398e0687ccc08a57eb5f9d2d2d4cf923033c0d104040b0e881f:197,NVDA,v3,0x9476722b53503398e0687ccc08a57eb5f9d2d2d4cf923033c0d104040b0e881f,197,58964656,2026-09-10T00:10:50+00:00,2026-09-10,buy_stock,30534927,-136382691172161621,-0.136382691172161621,30.534927,0.136382691172161621,0
4663:0xe0d6d0339d108cc8c6349c2b29501a8bc088799a446b9adcb200117ad29c6c76:213,NVDA,v3,0xe0d6d0339d108cc8c6349c2b29501a8bc088799a446b9adcb200117ad29c6c76,213,58964656,2026-09-10T00:10:50+00:00,2026-09-10,buy_stock,30534924,-136382648087123155,-0.136382648087123155,30.534924,0.136382648087123155,0
4663:0x78f02984e7cab8866cf4cb85f59b9a14ce00a8fd6eeb5d10ebd410ec9cc7f807:229,NVDA,v3,0x78f02984e7cab8866cf4cb85f59b9a14ce00a8fd6eeb5d10ebd410ec9cc7f807,229,58964656,2026-09-10T00:10:50+00:00,2026-09-10,buy_stock,30534920,-136382600533422238,-0.136382600533422238,30.53492,0.136382600533422238,0
4663:0x50a0f160a91a17080ce2e4754da758c3a9c0569eba2d4c4e2262c6304ec60d1c:245,NVDA,v3,0x50a0f160a91a17080ce2e4754da758c3a9c0569eba2d4c4e2262c6304ec60d1c,245,58964656,2026-09-10T00:10:50+00:00,2026-09-10,buy_stock,30534916,-136382552979742678,-0.136382552979742678,30.534916,0.136382552979742678,0
4663:0x839f24228b46933820d0e71de69254440bbae47ced816d8b7e3f879c50a15a41:261,NVDA,v3,0x839f24228b46933820d0e71de69254440bbae47ced816d8b7e3f879c50a15a41,261,58964656,2026-09-10T00:10:50+00:00,2026-09-10,buy_stock,30534913,-136382509894763422,-0.136382509894763422,30.534913,0.136382509894763422,0
4663:0x714b8ed9b9f57099118868aa2f888821ad13300b7e0c9f5d66cfff8ef64b3976:277,NVDA,v3,0x714b8ed9b9f57099118868aa2f888821ad13300b7e0c9f5d66cfff8ef64b3976,277,58964656,2026-09-10T00:10:50+00:00,2026-09-10,buy_stock,30534909,-136382462341124632,-0.136382462341124632,30.534909,0.136382462341124632,0
4663:0x42f921324fb66b4c0fbfa6f0804b6307ad593bf2929890e2ef4ac882109e72cb:293,NVDA,v3,0x42f921324fb66b4c0fbfa6f0804b6307ad593bf2929890e2ef4ac882109e72cb,293,58964656,2026-09-10T00:10:50+00:00,2026-09-10,buy_stock,30534906,-136382419256184200,-0.1363824192561842,30.534906,0.1363824192561842,0
4663:0xb18854876bc5e2362e8a6352e22f1046b604ec182875f068a122591d15011c7a:309,NVDA,v3,0xb18854876bc5e2362e8a6352e22f1046b604ec182875f068a122591d15011c7a,309,58964656,2026-09-10T00:10:50+00:00,2026-09-10,buy_stock,30534902,-136382371702586180,-0.13638237170258618,30.534902,0.13638237170258618,0
4663:0x864a07087d6d7f75b1e52fc162664ec396bc40fcbc480a5795e9f890eb934a51:325,NVDA,v3,0x864a07087d6d7f75b1e52fc162664ec396bc40fcbc480a5795e9f890eb934a51,325,58964656,2026-09-10T00:10:50+00:00,2026-09-10,buy_stock,30534899,-136382328617684573,-0.136382328617684573,30.534899,0.136382328617684573,0
4663:0xe152ca4c62f032c908ef3378ea864c870b25e1e1fbb8fd50b7e3ba194a3583cf:341,NVDA,v3,0xe152ca4c62f032c908ef3378ea864c870b25e1e1fbb8fd50b7e3ba194a3583cf,341,58964656,2026-09-10T00:10:50+00:00,2026-09-10,buy_stock,30534895,-136382281064127322,-0.136382281064127322,30.534895,0.136382281064127322,0
4663:0x12810c304b691f5ccfe068fbd830e5c549196d95b944bdf6790e12b9597c43f8:43,NVDA,v3,0x12810c304b691f5ccfe068fbd830e5c549196d95b944bdf6790e12b9597c43f8,43,58964657,2026-09-10T00:10:50+00:00,2026-09-10,buy_stock,444143584,-1983737416382542998,-1.983737416382542998,444.143584,1.983737416382542998,0
4663:0x4d006bc0cada9abce2ea171ae83b7761b37d0177708d41d4b187d59dacc8d2e0:85,NVDA,v3,0x4d006bc0cada9abce2ea171ae83b7761b37d0177708d41d4b187d59dacc8d2e0,85,58964657,2026-09-10T00:10:50+00:00,2026-09-10,buy_stock,488557074,-2182100025960175252,-2.182100025960175252,488.557074,2.182100025960175252,0
4663:0x91a583c5f535ac9b1ac8c96015fe56d3a9f9119585b269e6e4160bf178967337:100,NVDA,v3,0x91a583c5f535ac9b1ac8c96015fe56d3a9f9119585b269e6e4160bf178967337,100,58964657,2026-09-10T00:10:50+00:00,2026-09-10,buy_stock,30843219,-137758446675148967,-0.137758446675148967,30.843219,0.137758446675148967,0
4663:0xa6fceb7e13312494662d09be2b17cbae404fb7cac5dfd3b201df288c23b7167b:14,NVDA,v3,0xa6fceb7e13312494662d09be2b17cbae404fb7cac5dfd3b201df288c23b7167b,14,58964658,2026-09-10T00:10:50+00:00,2026-09-10,buy_stablecoin,-392939202,1756786026159745142,1.756786026159745142,-392.939202,0,392.939202
4663:0x7793315e752019f5541f5157018649e20fe91a13b9f8d94c1e12697595ca9875:35,NVDA,v3,0x7793315e752019f5541f5157018649e20fe91a13b9f8d94c1e12697595ca9875,35,58964660,2026-09-10T00:10:51+00:00,2026-09-10,buy_stock,24423095,-109083827288992757,-0.109083827288992757,24.423095,0.109083827288992757,0
4663:0xaa3b606d3307270c949f3c90420d54e8eea9be6945c4cbb79ea81051609eb713:58,NVDA,v3,0xaa3b606d3307270c949f3c90420d54e8eea9be6945c4cbb79ea81051609eb713,58,58964660,2026-09-10T00:10:51+00:00,2026-09-10,buy_stock,12213931,-54552553094375108,-0.054552553094375108,12.213931,0.054552553094375108,0
4663:0x9d53895dd596b3a9e400c42714f96ea03355a8e88746bcb5e725e66c3f71373f:74,NVDA,v3,0x9d53895dd596b3a9e400c42714f96ea03355a8e88746bcb5e725e66c3f71373f,74,58964660,2026-09-10T00:10:51+00:00,2026-09-10,buy_stock,12213930,-54552543877157459,-0.054552543877157459,12.21393,0.054552543877157459,0
4663:0x7fdafeff0c4abddfe5f5cd75294098e12d34be68b5b08cedd696f16f043f8d16:90,NVDA,v3,0x7fdafeff0c4abddfe5f5cd75294098e12d34be68b5b08cedd696f16f043f8d16,90,58964660,2026-09-10T00:10:51+00:00,2026-09-10,buy_stock,12213930,-54552539128595570,-0.05455253912859557,12.21393,0.05455253912859557,0
4663:0x52272ed89b09581b751fa23cacbbd86a4d9db52b3a61500b10d7a4e4aff5f656:106,NVDA,v3,0x52272ed89b09581b751fa23cacbbd86a4d9db52b3a61500b10d7a4e4aff5f656,106,58964660,2026-09-10T00:10:51+00:00,2026-09-10,buy_stock,12213929,-54552529911380716,-0.054552529911380716,12.213929,0.054552529911380716,0
4663:0x42ec8a8c930fee19e58d08e6f671d4d55da89d2ef0f41e3da3686a0c1eaf8537:122,NVDA,v3,0x42ec8a8c930fee19e58d08e6f671d4d55da89d2ef0f41e3da3686a0c1eaf8537,122,58964660,2026-09-10T00:10:51+00:00,2026-09-10,buy_stock,12213929,-54552525162820846,-0.054552525162820846,12.213929,0.054552525162820846,0
4663:0x55873809c32705e1c3e6821f8c676af776bd79930511521d909e0fbb810f949e:138,NVDA,v3,0x55873809c32705e1c3e6821f8c676af776bd79930511521d909e0fbb810f949e,138,58964660,2026-09-10T00:10:51+00:00,2026-09-10,buy_stock,12213928,-54552515945608788,-0.054552515945608788,12.213928,0.054552515945608788,0
4663:0xad957ad2a884f9b853e8bd400021a590abfa8296419333984e442cc8236dd2a5:154,NVDA,v3,0xad957ad2a884f9b853e8bd400021a590abfa8296419333984e442cc8236dd2a5,154,58964660,2026-09-10T00:10:51+00:00,2026-09-10,buy_stock,12213928,-54552511197050935,-0.054552511197050935,12.213928,0.054552511197050935,0
4663:0x0a8013865516d301e02943c44f16111d60106da3ab921cb996ca29edd52805b1:170,NVDA,v3,0x0a8013865516d301e02943c44f16111d60106da3ab921cb996ca29edd52805b1,170,58964660,2026-09-10T00:10:51+00:00,2026-09-10,buy_stock,12213927,-54552501979841674,-0.054552501979841674,12.213927,0.054552501979841674,0
4663:0x5272d63f38be6a806e9a328799e6f8b69d7c3fb405c46f88a3775d4a625832ee:186,NVDA,v3,0x5272d63f38be6a806e9a328799e6f8b69d7c3fb405c46f88a3775d4a625832ee,186,58964660,2026-09-10T00:10:51+00:00,2026-09-10,buy_stock,12213926,-54552492762634199,-0.054552492762634199,12.213926,0.054552492762634199,0
4663:0x08cb81fad48d9a1f48f8ab9fdc0081f32134d3fcd56036cc9fb36c5abeb450da:202,NVDA,v3,0x08cb81fad48d9a1f48f8ab9fdc0081f32134d3fcd56036cc9fb36c5abeb450da,202,58964660,2026-09-10T00:10:51+00:00,2026-09-10,buy_stock,12213926,-54552488014079762,-0.054552488014079762,12.213926,0.054552488014079762,0
4663:0xc797436d8c2034ea673ee254753ab2adf9888a76911670058210caa7bcaa6a21:218,NVDA,v3,0xc797436d8c2034ea673ee254753ab2adf9888a76911670058210caa7bcaa6a21,218,58964660,2026-09-10T00:10:51+00:00,2026-09-10,buy_stock,12213925,-54552478796875084,-0.054552478796875084,12.213925,0.054552478796875084,0
4663:0xc50fbac4a0c71a298ef4e4db8416ab6e8c68b9e9d5ba67e296f3cd6c1a517b8a:234,NVDA,v3,0xc50fbac4a0c71a298ef4e4db8416ab6e8c68b9e9d5ba67e296f3cd6c1a517b8a,234,58964660,2026-09-10T00:10:51+00:00,2026-09-10,buy_stock,12213925,-54552474048322665,-0.054552474048322665,12.213925,0.054552474048322665,0
4663:0x18ad4b304f9adecb6e42b5cfd6b136acc9189a103344b13e1a66498293e6664b:250,NVDA,v3,0x18ad4b304f9adecb6e42b5cfd6b136acc9189a103344b13e1a66498293e6664b,250,58964660,2026-09-10T00:10:51+00:00,2026-09-10,buy_stock,12213924,-54552464831120782,-0.054552464831120782,12.213924,0.054552464831120782,0
4663:0xfc24ab9d1439e7e17d1e03bfaaf89dfd10ada47587cfd1c1315219ac4ca068d0:266,NVDA,v3,0xfc24ab9d1439e7e17d1e03bfaaf89dfd10ada47587cfd1c1315219ac4ca068d0,266,58964660,2026-09-10T00:10:51+00:00,2026-09-10,buy_stock,12213924,-54552460082570381,-0.054552460082570381,12.213924,0.054552460082570381,0
4663:0x8054272c9a33e1a46825ebf3d0a05424119b8984feb65574d1697b472dc6cccb:282,NVDA,v3,0x8054272c9a33e1a46825ebf3d0a05424119b8984feb65574d1697b472dc6cccb,282,58964660,2026-09-10T00:10:51+00:00,2026-09-10,buy_stock,12213923,-54552450865371295,-0.054552450865371295,12.213923,0.054552450865371295,0
4663:0x286e09e1038b00539de52b76ace136de9522a34366759ee86330a032f7b6aa8d:298,NVDA,v3,0x286e09e1038b00539de52b76ace136de9522a34366759ee86330a032f7b6aa8d,298,58964660,2026-09-10T00:10:51+00:00,2026-09-10,buy_stock,12213922,-54552441648173995,-0.054552441648173995,12.213922,0.054552441648173995,0
4663:0x0b80e417815724c290e64fdd6848d081fadffda07de794dc2181a7747f459ea0:314,NVDA,v3,0x0b80e417815724c290e64fdd6848d081fadffda07de794dc2181a7747f459ea0,314,58964660,2026-09-10T00:10:51+00:00,2026-09-10,buy_stock,12213922,-54552436899627010,-0.05455243689962701,12.213922,0.05455243689962701,0
4663:0x02226feac32bf2f4241499b9f7e2368fbe09eeb8113306d43008bdbd136d4262:330,NVDA,v3,0x02226feac32bf2f4241499b9f7e2368fbe09eeb8113306d43008bdbd136d4262,330,58964660,2026-09-10T00:10:51+00:00,2026-09-10,buy_stock,12213921,-54552427682432506,-0.054552427682432506,12.213921,0.054552427682432506,0
4663:0xa479f2ad6b357bb0b55fd8da73d22046f358248cfb1fcd6d683819d8514c8275:346,NVDA,v3,0xa479f2ad6b357bb0b55fd8da73d22046f358248cfb1fcd6d683819d8514c8275,346,58964660,2026-09-10T00:10:51+00:00,2026-09-10,buy_stock,12213921,-54552422933887539,-0.054552422933887539,12.213921,0.054552422933887539,0
4663:0x6423967ad97648678c55d061cda17c6506b7393eee1e3a8d8a8c18794f4ab922:362,NVDA,v3,0x6423967ad97648678c55d061cda17c6506b7393eee1e3a8d8a8c18794f4ab922,362,58964660,2026-09-10T00:10:51+00:00,2026-09-10,buy_stock,12213920,-54552413716695831,-0.054552413716695831,12.21392,0.054552413716695831,0
4663:0x15990914ba8729438a667596966d2d66de0574641f86fe9c1ff488d1b3eaf891:9,NVDA,v3,0x15990914ba8729438a667596966d2d66de0574641f86fe9c1ff488d1b3eaf891,9,58964662,2026-09-10T00:10:51+00:00,2026-09-10,buy_stock,48858613,-218222704982213772,-0.218222704982213772,48.858613,0.218222704982213772,0
4663:0x525c1c41ed5c720bbe3d6ca5cb74bd4dcc3a523446615c7e13ad92e17fb610dc:24,NVDA,v3,0x525c1c41ed5c720bbe3d6ca5cb74bd4dcc3a523446615c7e13ad92e17fb610dc,24,58964664,2026-09-10T00:10:51+00:00,2026-09-10,buy_stock,61690173,-275533632350501378,-0.275533632350501378,61.690173,0.275533632350501378,0
4663:0x7dd5e7b8724a98e776a4deac0a42556e69cec4125c78205da5f032e3de0489cb:21,NVDA,v3,0x7dd5e7b8724a98e776a4deac0a42556e69cec4125c78205da5f032e3de0489cb,21,58964674,2026-09-10T00:10:52+00:00,2026-09-10,buy_stock,244292143,-1091107798741407330,-1.09110779874140733,244.292143,1.09110779874140733,0
4663:0x2e72294c0b935fca37ace8f9f41fe7bf336edf426862c27d402a367f9dcb08c0:19,NVDA,v3,0x2e72294c0b935fca37ace8f9f41fe7bf336edf426862c27d402a367f9dcb08c0,19,58964675,2026-09-10T00:10:52+00:00,2026-09-10,buy_stablecoin,-177934008,795520593209573436,0.795520593209573436,-177.934008,0,177.934008
4663:0x44a27828d544ee7bbb0b2f7d0f0dd5c4a352c02e0b61e2ab772cc05f12865db9:43,NVDA,v3,0x44a27828d544ee7bbb0b2f7d0f0dd5c4a352c02e0b61e2ab772cc05f12865db9,43,58964676,2026-09-10T00:10:52+00:00,2026-09-10,buy_stablecoin,-7846177,35079296786284602,0.035079296786284602,-7.846177,0,7.846177
4663:0x922712418c91314e26476ae1a211d1b88a56f72c09a618c8c8c93f3bef336f49:11,NVDA,v3,0x922712418c91314e26476ae1a211d1b88a56f72c09a618c8c8c93f3bef336f49,11,58964685,2026-09-10T00:10:53+00:00,2026-09-10,buy_stablecoin,-114297566,511010615876245501,0.511010615876245501,-114.297566,0,114.297566
4663:0xf032e5e438824710a1c6848c820d512433ef6a7d6fb83dc7c90cd746f5104d6a:6,NVDA,v3,0xf032e5e438824710a1c6848c820d512433ef6a7d6fb83dc7c90cd746f5104d6a,6,58964694,2026-09-10T00:10:54+00:00,2026-09-10,buy_stablecoin,-18550190,82935700704482959,0.082935700704482959,-18.55019,0,18.55019
4663:0x5e8dc295a850bb4f4912b8e9f2268945c372e001c474cd5befc7d07a6c53aed4:12,NVDA,v3,0x5e8dc295a850bb4f4912b8e9f2268945c372e001c474cd5befc7d07a6c53aed4,12,58964697,2026-09-10T00:10:54+00:00,2026-09-10,buy_stablecoin,-85059948,380293077776928125,0.380293077776928125,-85.059948,0,85.059948
4663:0x01bb8a37363ccf908b4dda3dce77404dafd63371bc7a584f1a627d08c1faafb7:39,NVDA,v3,0x01bb8a37363ccf908b4dda3dce77404dafd63371bc7a584f1a627d08c1faafb7,39,58964697,2026-09-10T00:10:54+00:00,2026-09-10,buy_stablecoin,-106471014,476019774432897928,0.476019774432897928,-106.471014,0,106.471014
4663:0x15b57eb5a88dbc9eb3074271183a7ab1ec2cb147d921e9d4d62d031e1b34458b:12,NVDA,v3,0x15b57eb5a88dbc9eb3074271183a7ab1ec2cb147d921e9d4d62d031e1b34458b,12,58964698,2026-09-10T00:10:54+00:00,2026-09-10,buy_stablecoin,-100009695,447132281344743290,0.44713228134474329,-100.009695,0,100.009695
4663:0xca8f1cb7f58fcc9877000ca824158941e860675b6da5f637de5e2b5938aa147a:34,NVDA,v3,0xca8f1cb7f58fcc9877000ca824158941e860675b6da5f637de5e2b5938aa147a,34,58964698,2026-09-10T00:10:54+00:00,2026-09-10,buy_stablecoin,-87489629,391156713007858498,0.391156713007858498,-87.489629,0,87.489629
4663:0x43fcbfccab848257f188b354192dd96b91607f8a443246641bc1d090f043c36d:53,NVDA,v3,0x43fcbfccab848257f188b354192dd96b91607f8a443246641bc1d090f043c36d,53,58964698,2026-09-10T00:10:54+00:00,2026-09-10,buy_stablecoin,-88743137,396761262249964415,0.396761262249964415,-88.743137,0,88.743137
4663:0x36addc477225b7cc4294127f9ad3a2a6f21888cc03bb894b78ea4e94f16a4a2d:79,NVDA,v3,0x36addc477225b7cc4294127f9ad3a2a6f21888cc03bb894b78ea4e94f16a4a2d,79,58964698,2026-09-10T00:10:54+00:00,2026-09-10,buy_stablecoin,-89161357,398631335742134454,0.398631335742134454,-89.161357,0,89.161357
4663:0xdc8ba1d29ea05402d92f4dc242c8e448766d499f1b270d9a9260832b022b528d:98,NVDA,v3,0xdc8ba1d29ea05402d92f4dc242c8e448766d499f1b270d9a9260832b022b528d,98,58964698,2026-09-10T00:10:54+00:00,2026-09-10,buy_stablecoin,-83255294,372226156689126256,0.372226156689126256,-83.255294,0,83.255294
4663:0x363acf8d8eaadf66e058ab40af7e8f1e29ab9ff21fa96039d0bbaa8b0a046819:14,NVDA,v3,0x363acf8d8eaadf66e058ab40af7e8f1e29ab9ff21fa96039d0bbaa8b0a046819,14,58964702,2026-09-10T00:10:55+00:00,2026-09-10,buy_stablecoin,-43846287,196032487644463093,0.196032487644463093,-43.846287,0,43.846287
4663:0x6bf80e31ad1975919cb51f2afac11da8eba43966b5706dfcea8b3b077fe1a1d5:54,NVDA,v3,0x6bf80e31ad1975919cb51f2afac11da8eba43966b5706dfcea8b3b077fe1a1d5,54,58964703,2026-09-10T00:10:55+00:00,2026-09-10,buy_stablecoin,-64195724,287012954237048879,0.287012954237048879,-64.195724,0,64.195724
4663:0x7236a85f8fe99ef72955dd591d1318494f2486e89c606d1c9c71df78d50f2f4c:73,NVDA,v3,0x7236a85f8fe99ef72955dd591d1318494f2486e89c606d1c9c71df78d50f2f4c,73,58964703,2026-09-10T00:10:55+00:00,2026-09-10,buy_stablecoin,-67205496,300469497487340691,0.300469497487340691,-67.205496,0,67.205496
4663:0x3d58061ac43f227d7bfd566c007c3da0adbd0dab8bc8fc4b2f138b8f7c5b9e1f:92,NVDA,v3,0x3d58061ac43f227d7bfd566c007c3da0adbd0dab8bc8fc4b2f138b8f7c5b9e1f,92,58964703,2026-09-10T00:10:55+00:00,2026-09-10,buy_stablecoin,-62910749,281268213348606728,0.281268213348606728,-62.910749,0,62.910749
4663:0x164194835f899b696a3f4975cce6062d198ea968b8fc3973880734c934356e26:111,NVDA,v3,0x164194835f899b696a3f4975cce6062d198ea968b8fc3973880734c934356e26,111,58964703,2026-09-10T00:10:55+00:00,2026-09-10,buy_stablecoin,-63013395,281727262284878656,0.281727262284878656,-63.013395,0,63.013395
4663:0xaec5e37e2df669de7349a5019fb31ce346dcb126c4e15bb1005f6a5f91000c75:13,NVDA,v3,0xaec5e37e2df669de7349a5019fb31ce346dcb126c4e15bb1005f6a5f91000c75,13,58964708,2026-09-10T00:10:55+00:00,2026-09-10,buy_stock,244291479,-1091112739066079365,-1.091112739066079365,244.291479,1.091112739066079365,0
4663:0x2cc962d5d397ecd4368407d293bba0653133b72b6a1ac823cfba8dcb9ac9d42d:38,NVDA,v3,0x2cc962d5d397ecd4368407d293bba0653133b72b6a1ac823cfba8dcb9ac9d42d,38,58964709,2026-09-10T00:10:56+00:00,2026-09-10,buy_stablecoin,-133377707,596319195489626790,0.59631919548962679,-133.377707,0,133.377707
4663:0xdb2d592fc0eb7a407a90478d315821179e050068204ea4cd9df76c3a36928d33:8,NVDA,v3,0xdb2d592fc0eb7a407a90478d315821179e050068204ea4cd9df76c3a36928d33,8,58964710,2026-09-10T00:10:56+00:00,2026-09-10,buy_stock,122077314,-545250557046943884,-0.545250557046943884,122.077314,0.545250557046943884,0
4663:0x1c7888fbb95dbc1fcf03d08ad40f2b6c0bc81bbad07b9e2543465e2cc74a28f3:24,NVDA,v3,0x1c7888fbb95dbc1fcf03d08ad40f2b6c0bc81bbad07b9e2543465e2cc74a28f3,24,58964710,2026-09-10T00:10:56+00:00,2026-09-10,buy_stock,122214061,-545860850851401684,-0.545860850851401684,122.214061,0.545860850851401684,0
4663:0x7c737e0072fb4a7a10c733edad7b60bb215fb9da637496ef06ba432c3d7e776d:8,NVDA,v3,0x7c737e0072fb4a7a10c733edad7b60bb215fb9da637496ef06ba432c3d7e776d,8,58964720,2026-09-10T00:10:57+00:00,2026-09-10,buy_stock,2443300,-10912828139237044,-0.010912828139237044,2.4433,0.010912828139237044,0
4663:0x08e4cdc3e9b05ec0d62a3a9ab2741bfe8ce6cf8c3d3e255daa9f6c8cfa439173:49,NVDA,v3,0x08e4cdc3e9b05ec0d62a3a9ab2741bfe8ce6cf8c3d3e255daa9f6c8cfa439173,49,58964726,2026-09-10T00:10:57+00:00,2026-09-10,buy_stock,195464,-873025170450413,-0.000873025170450413,0.195464,0.000873025170450413,0
4663:0x902d579e6ddc74b534477b81a1205f3a8f0ef8ec37f3eec9e7863b57fd90ccb9:97,NVDA,v3,0x902d579e6ddc74b534477b81a1205f3a8f0ef8ec37f3eec9e7863b57fd90ccb9,97,58964729,2026-09-10T00:10:58+00:00,2026-09-10,buy_stock,4886601,-21825660146666011,-0.021825660146666011,4.886601,0.021825660146666011,0
4663:0xee5af67a79da153f2664f031fb5a05e0c4fb5da6f711018c8221af686c0fec85:14,NVDA,v3,0xee5af67a79da153f2664f031fb5a05e0c4fb5da6f711018c8221af686c0fec85,14,58964734,2026-09-10T00:10:58+00:00,2026-09-10,buy_stablecoin,-35058922,156744960697751334,0.156744960697751334,-35.058922,0,35.058922
4663:0x1b919d972ab28e80c19f97947870ef84ef8934d80bab0fc21e2505eac9e15166:31,NVDA,v3,0x1b919d972ab28e80c19f97947870ef84ef8934d80bab0fc21e2505eac9e15166,31,58964734,2026-09-10T00:10:58+00:00,2026-09-10,buy_stablecoin,-35408216,158306656814423648,0.158306656814423648,-35.408216,0,35.408216
4663:0x049e91abf78523f4b398946e00c2f43d7d665d25a1e5f09e31db23119d57a283:49,NVDA,v3,0x049e91abf78523f4b398946e00c2f43d7d665d25a1e5f09e31db23119d57a283,49,58964734,2026-09-10T00:10:58+00:00,2026-09-10,buy_stablecoin,-34619866,154782059555072449,0.154782059555072449,-34.619866,0,34.619866
4663:0x138021cc9adf4c1137b1ead440e9beac8f3af764439d3accfac41298dfbac6d0:68,NVDA,v3,0x138021cc9adf4c1137b1ead440e9beac8f3af764439d3accfac41298dfbac6d0,68,58964734,2026-09-10T00:10:58+00:00,2026-09-10,buy_stablecoin,-32807666,146679927009977099,0.146679927009977099,-32.807666,0,32.807666
4663:0x0e50634ef3dbd1af9c008a1a1fc02fd4b4ab4e23e2758d6676a958a05bec8fe9:86,NVDA,v3,0x0e50634ef3dbd1af9c008a1a1fc02fd4b4ab4e23e2758d6676a958a05bec8fe9,86,58964734,2026-09-10T00:10:58+00:00,2026-09-10,buy_stablecoin,-32626173,145868522826230156,0.145868522826230156,-32.626173,0,32.626173
4663:0x2c72e032abda0e368904343ea49962e7cb585b19e10a4fdffbc78f0ab979ee50:104,NVDA,v3,0x2c72e032abda0e368904343ea49962e7cb585b19e10a4fdffbc78f0ab979ee50,104,58964734,2026-09-10T00:10:58+00:00,2026-09-10,buy_stablecoin,-31596914,141266835359675941,0.141266835359675941,-31.596914,0,31.596914
4663:0x26bde2bd7ec40808f8cc6d2b8f8289faee40a10ea8ef8b0be098c4bdd6a8cd76:121,NVDA,v3,0x26bde2bd7ec40808f8cc6d2b8f8289faee40a10ea8ef8b0be098c4bdd6a8cd76,121,58964734,2026-09-10T00:10:58+00:00,2026-09-10,buy_stablecoin,-30216613,135095667787260640,0.13509566778726064,-30.216613,0,30.216613
4663:0x382215b5a3fad68ac02ac6c47b8d95c08d42c42ad689bb0a651fcee8693fc39d:138,NVDA,v3,0x382215b5a3fad68ac02ac6c47b8d95c08d42c42ad689bb0a651fcee8693fc39d,138,58964734,2026-09-10T00:10:58+00:00,2026-09-10,buy_stablecoin,-30394287,135890064182467721,0.135890064182467721,-30.394287,0,30.394287
4663:0xe27865bf4d16c4df26ebd6c62b6878504f0b773c13d7fb911edfb565541d0bde:155,NVDA,v3,0xe27865bf4d16c4df26ebd6c62b6878504f0b773c13d7fb911edfb565541d0bde,155,58964734,2026-09-10T00:10:58+00:00,2026-09-10,buy_stablecoin,-34546226,154453035234255713,0.154453035234255713,-34.546226,0,34.546226
4663:0xa88f25de59dd13f93d2e467e1eed556d749bd73273d4d62b84b430cdcde52ab3:173,NVDA,v3,0xa88f25de59dd13f93d2e467e1eed556d749bd73273d4d62b84b430cdcde52ab3,173,58964734,2026-09-10T00:10:58+00:00,2026-09-10,buy_stablecoin,-29454171,131686949826144610,0.13168694982614461,-29.454171,0,29.454171
4663:0x03d3da263cd7f12eeb463e2b5364e01051f7a754a6e9d44960b30729622fbf4d:192,NVDA,v3,0x03d3da263cd7f12eeb463e2b5364e01051f7a754a6e9d44960b30729622fbf4d,192,58964734,2026-09-10T00:10:58+00:00,2026-09-10,buy_stablecoin,-29632463,132484107037006710,0.13248410703700671,-29.632463,0,29.632463
4663:0x6061f677c88df3e8ab4fce4ba7348fe28a11e83ed4605f08a7f055b7b16fa74b:209,NVDA,v3,0x6061f677c88df3e8ab4fce4ba7348fe28a11e83ed4605f08a7f055b7b16fa74b,209,58964734,2026-09-10T00:10:58+00:00,2026-09-10,buy_stablecoin,-30708763,137296178553983533,0.137296178553983533,-30.708763,0,30.708763
4663:0x5b399e4f07fc0c2d398299790ccacfbe4d179850cfd430c98ea7cb24547919b7:227,NVDA,v3,0x5b399e4f07fc0c2d398299790ccacfbe4d179850cfd430c98ea7cb24547919b7,227,58964734,2026-09-10T00:10:58+00:00,2026-09-10,buy_stablecoin,-32196544,143947948021455896,0.143947948021455896,-32.196544,0,32.196544
4663:0x6883d634117ac557655220f7b869b87c2941bbe98b0896207a24474d9a594c44:246,NVDA,v3,0x6883d634117ac557655220f7b869b87c2941bbe98b0896207a24474d9a594c44,246,58964734,2026-09-10T00:10:58+00:00,2026-09-10,buy_stablecoin,-31558453,141095129702846834,0.141095129702846834,-31.558453,0,31.558453
4663:0x1ab102175bea396f85ea9eac0c1d886e9ef5128192160fdd779928c3febb0fe4:265,NVDA,v3,0x1ab102175bea396f85ea9eac0c1d886e9ef5128192160fdd779928c3febb0fe4,265,58964734,2026-09-10T00:10:58+00:00,2026-09-10,buy_stablecoin,-31638073,141451137906553373,0.141451137906553373,-31.638073,0,31.638073
4663:0x0bbc21fb28c0b7f0bbc2aaf2ff1826e69bb2518991760a476db0baacb3d607be:283,NVDA,v3,0x0bbc21fb28c0b7f0bbc2aaf2ff1826e69bb2518991760a476db0baacb3d607be,283,58964734,2026-09-10T00:10:58+00:00,2026-09-10,buy_stablecoin,-28375281,126863499574262937,0.126863499574262937,-28.375281,0,28.375281
4663:0x12a5ebcbb975bac218f775c7ad66183b83dc102fff2819b84093df7b8240964d:300,NVDA,v3,0x12a5ebcbb975bac218f775c7ad66183b83dc102fff2819b84093df7b8240964d,300,58964734,2026-09-10T00:10:58+00:00,2026-09-10,buy_stablecoin,-30384624,135847131977818168,0.135847131977818168,-30.384624,0,30.384624
4663:0x165a36c8215aa7bb4896790c78a9fff07f8c73325705a97aa39bdd517947240c:317,NVDA,v3,0x165a36c8215aa7bb4896790c78a9fff07f8c73325705a97aa39bdd517947240c,317,58964734,2026-09-10T00:10:58+00:00,2026-09-10,buy_stablecoin,-30938797,138324823854930532,0.138324823854930532,-30.938797,0,30.938797
4663:0xd1d5abd1df143063fd926a0a84ce08fe5e9de760b192a1e946ae85506877d4bc:335,NVDA,v3,0xd1d5abd1df143063fd926a0a84ce08fe5e9de760b192a1e946ae85506877d4bc,335,58964734,2026-09-10T00:10:58+00:00,2026-09-10,buy_stablecoin,-28930737,129346977853798576,0.129346977853798576,-28.930737,0,28.930737
4663:0x85150b05c3fb90b24c026515f18186e9949282a7dc28a34ec2636182d8066b1b:372,NVDA,v3,0x85150b05c3fb90b24c026515f18186e9949282a7dc28a34ec2636182d8066b1b,372,58964734,2026-09-10T00:10:58+00:00,2026-09-10,buy_stablecoin,-28156641,125886083464999633,0.125886083464999633,-28.156641,0,28.156641
4663:0xf19cdf9c99073680d0161231836e408f6079a0ae27cace8fe2d5f68b2385a14c:13,NVDA,v3,0xf19cdf9c99073680d0161231836e408f6079a0ae27cace8fe2d5f68b2385a14c,13,58964736,2026-09-10T00:10:58+00:00,2026-09-10,buy_stablecoin,-238753310,1067447899774004214,1.067447899774004214,-238.75331,0,238.75331
4663:0xfbdb23f2413eeb89e4dc28a30499c838e97aeb855131edbdab06884451820088:66,NVDA,v3,0xfbdb23f2413eeb89e4dc28a30499c838e97aeb855131edbdab06884451820088,66,58964737,2026-09-10T00:10:58+00:00,2026-09-10,buy_stablecoin,-48689916,217689136340342393,0.217689136340342393,-48.689916,0,48.689916
4663:0x898dc4fc85a60db72a7fccab36593b6c4e37e8309e55aceb5a5bbffed4b746e2:84,NVDA,v3,0x898dc4fc85a60db72a7fccab36593b6c4e37e8309e55aceb5a5bbffed4b746e2,84,58964737,2026-09-10T00:10:58+00:00,2026-09-10,buy_stablecoin,-49237997,220139644829590601,0.220139644829590601,-49.237997,0,49.237997
4663:0x18e3ed0c312f5f9b826758d811336dc5ab3ce6367847d674307c4c8e62d253e3:104,NVDA,v3,0x18e3ed0c312f5f9b826758d811336dc5ab3ce6367847d674307c4c8e62d253e3,104,58964737,2026-09-10T00:10:58+00:00,2026-09-10,buy_stablecoin,-46501218,207903769748701182,0.207903769748701182,-46.501218,0,46.501218
4663:0xa2bf2ec9ab55d0267a78bb1bd850d3d661427d42cd30c01ee2732298ba3ffdea:121,NVDA,v3,0xa2bf2ec9ab55d0267a78bb1bd850d3d661427d42cd30c01ee2732298ba3ffdea,121,58964737,2026-09-10T00:10:58+00:00,2026-09-10,buy_stablecoin,-61099396,273171330308256445,0.273171330308256445,-61.099396,0,61.099396
4663:0xe0e882c49f953f5f950adf8e8129c26d4cd7a3e1b7f61eeaf39a0a434335121a:138,NVDA,v3,0xe0e882c49f953f5f950adf8e8129c26d4cd7a3e1b7f61eeaf39a0a434335121a,138,58964737,2026-09-10T00:10:58+00:00,2026-09-10,buy_stablecoin,-52770259,235932410405119422,0.235932410405119422,-52.770259,0,52.770259
4663:0x9a7508999b915ae5324780565a5d87c55fe45c0b9ce598acee8a140a54955b3e:157,NVDA,v3,0x9a7508999b915ae5324780565a5d87c55fe45c0b9ce598acee8a140a54955b3e,157,58964737,2026-09-10T00:10:58+00:00,2026-09-10,buy_stablecoin,-52095436,232915404234875250,0.23291540423487525,-52.095436,0,52.095436
4663:0x756b9cfef12f1d15c9b346a13f81960f13b4e4833da3d4244a0fbe3295071700:174,NVDA,v3,0x756b9cfef12f1d15c9b346a13f81960f13b4e4833da3d4244a0fbe3295071700,174,58964737,2026-09-10T00:10:58+00:00,2026-09-10,buy_stablecoin,-37452468,167447674384142297,0.167447674384142297,-37.452468,0,37.452468
4663:0x1d14655461a64edc50d0f84b7e2471d7a2fe9649040641cf1c8560630445c01f:192,NVDA,v3,0x1d14655461a64edc50d0f84b7e2471d7a2fe9649040641cf1c8560630445c01f,192,58964737,2026-09-10T00:10:58+00:00,2026-09-10,buy_stablecoin,-48601674,217295153335036970,0.21729515333503697,-48.601674,0,48.601674
4663:0x3ea6604e06094cc8312780b6ea460b97559483d5c7611660451b2ed801672457:210,NVDA,v3,0x3ea6604e06094cc8312780b6ea460b97559483d5c7611660451b2ed801672457,210,58964737,2026-09-10T00:10:58+00:00,2026-09-10,buy_stablecoin,-47123995,210688613032710680,0.21068861303271068,-47.123995,0,47.123995
4663:0xa2be8e1da980b287373f3d5bfad52c5c5dbdbd24c29122c4edbd706bcb5a491e:227,NVDA,v3,0xa2be8e1da980b287373f3d5bfad52c5c5dbdbd24c29122c4edbd706bcb5a491e,227,58964737,2026-09-10T00:10:58+00:00,2026-09-10,buy_stablecoin,-44929382,200876692146132175,0.200876692146132175,-44.929382,0,44.929382
4663:0x19553ca347226cc7f849913a34d66826a592405e48cf7b291724a5e189f8b632:10,NVDA,v3,0x19553ca347226cc7f849913a34d66826a592405e48cf7b291724a5e189f8b632,10,58964739,2026-09-10T00:10:59+00:00,2026-09-10,buy_stablecoin,-47457582,212180198565603535,0.212180198565603535,-47.457582,0,47.457582
4663:0x4e9cf6be88cf15de7272699d8771148191c2a0bde652b207b936000ed3a621b0:27,NVDA,v3,0x4e9cf6be88cf15de7272699d8771148191c2a0bde652b207b936000ed3a621b0,27,58964739,2026-09-10T00:10:59+00:00,2026-09-10,buy_stablecoin,-31773646,142058236983489355,0.142058236983489355,-31.773646,0,31.773646
4663:0x53b2ed9dd70ad374585490796d983820b6a8b247e5aa3e9199d56c3638e2a1a2:78,NVDA,v3,0x53b2ed9dd70ad374585490796d983820b6a8b247e5aa3e9199d56c3638e2a1a2,78,58964750,2026-09-10T00:11:00+00:00,2026-09-10,buy_stock,24433076,-109129737200079512,-0.109129737200079512,24.433076,0.109129737200079512,0
4663:0xf151db4eb8a1f627f30e0ff4f3385fb9cccc82203c7fe73601d80f5bfe83361d:25,NVDA,v3,0xf151db4eb8a1f627f30e0ff4f3385fb9cccc82203c7fe73601d80f5bfe83361d,25,58964760,2026-09-10T00:11:01+00:00,2026-09-10,buy_stablecoin,-117967939,527428404424153644,0.527428404424153644,-117.967939,0,117.967939
4663:0x3fe4768b4fc7eba4d055995fdca20d44501f695041f83ca3cbfbbcf38a3fff24:49,NVDA,v3,0x3fe4768b4fc7eba4d055995fdca20d44501f695041f83ca3cbfbbcf38a3fff24,49,58964760,2026-09-10T00:11:01+00:00,2026-09-10,buy_stablecoin,-43957167,196530278197587484,0.196530278197587484,-43.957167,0,43.957167
4663:0x5a6072cc2267b1c9a15f79ddbb025b19a4b927e1893a2325d51fe5417f3facbf:66,NVDA,v3,0x5a6072cc2267b1c9a15f79ddbb025b19a4b927e1893a2325d51fe5417f3facbf,66,58964760,2026-09-10T00:11:01+00:00,2026-09-10,buy_stablecoin,-41616866,186066967696617442,0.186066967696617442,-41.616866,0,41.616866
4663:0x013ab356f720a22f23aada412865e6eec2022edb190ddf9c8faea14a78bdfc16:41,NVDA,v3,0x013ab356f720a22f23aada412865e6eec2022edb190ddf9c8faea14a78bdfc16,41,58964764,2026-09-10T00:11:01+00:00,2026-09-10,buy_stock,17112558,-76432920187385183,-0.076432920187385183,17.112558,0.076432920187385183,0
4663:0xe7746f31007ccd190963e52ac0329278c80612057eef44385e6ea09c5a5d5911:39,NVDA,v3,0xe7746f31007ccd190963e52ac0329278c80612057eef44385e6ea09c5a5d5911,39,58964766,2026-09-10T00:11:01+00:00,2026-09-10,buy_stock,83281566,-371975438253444337,-0.371975438253444337,83.281566,0.371975438253444337,0
4663:0xc2b8466b1a0b8d2cd7f63f3458ddfbfda034cdcbd7f5c528e85f880356bccf9d:55,NVDA,v3,0xc2b8466b1a0b8d2cd7f63f3458ddfbfda034cdcbd7f5c528e85f880356bccf9d,55,58964766,2026-09-10T00:11:01+00:00,2026-09-10,buy_stock,73030449,-326188846203620998,-0.326188846203620998,73.030449,0.326188846203620998,0
4663:0x01f8054c2c635cb79b0875cb1e28fe5938c48e91b47bc65a9455d20407e87f5b:71,NVDA,v3,0x01f8054c2c635cb79b0875cb1e28fe5938c48e91b47bc65a9455d20407e87f5b,71,58964766,2026-09-10T00:11:01+00:00,2026-09-10,buy_stock,58817513,-262706967781134333,-0.262706967781134333,58.817513,0.262706967781134333,0
4663:0x531d3811dd125207f3e5a36f6f2400a492a2e5d1dea25d5045befdc81c592729:26,NVDA,v3,0x531d3811dd125207f3e5a36f6f2400a492a2e5d1dea25d5045befdc81c592729,26,58964769,2026-09-10T00:11:02+00:00,2026-09-10,buy_stock,73339572,-327569231442259777,-0.327569231442259777,73.339572,0.327569231442259777,0
4663:0x21c7fad59995f52fb97bfdb5bce95f3e9a2f36d8cd5908c06bfe0ab1f2f719f3:45,NVDA,v3,0x21c7fad59995f52fb97bfdb5bce95f3e9a2f36d8cd5908c06bfe0ab1f2f719f3,45,58964772,2026-09-10T00:11:02+00:00,2026-09-10,buy_stock,137266678,-613097474651081773,-0.613097474651081773,137.266678,0.613097474651081773,0
4663:0x65e14e96ab87f99035e70b6cfecbfa65c22af49257b358e1d044a88f1f462523:66,NVDA,v3,0x65e14e96ab87f99035e70b6cfecbfa65c22af49257b358e1d044a88f1f462523,66,58964773,2026-09-10T00:11:02+00:00,2026-09-10,buy_stablecoin,-49896392,223083689856892618,0.223083689856892618,-49.896392,0,49.896392
4663:0x2124e57a6aca4b0c5cacee835dc71e68ed55d311d86f4fa9f192593f55ac41cb:128,NVDA,v3,0x2124e57a6aca4b0c5cacee835dc71e68ed55d311d86f4fa9f192593f55ac41cb,128,58964773,2026-09-10T00:11:02+00:00,2026-09-10,buy_stock,133313634,-595440962707085136,-0.595440962707085136,133.313634,0.595440962707085136,0
4663:0xf6753cd6e56ec815721da1915c5bb098f3e7a16fda763700c1ef85084bc91fc2:144,NVDA,v3,0xf6753cd6e56ec815721da1915c5bb098f3e7a16fda763700c1ef85084bc91fc2,144,58964773,2026-09-10T00:11:02+00:00,2026-09-10,buy_stock,143997271,-643158439778957818,-0.643158439778957818,143.997271,0.643158439778957818,0
4663:0x91492228d93873e109d02fa6171bd1b2c5f70efeb147af04b5fcaaa97aa226fd:160,NVDA,v3,0x91492228d93873e109d02fa6171bd1b2c5f70efeb147af04b5fcaaa97aa226fd,160,58964773,2026-09-10T00:11:02+00:00,2026-09-10,buy_stock,98191500,-438568293679735052,-0.438568293679735052,98.1915,0.438568293679735052,0
4663:0x1e90591c3483401b0bfc5abcd390e0c9b74403fd982e9eb0a5ea324acba70a1c:187,NVDA,v3,0x1e90591c3483401b0bfc5abcd390e0c9b74403fd982e9eb0a5ea324acba70a1c,187,58964773,2026-09-10T00:11:02+00:00,2026-09-10,buy_stock,98392963,-439467810829938058,-0.439467810829938058,98.392963,0.439467810829938058,0
4663:0x9488545e2f445eca480339f552a17baaf9343830f5c81aebb024181ef3cfeb02:8,NVDA,v3,0x9488545e2f445eca480339f552a17baaf9343830f5c81aebb024181ef3cfeb02,8,58964780,2026-09-10T00:11:03+00:00,2026-09-10,buy_stock,12223692,-54596556937301152,-0.054596556937301152,12.223692,0.054596556937301152,0
4663:0x26c90312346b36d078b2f48be9a87011c4630958f864a6a450e5702492adcc9c:23,NVDA,v3,0x26c90312346b36d078b2f48be9a87011c4630958f864a6a450e5702492adcc9c,23,58964782,2026-09-10T00:11:03+00:00,2026-09-10,buy_stablecoin,-13875514,62036369663210154,0.062036369663210154,-13.875514,0,13.875514
4663:0x974899b70e4cfaaf051dbd0cffcbd16d8d609249ea4c4684a9fe5e4e72b807a3:8,NVDA,v3,0x974899b70e4cfaaf051dbd0cffcbd16d8d609249ea4c4684a9fe5e4e72b807a3,8,58964798,2026-09-10T00:11:05+00:00,2026-09-10,buy_stock,48894686,-218385835361301647,-0.218385835361301647,48.894686,0.218385835361301647,0
4663:0x79cbadbb7ef1b9ccd37a86d76e459b2ea1cedcabebde0875a9fc562fd598becc:24,NVDA,v3,0x79cbadbb7ef1b9ccd37a86d76e459b2ea1cedcabebde0875a9fc562fd598becc,24,58964802,2026-09-10T00:11:05+00:00,2026-09-10,buy_stock,6112470,-27301053865366824,-0.027301053865366824,6.11247,0.027301053865366824,0
4663:0x79a9be46d2c6da14f19b3c80629a8e2265746692ac994174b242a3f4d6c56db5:14,NVDA,v3,0x79a9be46d2c6da14f19b3c80629a8e2265746692ac994174b242a3f4d6c56db5,14,58964812,2026-09-10T00:11:06+00:00,2026-09-10,buy_stock,122249381,-546020809680895631,-0.546020809680895631,122.249381,0.546020809680895631,0
4663:0x03550b922f20cebccdac0e7d8c1c8d0a07a28b34eaa3c7dbbf13b087ffe6518c:25,NVDA,v3,0x03550b922f20cebccdac0e7d8c1c8d0a07a28b34eaa3c7dbbf13b087ffe6518c,25,58964828,2026-09-10T00:11:08+00:00,2026-09-10,buy_stock,323160901,-1443379880247884495,-1.443379880247884495,323.160901,1.443379880247884495,0
4663:0x7d6ec3a8f3da6958a7b835c017db19f05a20ee791fc437372662d113907e750b:42,NVDA,v3,0x7d6ec3a8f3da6958a7b835c017db19f05a20ee791fc437372662d113907e750b,42,58964828,2026-09-10T00:11:08+00:00,2026-09-10,buy_stock,410334904,-1832732842843870328,-1.832732842843870328,410.334904,1.832732842843870328,0
4663:0x755d6a8d31f9d427e11db88b863df07ed2cd0845a7358be5b270009f9501c9b8:57,NVDA,v3,0x755d6a8d31f9d427e11db88b863df07ed2cd0845a7358be5b270009f9501c9b8,57,58964861,2026-09-10T00:11:11+00:00,2026-09-10,buy_stablecoin,-15516371,69372071480056256,0.069372071480056256,-15.516371,0,15.516371
4663:0x6e4ff7e7b087dfab33ffab43d65a06e3039a84d038d003a5b64267cb3f4f2787:11,NVDA,v3,0x6e4ff7e7b087dfab33ffab43d65a06e3039a84d038d003a5b64267cb3f4f2787,11,58964862,2026-09-10T00:11:11+00:00,2026-09-10,buy_stablecoin,-201676851,901676773183603729,0.901676773183603729,-201.676851,0,201.676851
4663:0x042f9eb5946e57708a3706c8cbfe15a45d25f8a46f509406f59503852eade032:41,NVDA,v3,0x042f9eb5946e57708a3706c8cbfe15a45d25f8a46f509406f59503852eade032,41,58964863,2026-09-10T00:11:11+00:00,2026-09-10,buy_stock,10024385,-44773230149615717,-0.044773230149615717,10.024385,0.044773230149615717,0
4663:0x200d262b6c0c8d3786435f983eeb03201fb9746480c3583beed42a56581f9db8:9,NVDA,v3,0x200d262b6c0c8d3786435f983eeb03201fb9746480c3583beed42a56581f9db8,9,58964864,2026-09-10T00:11:11+00:00,2026-09-10,buy_stock,24449719,-109202992835504043,-0.109202992835504043,24.449719,0.109202992835504043,0
4663:0x346f621a3566439ac924ef196a68a196f7a7513d69a3f3b04758e868f9d38ef4:38,NVDA,v3,0x346f621a3566439ac924ef196a68a196f7a7513d69a3f3b04758e868f9d38ef4,38,58964880,2026-09-10T00:11:13+00:00,2026-09-10,buy_stablecoin,-145043207,648474131867764001,0.648474131867764001,-145.043207,0,145.043207
4663:0xffc84c301ce647a806e452497799db820b321e5a49d35da93dd5a972bcd63a68:55,NVDA,v3,0xffc84c301ce647a806e452497799db820b321e5a49d35da93dd5a972bcd63a68,55,58964880,2026-09-10T00:11:13+00:00,2026-09-10,buy_stablecoin,-92567892,413862431732779112,0.413862431732779112,-92.567892,0,92.567892
4663:0xaa675b96aa364431e5b5fe1d1c3257e004120b7227c660b21dae89fae4442ed5:72,NVDA,v3,0xaa675b96aa364431e5b5fe1d1c3257e004120b7227c660b21dae89fae4442ed5,72,58964880,2026-09-10T00:11:13+00:00,2026-09-10,buy_stablecoin,-114125023,510242734866631421,0.510242734866631421,-114.125023,0,114.125023
4663:0x14c9509985d0bd05d657c0ebdd29a82da2075138c64586801f8a2b6f3e66ea60:21,NVDA,v3,0x14c9509985d0bd05d657c0ebdd29a82da2075138c64586801f8a2b6f3e66ea60,21,58964906,2026-09-10T00:11:16+00:00,2026-09-10,buy_stablecoin,-57228992,255865844798918152,0.255865844798918152,-57.228992,0,57.228992
4663:0xb9a699f0d21d39f513e097ab43bcda9fda9eb37b0282e339c9d4ab51f9e583be:34,NVDA,v3,0xb9a699f0d21d39f513e097ab43bcda9fda9eb37b0282e339c9d4ab51f9e583be,34,58964909,2026-09-10T00:11:16+00:00,2026-09-10,buy_stablecoin,-36966090,165272229204418244,0.165272229204418244,-36.96609,0,36.96609
4663:0x7bc6a9eefe06e417c43b44e75ec054a082b8f3202904c8410b20cd779c069d9b:15,NVDA,v3,0x7bc6a9eefe06e417c43b44e75ec054a082b8f3202904c8410b20cd779c069d9b,15,58964923,2026-09-10T00:11:17+00:00,2026-09-10,buy_stablecoin,-102680004,459073744917477028,0.459073744917477028,-102.680004,0,102.680004
4663:0x4e0a923ebdbfd60dd270e3049fe8bdca319f282194035058e2cff7834194c8e0:20,NVDA,v3,0x4e0a923ebdbfd60dd270e3049fe8bdca319f282194035058e2cff7834194c8e0,20,58964934,2026-09-10T00:11:18+00:00,2026-09-10,buy_stock,244779975,-1093296202246133432,-1.093296202246133432,244.779975,1.093296202246133432,0
4663:0x3228cdce14bf1dc3e192e10537bed1e3ab53af74b3f00d53e34d34a3043ab6a7:107,NVDA,v3,0x3228cdce14bf1dc3e192e10537bed1e3ab53af74b3f00d53e34d34a3043ab6a7,107,58964950,2026-09-10T00:11:20+00:00,2026-09-10,buy_stablecoin,-17620480,78779595913706680,0.07877959591370668,-17.62048,0,17.62048
4663:0x23ddc2b1cf2d611b51116a17e89f3749ec68619c071f829d75f94c2f843edb84:9,NVDA,v3,0x23ddc2b1cf2d611b51116a17e89f3749ec68619c071f829d75f94c2f843edb84,9,58964969,2026-09-10T00:11:22+00:00,2026-09-10,buy_stock,4889811,-21840052922609148,-0.021840052922609148,4.889811,0.021840052922609148,0
4663:0x4b93761e648914ee4b8a1e0e3fb137913fff8443dd30bd33be7b0944e97c01ca:127,NVDA,v3,0x4b93761e648914ee4b8a1e0e3fb137913fff8443dd30bd33be7b0944e97c01ca,127,58964985,2026-09-10T00:11:24+00:00,2026-09-10,buy_stock,209365522,-935118079781767839,-0.935118079781767839,209.365522,0.935118079781767839,0
4663:0xbe3e71075f3bba5021816ab0e86c68508eae6de32e747eea35bd4761d65e119d:155,NVDA,v3,0xbe3e71075f3bba5021816ab0e86c68508eae6de32e747eea35bd4761d65e119d,155,58964985,2026-09-10T00:11:24+00:00,2026-09-10,buy_stock,224819815,-1004142165239521658,-1.004142165239521658,224.819815,1.004142165239521658,0
4663:0x7147159ce9285f4fe1cb35ac268251f0a4d6be8ccf6ab08a80513a73b223e8a0:171,NVDA,v3,0x7147159ce9285f4fe1cb35ac268251f0a4d6be8ccf6ab08a80513a73b223e8a0,171,58964985,2026-09-10T00:11:24+00:00,2026-09-10,buy_stock,228636612,-1021187972485736671,-1.021187972485736671,228.636612,1.021187972485736671,0
4663:0x724e61f2649d017cd16d8b904714f5e3a79e0b055f64766a4f1f5f43423c1fe5:187,NVDA,v3,0x724e61f2649d017cd16d8b904714f5e3a79e0b055f64766a4f1f5f43423c1fe5,187,58964985,2026-09-10T00:11:24+00:00,2026-09-10,buy_stock,192931293,-861711597624451276,-0.861711597624451276,192.931293,0.861711597624451276,0
4663:0x7a6b0e6024e3c26298bb09d8fcb88794da9bb1264d239db87eb6303edf46c6a9:66,NVDA,v3,0x7a6b0e6024e3c26298bb09d8fcb88794da9bb1264d239db87eb6303edf46c6a9,66,58964986,2026-09-10T00:11:24+00:00,2026-09-10,buy_stablecoin,-107184997,479211836022261605,0.479211836022261605,-107.184997,0,107.184997
4663:0x9445b2b75990b595b172a321658705c395a43ef71e806b8ecfb139453b35af2f:81,NVDA,v3,0x9445b2b75990b595b172a321658705c395a43ef71e806b8ecfb139453b35af2f,81,58964986,2026-09-10T00:11:24+00:00,2026-09-10,buy_stock,48900100,-218408210460187126,-0.218408210460187126,48.9001,0.218408210460187126,0
4663:0x28a90a272864e2be8d302868f3e0a2502cfe146a461b1d3cf089a805c5893d47:97,NVDA,v3,0x28a90a272864e2be8d302868f3e0a2502cfe146a461b1d3cf089a805c5893d47,97,58964986,2026-09-10T00:11:24+00:00,2026-09-10,buy_stock,200490317,-895472465374075470,-0.89547246537407547,200.490317,0.89547246537407547,0
4663:0x66661f9c677c352f97a7864ee2ff3649e8f30392749beff226adfab13bac4c71:48,NVDA,v3,0x66661f9c677c352f97a7864ee2ff3649e8f30392749beff226adfab13bac4c71,48,58964991,2026-09-10T00:11:24+00:00,2026-09-10,buy_stock,122158645,-545610275482745736,-0.545610275482745736,122.158645,0.545610275482745736,0
4663:0x9c793169f653167c6a79d2e6eafcd30a6fc9d82e6c45ab7ec3f38d2f3800a7cc:12,NVDA,v3,0x9c793169f653167c6a79d2e6eafcd30a6fc9d82e6c45ab7ec3f38d2f3800a7cc,12,58965006,2026-09-10T00:11:26+00:00,2026-09-10,buy_stock,19559976,-87362777780353977,-0.087362777780353977,19.559976,0.087362777780353977,0
4663:0x4359babf2d7fc8dad944b561cbdfff491c5ba2c1af48ae35f53a710e11693076:61,NVDA,v3,0x4359babf2d7fc8dad944b561cbdfff491c5ba2c1af48ae35f53a710e11693076,61,58965009,2026-09-10T00:11:26+00:00,2026-09-10,buy_stablecoin,-10317311,46127408372270963,0.046127408372270963,-10.317311,0,10.317311
4663:0x136883cfded2aa30e506f2440ad4a841e8b411697ea4eac94790b36b3f862253:29,NVDA,v3,0x136883cfded2aa30e506f2440ad4a841e8b411697ea4eac94790b36b3f862253,29,58965013,2026-09-10T00:11:26+00:00,2026-09-10,buy_stock,48900353,-218408748317013954,-0.218408748317013954,48.900353,0.218408748317013954,0
4663:0x1fd14cca4e1626f36a6039512b0306582ee0445d1256420633892b660aad0089:10,NVDA,v3,0x1fd14cca4e1626f36a6039512b0306582ee0445d1256420633892b660aad0089,10,58965025,2026-09-10T00:11:28+00:00,2026-09-10,buy_stablecoin,-207463558,927543985763670861,0.927543985763670861,-207.463558,0,207.463558
4663:0x073f858564272da71009560025d1f050396ff4dede13a478733deda0dcbc5190:27,NVDA,v3,0x073f858564272da71009560025d1f050396ff4dede13a478733deda0dcbc5190,27,58965025,2026-09-10T00:11:28+00:00,2026-09-10,buy_stablecoin,-206516603,923311630657347552,0.923311630657347552,-206.516603,0,206.516603
4663:0x409f3fdc589581c6c7c0c6dbba969d3e66b44d4466e706095353913dbdd0f881:10,NVDA,v3,0x409f3fdc589581c6c7c0c6dbba969d3e66b44d4466e706095353913dbdd0f881,10,58965027,2026-09-10T00:11:28+00:00,2026-09-10,buy_stablecoin,-187113805,836565159878179904,0.836565159878179904,-187.113805,0,187.113805
4663:0xc6e7878a7a4d5d48a165c2531f5d275547aaa7bff7da08ca64f8627cfe22d4df:27,NVDA,v3,0xc6e7878a7a4d5d48a165c2531f5d275547aaa7bff7da08ca64f8627cfe22d4df,27,58965027,2026-09-10T00:11:28+00:00,2026-09-10,buy_stablecoin,-116046385,518831133734342821,0.518831133734342821,-116.046385,0,116.046385
4663:0x295cc96f78e55a56fe0d0dc9b7faaf19659b280bfd493c74d597d52ea3367714:47,NVDA,v3,0x295cc96f78e55a56fe0d0dc9b7faaf19659b280bfd493c74d597d52ea3367714,47,58965027,2026-09-10T00:11:28+00:00,2026-09-10,buy_stablecoin,-108045929,483062324995689646,0.483062324995689646,-108.045929,0,108.045929
4663:0xb4c1f91f178b46c88129e44a273fc15215ff72d512de2d685c05b0bd7d9d4179:52,NVDA,v3,0xb4c1f91f178b46c88129e44a273fc15215ff72d512de2d685c05b0bd7d9d4179,52,58965042,2026-09-10T00:11:29+00:00,2026-09-10,buy_stock,12225106,-54602574659139064,-0.054602574659139064,12.225106,0.054602574659139064,0
4663:0x3bd6f95f2db7ac4434ce8256172759b74e9a90abcea9129b779f69db9947c35a:8,NVDA,v3,0x3bd6f95f2db7ac4434ce8256172759b74e9a90abcea9129b779f69db9947c35a,8,58965068,2026-09-10T00:11:32+00:00,2026-09-10,buy_stock,6112511,-27301095627387683,-0.027301095627387683,6.112511,0.027301095627387683,0
4663:0x7d5dfea9554f79aa8a386a71090480c3e1646b7e64db11640c8c017e8744f989:73,NVDA,v3,0x7d5dfea9554f79aa8a386a71090480c3e1646b7e64db11640c8c017e8744f989,73,58965073,2026-09-10T00:11:32+00:00,2026-09-10,buy_stock,3912006,-17472693606267808,-0.017472693606267808,3.912006,0.017472693606267808,0
4663:0x5733d2c37aec2267282da43f44f5e3dc5e6b6991ffdf006a8590ada13f300de7:31,NVDA,v3,0x5733d2c37aec2267282da43f44f5e3dc5e6b6991ffdf006a8590ada13f300de7,31,58965100,2026-09-10T00:11:35+00:00,2026-09-10,buy_stock,4968060750,-22189098768812477009,-22.189098768812477009,4968.06075,22.189098768812477009,0
4663:0x1c0875b86a1f5bebabfd3fb7586911ec3bcc2e091fee4c71b17bb9ee738b6182:57,NVDA,v3,0x1c0875b86a1f5bebabfd3fb7586911ec3bcc2e091fee4c71b17bb9ee738b6182,57,58965100,2026-09-10T00:11:35+00:00,2026-09-10,buy_stablecoin,-882343761,3944742561979038423,3.944742561979038423,-882.343761,0,882.343761
4663:0xa1cdacdde2353c2f885da2454a0bdd5c6bde237f072b37bf77972f90c516dc1a:75,NVDA,v3,0xa1cdacdde2353c2f885da2454a0bdd5c6bde237f072b37bf77972f90c516dc1a,75,58965100,2026-09-10T00:11:35+00:00,2026-09-10,buy_stablecoin,-1278560355,5716173816945219983,5.716173816945219983,-1278.560355,0,1278.560355
4663:0xe11514cffc5b9b222cbdd52668ac0115b38c222344d270b003e1438252060fd7:31,NVDA,v3,0xe11514cffc5b9b222cbdd52668ac0115b38c222344d270b003e1438252060fd7,31,58965104,2026-09-10T00:11:36+00:00,2026-09-10,buy_stablecoin,-55022148,245993595846740151,0.245993595846740151,-55.022148,0,55.022148
4663:0x2ccbd38b8d10734a5b2198b779402be6bec09a8fdcc0fdb94660c8d99b6517c3:3,NVDA,v3,0x2ccbd38b8d10734a5b2198b779402be6bec09a8fdcc0fdb94660c8d99b6517c3,3,58965105,2026-09-10T00:11:36+00:00,2026-09-10,buy_stock,37969000,-169582500174983063,-0.169582500174983063,37.969,0.169582500174983063,0
4663:0x7798ce5d5b2e2e32f3492b6b1c44eb43e33b714d35c826c41e5cb13483ff1588:41,NVDA,v3,0x7798ce5d5b2e2e32f3492b6b1c44eb43e33b714d35c826c41e5cb13483ff1588,41,58965139,2026-09-10T00:11:39+00:00,2026-09-10,buy_stablecoin,-121285448,542244442600509103,0.542244442600509103,-121.285448,0,121.285448
4663:0xffd4761e2352216ea5c53bea4adeb644804c6b3c2d1ef8eb39ecb2d34025309a:64,NVDA,v3,0xffd4761e2352216ea5c53bea4adeb644804c6b3c2d1ef8eb39ecb2d34025309a,64,58965154,2026-09-10T00:11:41+00:00,2026-09-10,buy_stablecoin,-31968562,142925511067498051,0.142925511067498051,-31.968562,0,31.968562
4663:0xd0e8b766230c4aeace5f9b026227a4e57bd7c4fbb1fe12219837ed5f07811972:18,NVDA,v3,0xd0e8b766230c4aeace5f9b026227a4e57bd7c4fbb1fe12219837ed5f07811972,18,58965157,2026-09-10T00:11:41+00:00,2026-09-10,buy_stablecoin,-109093167,487735558619932752,0.487735558619932752,-109.093167,0,109.093167
4663:0x68449a1205665367c220ddbfde7fe9c314cbc5a3e434cd43b7faadd389e9a87a:17,NVDA,v3,0x68449a1205665367c220ddbfde7fe9c314cbc5a3e434cd43b7faadd389e9a87a,17,58965171,2026-09-10T00:11:42+00:00,2026-09-10,buy_stablecoin,-3235960,14467393557899250,0.01446739355789925,-3.23596,0,3.23596
4663:0x54c72a2b8b8effbc6a3bf70638c53af5468fec0a5ab5b0a4ed89a9885d56dc30:140,NVDA,v3,0x54c72a2b8b8effbc6a3bf70638c53af5468fec0a5ab5b0a4ed89a9885d56dc30,140,58965181,2026-09-10T00:11:43+00:00,2026-09-10,buy_stock,100000000,-446634728783245061,-0.446634728783245061,100,0.446634728783245061,0
4663:0x645604c75a0debac2e6e3b527d1de0e6ac09d7411a0f262513509529dbe173f3:80,NVDA,v3,0x645604c75a0debac2e6e3b527d1de0e6ac09d7411a0f262513509529dbe173f3,80,58965209,2026-09-10T00:11:46+00:00,2026-09-10,buy_stablecoin,-181607709,811935071110099433,0.811935071110099433,-181.607709,0,181.607709
4663:0xa7d9a4d1e6d0b5aaa1377bdfe058a2da1222c8605cc69c0851c277e65b72c5ea:26,NVDA,v3,0xa7d9a4d1e6d0b5aaa1377bdfe058a2da1222c8605cc69c0851c277e65b72c5ea,26,58965211,2026-09-10T00:11:46+00:00,2026-09-10,buy_stock,37793532,-168799173798449585,-0.168799173798449585,37.793532,0.168799173798449585,0
4663:0x42f6efa9fddb3acea608cde014f2fb61ae23d4c4aa7dc656391e0931cc2bdd89:62,NVDA,v3,0x42f6efa9fddb3acea608cde014f2fb61ae23d4c4aa7dc656391e0931cc2bdd89,62,58965249,2026-09-10T00:11:50+00:00,2026-09-10,buy_stablecoin,-280099595,1252276116242900668,1.252276116242900668,-280.099595,0,280.099595
4663:0xb8b654c723e0a365e6ee925e18a03f94d0a3939954711cf53533ae7d5c99c1cc:36,NVDA,v3,0xb8b654c723e0a365e6ee925e18a03f94d0a3939954711cf53533ae7d5c99c1cc,36,58965254,2026-09-10T00:11:51+00:00,2026-09-10,buy_stock,4889782,-21839521939382161,-0.021839521939382161,4.889782,0.021839521939382161,0
4663:0xb01e5ffa3c2c3aeff777dd6c81ba6ea70b70d19942e037c4d8dd7a5bd572d07c:24,NVDA,v3,0xb01e5ffa3c2c3aeff777dd6c81ba6ea70b70d19942e037c4d8dd7a5bd572d07c,24,58965263,2026-09-10T00:11:52+00:00,2026-09-10,buy_stock,49950000,-223094594406913353,-0.223094594406913353,49.95,0.223094594406913353,0
4663:0xb2ef919b5d30907a79176302063199dba894c74e1322bdf835704c5ddbaef62c:28,NVDA,v3,0xb2ef919b5d30907a79176302063199dba894c74e1322bdf835704c5ddbaef62c,28,58965311,2026-09-10T00:11:57+00:00,2026-09-10,buy_stablecoin,-3046549,13620595451246225,0.013620595451246225,-3.046549,0,3.046549
4663:0x03dc983d3fe0b43858c888d88c799725a48511442cef920c782cb42785d4b987:52,NVDA,v3,0x03dc983d3fe0b43858c888d88c799725a48511442cef920c782cb42785d4b987,52,58965358,2026-09-10T00:12:01+00:00,2026-09-10,buy_stablecoin,-238830813,1067772221469798239,1.067772221469798239,-238.830813,0,238.830813
4663:0x83200a94b7de95916f86b07a0ed1409e6f9780fbe5ec0b549112efafd818dd96:33,NVDA,v3,0x83200a94b7de95916f86b07a0ed1409e6f9780fbe5ec0b549112efafd818dd96,33,58965366,2026-09-10T00:12:02+00:00,2026-09-10,buy_stock,65171678,-291080443225298895,-0.291080443225298895,65.171678,0.291080443225298895,0
4663:0x44527ca8a4fabf723ee037761094a31ba6d94e5038c892da979bb851429de8a8:49,NVDA,v3,0x44527ca8a4fabf723ee037761094a31ba6d94e5038c892da979bb851429de8a8,49,58965366,2026-09-10T00:12:02+00:00,2026-09-10,buy_stock,65171661,-291080232103500878,-0.291080232103500878,65.171661,0.291080232103500878,0
4663:0xcb7478ae7d1d23d3862580d4ee21764a3632bc20897b77c5d9946612e813042b:65,NVDA,v3,0xcb7478ae7d1d23d3862580d4ee21764a3632bc20897b77c5d9946612e813042b,65,58965366,2026-09-10T00:12:02+00:00,2026-09-10,buy_stock,65171645,-291080025450496042,-0.291080025450496042,65.171645,0.291080025450496042,0
4663:0x11ebacdb7c012bad8cf8529e4f523ba923d66639ace047812959bfc87ed091b7:23,NVDA,v3,0x11ebacdb7c012bad8cf8529e4f523ba923d66639ace047812959bfc87ed091b7,23,58965371,2026-09-10T00:12:03+00:00,2026-09-10,buy_stablecoin,-3324568,14863574979056954,0.014863574979056954,-3.324568,0,3.324568
4663:0x823b030298e9f9bff888644b5ca1da43ccae94d1b3e2c5b90bb954c6a68e9904:13,NVDA,v3,0x823b030298e9f9bff888644b5ca1da43ccae94d1b3e2c5b90bb954c6a68e9904,13,58965383,2026-09-10T00:12:04+00:00,2026-09-10,buy_stablecoin,-8754384,39139356414438954,0.039139356414438954,-8.754384,0,8.754384
4663:0xfef641cca16eeed726f9195112bad582b0d6d8e968996bcb12a7461b20e5ff93:14,NVDA,v3,0xfef641cca16eeed726f9195112bad582b0d6d8e968996bcb12a7461b20e5ff93,14,58965395,2026-09-10T00:12:05+00:00,2026-09-10,buy_stock,137653372,-614809117484443155,-0.614809117484443155,137.653372,0.614809117484443155,0
4663:0x6c2c8d95848c1db2dd7a003e2d7c87f94c9dcc478f53eba239c9596254b93fc5:51,NVDA,v3,0x6c2c8d95848c1db2dd7a003e2d7c87f94c9dcc478f53eba239c9596254b93fc5,51,58965395,2026-09-10T00:12:05+00:00,2026-09-10,buy_stock,137653299,-614808188492504840,-0.61480818849250484,137.653299,0.61480818849250484,0
4663:0x63a7c3a6f400fe5887680417f10f6063046b7f820dd1c200bd6b13bee31d4432:67,NVDA,v3,0x63a7c3a6f400fe5887680417f10f6063046b7f820dd1c200bd6b13bee31d4432,67,58965395,2026-09-10T00:12:05+00:00,2026-09-10,buy_stock,137653227,-614807263970992967,-0.614807263970992967,137.653227,0.614807263970992967,0
4663:0x7eb1c1e83971ca1169c412694072995bbe8dfe71dfc0a612b3000c426a1a6700:59,NVDA,v3,0x7eb1c1e83971ca1169c412694072995bbe8dfe71dfc0a612b3000c426a1a6700,59,58965398,2026-09-10T00:12:05+00:00,2026-09-10,buy_stock,16289866,-72756176229772271,-0.072756176229772271,16.289866,0.072756176229772271,0
4663:0xd6a2ecdad115c8fcd8fedf2e382fd73ba1c2a9a2f90d10d51ec62057441ab6d7:75,NVDA,v3,0xd6a2ecdad115c8fcd8fedf2e382fd73ba1c2a9a2f90d10d51ec62057441ab6d7,75,58965398,2026-09-10T00:12:05+00:00,2026-09-10,buy_stock,16289865,-72756163319635540,-0.07275616331963554,16.289865,0.07275616331963554,0
4663:0xc675c338559e7a84f0921baddf1ef6a81ff9b9af183184764c2df58a8e0283ca:91,NVDA,v3,0xc675c338559e7a84f0921baddf1ef6a81ff9b9af183184764c2df58a8e0283ca,91,58965398,2026-09-10T00:12:05+00:00,2026-09-10,buy_stock,16289864,-72756150409501834,-0.072756150409501834,16.289864,0.072756150409501834,0
4663:0xc5d7f6625d0ffbfe5db598ec8508b7b5e04291e96b3d2982b10d8b81b1fbfb3a:29,NVDA,v3,0xc5d7f6625d0ffbfe5db598ec8508b7b5e04291e96b3d2982b10d8b81b1fbfb3a,29,58965415,2026-09-10T00:12:07+00:00,2026-09-10,buy_stock,24434831,-109134363952288334,-0.109134363952288334,24.434831,0.109134363952288334,0
4663:0x2c3d16946b23f7861de247593662b51713f90ffd3dda8e635b283aba5cdd8e98:21,NVDA,v3,0x2c3d16946b23f7861de247593662b51713f90ffd3dda8e635b283aba5cdd8e98,21,58965442,2026-09-10T00:12:10+00:00,2026-09-10,buy_stablecoin,-39318033,175783621534502060,0.17578362153450206,-39.318033,0,39.318033
4663:0x2f983c24676d49db14b9a9c48e43ac8ae75166817f8df4d4e98867910f4c9050:11,NVDA,v3,0x2f983c24676d49db14b9a9c48e43ac8ae75166817f8df4d4e98867910f4c9050,11,58965455,2026-09-10T00:12:11+00:00,2026-09-10,buy_stablecoin,-498656,2229399906546559,0.002229399906546559,-0.498656,0,0.498656
4663:0x9c5e760e8148e4fd705211348c75802d10e111539f84a7c6e5232a0b23c01aba:13,NVDA,v3,0x9c5e760e8148e4fd705211348c75802d10e111539f84a7c6e5232a0b23c01aba,13,58965460,2026-09-10T00:12:12+00:00,2026-09-10,buy_stablecoin,-67599124,302223238088209238,0.302223238088209238,-67.599124,0,67.599124
4663:0x3a19e72f6620aa5314d709ac1973b6e630c8e037b68ae4d44a572b3bfe4a9798:10,NVDA,v3,0x3a19e72f6620aa5314d709ac1973b6e630c8e037b68ae4d44a572b3bfe4a9798,10,58965507,2026-09-10T00:12:16+00:00,2026-09-10,buy_stablecoin,-48844821,218376296335580724,0.218376296335580724,-48.844821,0,48.844821
4663:0x9ff760070d69c22e213d13545bd94e11641dbc1dd2d7224258ea1738f4cee6b4:12,NVDA,v3,0x9ff760070d69c22e213d13545bd94e11641dbc1dd2d7224258ea1738f4cee6b4,12,58965518,2026-09-10T00:12:18+00:00,2026-09-10,buy_stablecoin,-948429749,4240271617334851897,4.240271617334851897,-948.429749,0,948.429749
4663:0x6b700d02280ee699c4c53bdd1be42e15780d07fffa5a17229f0a5b84e5859505:15,NVDA,v3,0x6b700d02280ee699c4c53bdd1be42e15780d07fffa5a17229f0a5b84e5859505,15,58965551,2026-09-10T00:12:21+00:00,2026-09-10,buy_stablecoin,-4196747632,18763304426274943910,18.76330442627494391,-4196.747632,0,4196.747632
4663:0x3491a3bf9a0571751f938cae9dfd56cfffe1f6a242a9d20748fd0755a6f3293f:32,NVDA,v3,0x3491a3bf9a0571751f938cae9dfd56cfffe1f6a242a9d20748fd0755a6f3293f,32,58965565,2026-09-10T00:12:22+00:00,2026-09-10,buy_stablecoin,-6817622,30481472668264296,0.030481472668264296,-6.817622,0,6.817622
4663:0x7c78ab05c20580455becbfd6f25643867c7658c6464c4ca806dc976bc4055cb8:10,NVDA,v3,0x7c78ab05c20580455becbfd6f25643867c7658c6464c4ca806dc976bc4055cb8,10,58965585,2026-09-10T00:12:24+00:00,2026-09-10,buy_stablecoin,-16588216,74165631641006415,0.074165631641006415,-16.588216,0,16.588216
4663:0xfd38d5b0258cd30eef1d971a1ad2b5b44ab477f01d800416b42090fb561648b8:63,NVDA,v3,0xfd38d5b0258cd30eef1d971a1ad2b5b44ab477f01d800416b42090fb561648b8,63,58965585,2026-09-10T00:12:24+00:00,2026-09-10,buy_stablecoin,-19145426,85598886131753859,0.085598886131753859,-19.145426,0,19.145426
4663:0xd64b8262849edb96af35dac1093680099757b7abcea9e3bc2e6022665a3fa4e4:14,NVDA,v3,0xd64b8262849edb96af35dac1093680099757b7abcea9e3bc2e6022665a3fa4e4,14,58965620,2026-09-10T00:12:28+00:00,2026-09-10,buy_stablecoin,-199766085,893151569363568884,0.893151569363568884,-199.766085,0,199.766085
4663:0x9b3cce3885fda5085a88046489261e5e38d17e1b75d083e2de83c5f37e9f541f:15,NVDA,v3,0x9b3cce3885fda5085a88046489261e5e38d17e1b75d083e2de83c5f37e9f541f,15,58965629,2026-09-10T00:12:29+00:00,2026-09-10,buy_stock,4666972,-20845122515472190,-0.02084512251547219,4.666972,0.02084512251547219,0
4663:0x08b6b6e50fac046d10a06418f349a727a9bc7a2421951ba8479fac5a3d84ef6c:30,NVDA,v3,0x08b6b6e50fac046d10a06418f349a727a9bc7a2421951ba8479fac5a3d84ef6c,30,58965658,2026-09-10T00:12:32+00:00,2026-09-10,buy_stock,244344218,-1091367418946759167,-1.091367418946759167,244.344218,1.091367418946759167,0
4663:0x8295b18df0bcee8f4a54f0e9c8a3ae3897b8fcbf64958a579b93153a76cccbf6:30,NVDA,v3,0x8295b18df0bcee8f4a54f0e9c8a3ae3897b8fcbf64958a579b93153a76cccbf6,30,58965664,2026-09-10T00:12:32+00:00,2026-09-10,buy_stock,51830585,-231501903363876503,-0.231501903363876503,51.830585,0.231501903363876503,0
4663:0xa569165fad59a439ea4b958da4d4f965b02c9bc1303257697aa731c100386068:79,NVDA,v3,0xa569165fad59a439ea4b958da4d4f965b02c9bc1303257697aa731c100386068,79,58965665,2026-09-10T00:12:32+00:00,2026-09-10,buy_stablecoin,-126933292,567516543071924216,0.567516543071924216,-126.933292,0,126.933292
4663:0x1c76ed0cbfb361d94cc8771f7e040147f92935768c30f0c3f796238edd19875a:16,NVDA,v3,0x1c76ed0cbfb361d94cc8771f7e040147f92935768c30f0c3f796238edd19875a,16,58965669,2026-09-10T00:12:33+00:00,2026-09-10,buy_stock,122171991,-545682764271600481,-0.545682764271600481,122.171991,0.545682764271600481,0
4663:0x9b9bc8e8fa46c94191256c6bd02a79fa9ae91c91d3dd6718a0e3aecb77b9cb89:37,NVDA,v3,0x9b9bc8e8fa46c94191256c6bd02a79fa9ae91c91d3dd6718a0e3aecb77b9cb89,37,58965669,2026-09-10T00:12:33+00:00,2026-09-10,buy_stock,122171934,-545682034704970937,-0.545682034704970937,122.171934,0.545682034704970937,0
4663:0xcddae33d692bd47e33cbfaedaeb2feb4f0a8f26988336ba255a40244f9de8027:23,NVDA,v3,0xcddae33d692bd47e33cbfaedaeb2feb4f0a8f26988336ba255a40244f9de8027,23,58965670,2026-09-10T00:12:33+00:00,2026-09-10,buy_stock,60074062,-268321156220766170,-0.26832115622076617,60.074062,0.26832115622076617,0
4663:0xdbbdeeefe3ede266c59294232a2059ee9813cbf59a2796dea367a94f92272139:17,NVDA,v3,0xdbbdeeefe3ede266c59294232a2059ee9813cbf59a2796dea367a94f92272139,17,58965728,2026-09-10T00:12:39+00:00,2026-09-10,buy_stock,268777991,-1200497113253255487,-1.200497113253255487,268.777991,1.200497113253255487,0
4663:0xc1ae210706e887aa6054f4bab8dd9d2fecf856bc3f01a1f8a79dac4dd50cdff3:33,NVDA,v3,0xc1ae210706e887aa6054f4bab8dd9d2fecf856bc3f01a1f8a79dac4dd50cdff3,33,58965728,2026-09-10T00:12:39+00:00,2026-09-10,buy_stock,268777714,-1200493577168777828,-1.200493577168777828,268.777714,1.200493577168777828,0
4663:0xd8d635dafe85d38471a24cdfc1ac808da2e5c8333511d53c9882f65ad2aee68d:49,NVDA,v3,0xd8d635dafe85d38471a24cdfc1ac808da2e5c8333511d53c9882f65ad2aee68d,49,58965728,2026-09-10T00:12:39+00:00,2026-09-10,buy_stock,268777438,-1200490045566722820,-1.20049004556672282,268.777438,1.20049004556672282,0
4663:0x0775aaa863fdbebb06132527f197e185039013939d8c92f369c97f356fa32a42:8,NVDA,v3,0x0775aaa863fdbebb06132527f197e185039013939d8c92f369c97f356fa32a42,8,58965731,2026-09-10T00:12:39+00:00,2026-09-10,buy_stock,98724416,-440950414595194336,-0.440950414595194336,98.724416,0.440950414595194336,0
4663:0xf70cb6053f62c5b6445eb4acdb0464d9861261cf787bcf53fc608f69e791b24d:69,NVDA,v3,0xf70cb6053f62c5b6445eb4acdb0464d9861261cf787bcf53fc608f69e791b24d,69,58965732,2026-09-10T00:12:39+00:00,2026-09-10,buy_stablecoin,-3377672684,15101574317970319761,15.101574317970319761,-3377.672684,0,3377.672684
4663:0x3e8da30b1fae0a14d53fe97ecca7e03e9b0e330d509525e3440e9450aeb62d10:31,NVDA,v3,0x3e8da30b1fae0a14d53fe97ecca7e03e9b0e330d509525e3440e9450aeb62d10,31,58965735,2026-09-10T00:12:40+00:00,2026-09-10,buy_stablecoin,-106127804,474503296413894475,0.474503296413894475,-106.127804,0,106.127804
4663:0xdbbbf77580508ac8cba6141f751d7e870a4f7613c336e209f77057267d26614a:26,NVDA,v3,0xdbbbf77580508ac8cba6141f751d7e870a4f7613c336e209f77057267d26614a,26,58965736,2026-09-10T00:12:40+00:00,2026-09-10,buy_stablecoin,-77604869,346975899350038952,0.346975899350038952,-77.604869,0,77.604869
4663:0xb57325ce48c7f8e606609178dad942c3e5ae70efb17d5aefb809532c4527e290:25,NVDA,v3,0xb57325ce48c7f8e606609178dad942c3e5ae70efb17d5aefb809532c4527e290,25,58965753,2026-09-10T00:12:41+00:00,2026-09-10,buy_stablecoin,-222879230,996507112415369552,0.996507112415369552,-222.87923,0,222.87923
4663:0xd8c70001bf2ab8a980827397533415dd4cb8060a275f5d00b085484d86f1a93e:108,NVDA,v3,0xd8c70001bf2ab8a980827397533415dd4cb8060a275f5d00b085484d86f1a93e,108,58965753,2026-09-10T00:12:41+00:00,2026-09-10,buy_stablecoin,-5376468,24038551360460241,0.024038551360460241,-5.376468,0,5.376468
4663:0x36296ed42fcd9266368c93433e7e28f3db8f242c13a3d9cf9ac79ecaf286690b:23,NVDA,v3,0x36296ed42fcd9266368c93433e7e28f3db8f242c13a3d9cf9ac79ecaf286690b,23,58965757,2026-09-10T00:12:42+00:00,2026-09-10,buy_stablecoin,-14371974,64258062837060777,0.064258062837060777,-14.371974,0,14.371974
4663:0x9c4bf037c7d9758faa6687eba4ab00286d2049edefd30d1135e39ff8c34fb69f:16,NVDA,v3,0x9c4bf037c7d9758faa6687eba4ab00286d2049edefd30d1135e39ff8c34fb69f,16,58965762,2026-09-10T00:12:42+00:00,2026-09-10,buy_stablecoin,-6628149,29634902000889367,0.029634902000889367,-6.628149,0,6.628149
4663:0x4bcd3ab571a8cab02fdecde8a7e7778d5c1f212eeec97303ade56e0957d671d5:12,NVDA,v3,0x4bcd3ab571a8cab02fdecde8a7e7778d5c1f212eeec97303ade56e0957d671d5,12,58965778,2026-09-10T00:12:44+00:00,2026-09-10,buy_stablecoin,-1248495,5582108047786812,0.005582108047786812,-1.248495,0,1.248495
4663:0xd69d4ba9d987b12ebee7a43ddbfb16c18e91380732b5f861b698ecdb621003bb:10,NVDA,v3,0xd69d4ba9d987b12ebee7a43ddbfb16c18e91380732b5f861b698ecdb621003bb,10,58965817,2026-09-10T00:12:48+00:00,2026-09-10,buy_stock,2443303,-10913249712076816,-0.010913249712076816,2.443303,0.010913249712076816,0
4663:0x2f8ecf5f675fef1754651dd549225073e4d681b76668967dd9481af1b3599b6b:3,NVDA,v3,0x2f8ecf5f675fef1754651dd549225073e4d681b76668967dd9481af1b3599b6b,3,58965873,2026-09-10T00:12:53+00:00,2026-09-10,buy_stablecoin,-1500236781,6707695711719876995,6.707695711719876995,-1500.236781,0,1500.236781
4663:0x168af9a92e895c840dc648e351af49d0ce17409753a1999d809ec42b8c91e29d:10,NVDA,v3,0x168af9a92e895c840dc648e351af49d0ce17409753a1999d809ec42b8c91e29d,10,58965890,2026-09-10T00:12:55+00:00,2026-09-10,buy_stablecoin,-21288578,95183696451687402,0.095183696451687402,-21.288578,0,21.288578
4663:0x00c41e4592fa587eca621356cc9b4a23389f12f63783987446d0ede3c58c2604:44,NVDA,v3,0x00c41e4592fa587eca621356cc9b4a23389f12f63783987446d0ede3c58c2604,44,58965895,2026-09-10T00:12:56+00:00,2026-09-10,buy_stablecoin,-3199441785,14305237910648570000,14.30523791064857,-3199.441785,0,3199.441785
4663:0x61a1e0e75542035b7e4579d36ed0a82c402d635d207b54ac636eae7f737df292:52,NVDA,v3,0x61a1e0e75542035b7e4579d36ed0a82c402d635d207b54ac636eae7f737df292,52,58965895,2026-09-10T00:12:56+00:00,2026-09-10,buy_stablecoin,-18074992662,80822425450793294316,80.822425450793294316,-18074.992662,0,18074.992662
4663:0xd803777375f3bc744991eba0ede2872c8911fda3e9d2255f4f8e61b81a56ce0b:23,NVDA,v3,0xd803777375f3bc744991eba0ede2872c8911fda3e9d2255f4f8e61b81a56ce0b,23,58965903,2026-09-10T00:12:56+00:00,2026-09-10,buy_stock,12213620,-54562172928298912,-0.054562172928298912,12.21362,0.054562172928298912,0
4663:0xfcddf9c5586385941b63f3847d205045c4df485d6195a4951564c07f98257379:28,NVDA,v3,0xfcddf9c5586385941b63f3847d205045c4df485d6195a4951564c07f98257379,28,58965917,2026-09-10T00:12:58+00:00,2026-09-10,buy_stablecoin,-165820161,741513794242418101,0.741513794242418101,-165.820161,0,165.820161
4663:0xf0760fca3468cb8555e3b34fc07c7418aa3ad0f7124218e58ff8bb5ed240d3a5:28,NVDA,v3,0xf0760fca3468cb8555e3b34fc07c7418aa3ad0f7124218e58ff8bb5ed240d3a5,28,58965923,2026-09-10T00:12:59+00:00,2026-09-10,buy_stock,2442721,-10912430804687851,-0.010912430804687851,2.442721,0.010912430804687851,0
4663:0x9442fd1fd53c2fa5f1760ebe953892df6289cec37ecfbd645993150337148712:10,NVDA,v3,0x9442fd1fd53c2fa5f1760ebe953892df6289cec37ecfbd645993150337148712,10,58965928,2026-09-10T00:12:59+00:00,2026-09-10,buy_stock,39157245,-174928193249330534,-0.174928193249330534,39.157245,0.174928193249330534,0
4663:0x478270c7b4073cdbe9f8c56c9812bf160d295236490567f6328b71f2395fec90:26,NVDA,v3,0x478270c7b4073cdbe9f8c56c9812bf160d295236490567f6328b71f2395fec90,26,58965928,2026-09-10T00:12:59+00:00,2026-09-10,buy_stock,39452207,-176245833186528065,-0.176245833186528065,39.452207,0.176245833186528065,0
4663:0x968eadcadc938e2ab04b4f2d5d8d3223f823edd99d0a56da6cf28cdb50d85add:42,NVDA,v3,0x968eadcadc938e2ab04b4f2d5d8d3223f823edd99d0a56da6cf28cdb50d85add,42,58965928,2026-09-10T00:12:59+00:00,2026-09-10,buy_stock,97545540,-435767432330751101,-0.435767432330751101,97.54554,0.435767432330751101,0
4663:0xf0a3ab9993ee06d43b05c9e219fc60d61d0982071c67343ad2bbd2a7edb6082f:58,NVDA,v3,0xf0a3ab9993ee06d43b05c9e219fc60d61d0982071c67343ad2bbd2a7edb6082f,58,58965928,2026-09-10T00:12:59+00:00,2026-09-10,buy_stock,68117029,-304300588154036772,-0.304300588154036772,68.117029,0.304300588154036772,0
4663:0x95e39eb339e6261d63cfa211043a214fd4de5fbfc4d499b4be137de6f2a7bd97:15,NVDA,v3,0x95e39eb339e6261d63cfa211043a214fd4de5fbfc4d499b4be137de6f2a7bd97,15,58965942,2026-09-10T00:13:00+00:00,2026-09-10,buy_stablecoin,-8929556476,39932369774313360051,39.932369774313360051,-8929.556476,0,8929.556476
4663:0x2f24afe2e55c49f3d77d347dae20d020251a7cd824ac30b36a5b005a11a64903:48,NVDA,v3,0x2f24afe2e55c49f3d77d347dae20d020251a7cd824ac30b36a5b005a11a64903,48,58965942,2026-09-10T00:13:00+00:00,2026-09-10,buy_stock,5101795490,-22792384234028838202,-22.792384234028838202,5101.79549,22.792384234028838202,0
4663:0x4a7a9323ab469a00da02e8b198de22002fd0e736a4f4c48153aa38f1ff0786d7:23,NVDA,v3,0x4a7a9323ab469a00da02e8b198de22002fd0e736a4f4c48153aa38f1ff0786d7,23,58965945,2026-09-10T00:13:01+00:00,2026-09-10,buy_stablecoin,-19434034,86907297351521761,0.086907297351521761,-19.434034,0,19.434034
4663:0xd712014b95de203964817f7dc6480a11a12329fb738bf1c9ebc0d8c6e32a42b4:27,NVDA,v3,0xd712014b95de203964817f7dc6480a11a12329fb738bf1c9ebc0d8c6e32a42b4,27,58965973,2026-09-10T00:13:04+00:00,2026-09-10,buy_stablecoin,-176508916,789332920275254308,0.789332920275254308,-176.508916,0,176.508916
4663:0xa990a46d5bf96dfb7fd00595916986710adb0b5b403849018d966d37bf4f11e4:44,NVDA,v3,0xa990a46d5bf96dfb7fd00595916986710adb0b5b403849018d966d37bf4f11e4,44,58965973,2026-09-10T00:13:04+00:00,2026-09-10,buy_stablecoin,-175530321,784957710249589950,0.78495771024958995,-175.530321,0,175.530321
4663:0x17a71f03e67d130c83d0c3bdd2ebeb506b9e8b96fd568f2c2b3a0775b38ce059:8,NVDA,v3,0x17a71f03e67d130c83d0c3bdd2ebeb506b9e8b96fd568f2c2b3a0775b38ce059,8,58965990,2026-09-10T00:13:05+00:00,2026-09-10,buy_stock,73288970,-327414931696638862,-0.327414931696638862,73.28897,0.327414931696638862,0
4663:0x210251cabcc3817341f99df9054f57a880c3b2229066d9d2f4557fa4d3307f5e:12,NVDA,v3,0x210251cabcc3817341f99df9054f57a880c3b2229066d9d2f4557fa4d3307f5e,12,58966019,2026-09-10T00:13:08+00:00,2026-09-10,buy_stablecoin,-13418333,60005735963147978,0.060005735963147978,-13.418333,0,13.418333
4663:0xc486345f579a14024d644733594e12a0d9232a8c18657569552e03b539426201:73,NVDA,v3,0xc486345f579a14024d644733594e12a0d9232a8c18657569552e03b539426201,73,58966044,2026-09-10T00:13:11+00:00,2026-09-10,buy_stock,254069440,-1135041738530315693,-1.135041738530315693,254.06944,1.135041738530315693,0
4663:0x7e9f4ddfc591aed8322d863994cb5f3e0eb4035dab8ef86efc606227bee5ea77:48,NVDA,v3,0x7e9f4ddfc591aed8322d863994cb5f3e0eb4035dab8ef86efc606227bee5ea77,48,58966050,2026-09-10T00:13:11+00:00,2026-09-10,buy_stablecoin,-4871454,21784725448510176,0.021784725448510176,-4.871454,0,4.871454
4663:0x0d2e2561a007c53a7f49ff5de6e263f22a794e1f2439ea32167ce1018ebc13a5:45,NVDA,v3,0x0d2e2561a007c53a7f49ff5de6e263f22a794e1f2439ea32167ce1018ebc13a5,45,58966060,2026-09-10T00:13:12+00:00,2026-09-10,buy_stock,219867372,-982244192977615107,-0.982244192977615107,219.867372,0.982244192977615107,0
4663:0x022ce824d54d692dfaba0b57e0ca7da40779f6e956b9aa855878dcd84af3de7b:8,NVDA,v3,0x022ce824d54d692dfaba0b57e0ca7da40779f6e956b9aa855878dcd84af3de7b,8,58966069,2026-09-10T00:13:13+00:00,2026-09-10,buy_stock,488593503,-2182756439975759845,-2.182756439975759845,488.593503,2.182756439975759845,0
4663:0x1a8ddf52ecbfdf37c259043749f50e0525e8ed3b262bd96e7b78ee183de64a75:45,NVDA,v3,0x1a8ddf52ecbfdf37c259043749f50e0525e8ed3b262bd96e7b78ee183de64a75,45,58966075,2026-09-10T00:13:14+00:00,2026-09-10,buy_stablecoin,-7525915,33655077645340867,0.033655077645340867,-7.525915,0,7.525915
4663:0xec0fbd14fb33a85fcccc41c4346d2fc7be847bdf1fe7cb4c7fbe80d042ec3798:95,NVDA,v3,0xec0fbd14fb33a85fcccc41c4346d2fc7be847bdf1fe7cb4c7fbe80d042ec3798,95,58966075,2026-09-10T00:13:14+00:00,2026-09-10,buy_stablecoin,-22899956,102406130415560487,0.102406130415560487,-22.899956,0,22.899956
4663:0x0f825d5fa934f672d24cf13e091b5498c2c46bd238370da73697d57ad8ad5201:42,NVDA,v3,0x0f825d5fa934f672d24cf13e091b5498c2c46bd238370da73697d57ad8ad5201,42,58966080,2026-09-10T00:13:14+00:00,2026-09-10,buy_stock,366388094,-1636807911533129523,-1.636807911533129523,366.388094,1.636807911533129523,0
4663:0x20aacc43e6e59cf475e42585d66968fa68a28bc81eb12c257f140d306fa1c508:51,NVDA,v3,0x20aacc43e6e59cf475e42585d66968fa68a28bc81eb12c257f140d306fa1c508,51,58966081,2026-09-10T00:13:14+00:00,2026-09-10,buy_stablecoin,-10486972,46896490873510575,0.046896490873510575,-10.486972,0,10.486972
4663:0x10fd9b313cc44c2d63dd238393e1851aab6723eef5370a85a4aa21a9479c8486:52,NVDA,v3,0x10fd9b313cc44c2d63dd238393e1851aab6723eef5370a85a4aa21a9479c8486,52,58966083,2026-09-10T00:13:15+00:00,2026-09-10,buy_stablecoin,-48426030,216555481864358151,0.216555481864358151,-48.42603,0,48.42603
4663:0xe48551cbac57f4d8603875f5ac930135faa58df9834549368c45e5c6bc84a078:69,NVDA,v3,0xe48551cbac57f4d8603875f5ac930135faa58df9834549368c45e5c6bc84a078,69,58966083,2026-09-10T00:13:15+00:00,2026-09-10,buy_stablecoin,-44611493,199497389092500372,0.199497389092500372,-44.611493,0,44.611493
4663:0x7734b6d89dad4aa445e412013c0d3d3b8dce4a276eae42bd236e9810cdb2189d:86,NVDA,v3,0x7734b6d89dad4aa445e412013c0d3d3b8dce4a276eae42bd236e9810cdb2189d,86,58966083,2026-09-10T00:13:15+00:00,2026-09-10,buy_stablecoin,-51140148,228692849051113010,0.22869284905111301,-51.140148,0,51.140148
4663:0xa9d0d91f92bb49f5b76a0c28961dd3cae3b653336a7e3445165b5de09c23d697:77,NVDA,v3,0xa9d0d91f92bb49f5b76a0c28961dd3cae3b653336a7e3445165b5de09c23d697,77,58966085,2026-09-10T00:13:15+00:00,2026-09-10,buy_stablecoin,-213207131,953438613560645372,0.953438613560645372,-213.207131,0,213.207131
4663:0x6ae9e37862fba17cbf1dfd7bcacc132a7bc0c2c9a8a240c97929342734878e2d:12,NVDA,v3,0x6ae9e37862fba17cbf1dfd7bcacc132a7bc0c2c9a8a240c97929342734878e2d,12,58966100,2026-09-10T00:13:16+00:00,2026-09-10,buy_stablecoin,-250602365,1120667793546745219,1.120667793546745219,-250.602365,0,250.602365
4663:0x7ffeb15c2a0b01f246ca11626e1454d66aca945a589862e0e89c0f4ec998e4a0:36,NVDA,v3,0x7ffeb15c2a0b01f246ca11626e1454d66aca945a589862e0e89c0f4ec998e4a0,36,58966120,2026-09-10T00:13:18+00:00,2026-09-10,buy_stock,3184966,-14228608662569905,-0.014228608662569905,3.184966,0.014228608662569905,0
4663:0x641aeba12d48dbd17b9ac1532b705c60ee1727ef020521320777a341f71ccab0:31,NVDA,v3,0x641aeba12d48dbd17b9ac1532b705c60ee1727ef020521320777a341f71ccab0,31,58966158,2026-09-10T00:13:22+00:00,2026-09-10,buy_stablecoin,-198258910,886594686012273043,0.886594686012273043,-198.25891,0,198.25891
4663:0x6b7ac4b3baf48c9b155f7af26606e7f3cd063432b146e247d0923d4593939b8c:36,NVDA,v3,0x6b7ac4b3baf48c9b155f7af26606e7f3cd063432b146e247d0923d4593939b8c,36,58966175,2026-09-10T00:13:24+00:00,2026-09-10,buy_stablecoin,-22588898,101015450602647079,0.101015450602647079,-22.588898,0,22.588898
4663:0xb8958fd02e346f210e4744928393a570000ce66cc012c4e41322fc7d1cdbd19e:51,NVDA,v3,0xb8958fd02e346f210e4744928393a570000ce66cc012c4e41322fc7d1cdbd19e,51,58966203,2026-09-10T00:13:27+00:00,2026-09-10,buy_stablecoin,-206414602,923067633210951433,0.923067633210951433,-206.414602,0,206.414602
4663:0xead80528357b84810788b8be50e380cfb27f3a3a12119e09269d2d44213a1661:8,NVDA,v3,0xead80528357b84810788b8be50e380cfb27f3a3a12119e09269d2d44213a1661,8,58966212,2026-09-10T00:13:28+00:00,2026-09-10,buy_stock,244249435,-1091169480804712298,-1.091169480804712298,244.249435,1.091169480804712298,0
4663:0xe119a27f00a16db7e6b045a48534912df0549f3dee1d38111ae0b0c8a7d7bc42:24,NVDA,v3,0xe119a27f00a16db7e6b045a48534912df0549f3dee1d38111ae0b0c8a7d7bc42,24,58966212,2026-09-10T00:13:28+00:00,2026-09-10,buy_stock,244249207,-1091166565832322326,-1.091166565832322326,244.249207,1.091166565832322326,0
4663:0xcf108736c84c8c261996093e5695dc561d1128cdddbe5458abd007c7fb1f4f7e:40,NVDA,v3,0xcf108736c84c8c261996093e5695dc561d1128cdddbe5458abd007c7fb1f4f7e,40,58966212,2026-09-10T00:13:28+00:00,2026-09-10,buy_stock,244248980,-1091163655339839922,-1.091163655339839922,244.24898,1.091163655339839922,0
4663:0x5a9745821c04638564ff72adf125ecc075f974266d7daf6feeeeda4a56c69315:56,NVDA,v3,0x5a9745821c04638564ff72adf125ecc075f974266d7daf6feeeeda4a56c69315,56,58966212,2026-09-10T00:13:28+00:00,2026-09-10,buy_stock,244248752,-1091160740387940409,-1.091160740387940409,244.248752,1.091160740387940409,0
4663:0x516d46c8e6e5fbd3323e84839c571255f2c9de6566d37e77ad6f381e845cf694:72,NVDA,v3,0x516d46c8e6e5fbd3323e84839c571255f2c9de6566d37e77ad6f381e845cf694,72,58966212,2026-09-10T00:13:28+00:00,2026-09-10,buy_stock,244248524,-1091157825446293818,-1.091157825446293818,244.248524,1.091157825446293818,0
4663:0x96a95368ff17602e389fc5d0138dccb4cbae1fec87c823ed0f67296e99a692aa:8,NVDA,v3,0x96a95368ff17602e389fc5d0138dccb4cbae1fec87c823ed0f67296e99a692aa,8,58966214,2026-09-10T00:13:28+00:00,2026-09-10,buy_stock,244246989,-1091149073176488928,-1.091149073176488928,244.246989,1.091149073176488928,0
4663:0x64c32cb6b24531423ec5b09c6791cf590691bbd35743815ea2ee7c5a725fd65f:32,NVDA,v3,0x64c32cb6b24531423ec5b09c6791cf590691bbd35743815ea2ee7c5a725fd65f,32,58966218,2026-09-10T00:13:28+00:00,2026-09-10,buy_stock,12212864,-54559700166187122,-0.054559700166187122,12.212864,0.054559700166187122,0
4663:0x867ad7aaf002c0dc2707db38fc31eadbd9ed76a7ba12117f60ae73f189a7b9c5:9,NVDA,v3,0x867ad7aaf002c0dc2707db38fc31eadbd9ed76a7ba12117f60ae73f189a7b9c5,9,58966229,2026-09-10T00:13:29+00:00,2026-09-10,buy_stock,1074684008,-4801020731360308680,-4.80102073136030868,1074.684008,4.80102073136030868,0
4663:0x7e39860e9fc51c99632d6ced485474c59f1910b64d9ee73aee839dc1e97980bc:8,NVDA,v3,0x7e39860e9fc51c99632d6ced485474c59f1910b64d9ee73aee839dc1e97980bc,8,58966235,2026-09-10T00:13:30+00:00,2026-09-10,buy_stock,122128131,-545590317332644312,-0.545590317332644312,122.128131,0.545590317332644312,0
4663:0x96de6401f445c058d88fddab84ea9e2647f19b78467530a3bf498e0fbc88c651:80,NVDA,v3,0x96de6401f445c058d88fddab84ea9e2647f19b78467530a3bf498e0fbc88c651,80,58966235,2026-09-10T00:13:30+00:00,2026-09-10,buy_stablecoin,-11088743,49586964719042656,0.049586964719042656,-11.088743,0,11.088743
4663:0x04030a81b2b615b69b69dfeebf9f902041c7b3ac150812fcfe3d0a9e8ed350cd:10,NVDA,v3,0x04030a81b2b615b69b69dfeebf9f902041c7b3ac150812fcfe3d0a9e8ed350cd,10,58966239,2026-09-10T00:13:30+00:00,2026-09-10,buy_stablecoin,-16112845,72053894114153635,0.072053894114153635,-16.112845,0,16.112845
4663:0xa71f0f1b989f57bcefffc02a8cfcb1c9ad103af2b04df2ec737e27d72ef15b26:10,NVDA,v3,0xa71f0f1b989f57bcefffc02a8cfcb1c9ad103af2b04df2ec737e27d72ef15b26,10,58966248,2026-09-10T00:13:31+00:00,2026-09-10,buy_stablecoin,-24655013,110253028952484958,0.110253028952484958,-24.655013,0,24.655013
4663:0xd5dd4d4839b83501e5dd40a3febe51d07415d64d053454f6c0e48f9d5980bfb9:52,NVDA,v3,0xd5dd4d4839b83501e5dd40a3febe51d07415d64d053454f6c0e48f9d5980bfb9,52,58966248,2026-09-10T00:13:31+00:00,2026-09-10,buy_stablecoin,-5763583,25773767937339899,0.025773767937339899,-5.763583,0,5.763583
4663:0x8503d542594a331c86bac38f1c7921dae33341ade7ac5eaa5a6a0e1b37c725d7:78,NVDA,v3,0x8503d542594a331c86bac38f1c7921dae33341ade7ac5eaa5a6a0e1b37c725d7,78,58966248,2026-09-10T00:13:31+00:00,2026-09-10,buy_stablecoin,-54569739,244026676396279490,0.24402667639627949,-54.569739,0,54.569739
4663:0x80493cb1a645524dd12b5dca35f932ea7d38fba94b777ce78565586df4ae8c96:95,NVDA,v3,0x80493cb1a645524dd12b5dca35f932ea7d38fba94b777ce78565586df4ae8c96,95,58966248,2026-09-10T00:13:31+00:00,2026-09-10,buy_stablecoin,-46663636,208671992521733499,0.208671992521733499,-46.663636,0,46.663636
4663:0x031c0b6165b14ea677f4421300610037459ba8e1a08913c4526df0eb0c43d099:10,NVDA,v3,0x031c0b6165b14ea677f4421300610037459ba8e1a08913c4526df0eb0c43d099,10,58966249,2026-09-10T00:13:32+00:00,2026-09-10,buy_stablecoin,-49691756,222213316635677226,0.222213316635677226,-49.691756,0,49.691756
4663:0x6cb3d8692762cf3ea4e387aca56bb9515ec6cd313f2641f73c0e2277399f4e0a:25,NVDA,v3,0x6cb3d8692762cf3ea4e387aca56bb9515ec6cd313f2641f73c0e2277399f4e0a,25,58966249,2026-09-10T00:13:32+00:00,2026-09-10,buy_stock,244248997,-1091148383033779067,-1.091148383033779067,244.248997,1.091148383033779067,0
4663:0x63d9e488c2b3f2119ec636a1e24f933457f17205fa06e42c3236cb6189297f00:22,NVDA,v3,0x63d9e488c2b3f2119ec636a1e24f933457f17205fa06e42c3236cb6189297f00,22,58966257,2026-09-10T00:13:32+00:00,2026-09-10,buy_stablecoin,-183685593,821410843016042746,0.821410843016042746,-183.685593,0,183.685593
4663:0x4a363df1a1e6f290339a9896e2096a648598f2c30ebaf9fe9216f50920645d10:32,NVDA,v3,0x4a363df1a1e6f290339a9896e2096a648598f2c30ebaf9fe9216f50920645d10,32,58966258,2026-09-10T00:13:32+00:00,2026-09-10,buy_stablecoin,-4080177,18245874663924997,0.018245874663924997,-4.080177,0,4.080177
4663:0x4680b549bbf877571aded47c0aac49206fe660763e01929165527d0d5b2e6141:74,NVDA,v3,0x4680b549bbf877571aded47c0aac49206fe660763e01929165527d0d5b2e6141,74,58966264,2026-09-10T00:13:33+00:00,2026-09-10,buy_stablecoin,-17548408,78473566518478064,0.078473566518478064,-17.548408,0,17.548408
4663:0x77fbe8446da2cd89a0ca69ed3a34b28948205d8bf3f07644fa67c464c24f04eb:42,NVDA,v3,0x77fbe8446da2cd89a0ca69ed3a34b28948205d8bf3f07644fa67c464c24f04eb,42,58966288,2026-09-10T00:13:35+00:00,2026-09-10,buy_stablecoin,-245396966,1097375488624626354,1.097375488624626354,-245.396966,0,245.396966
4663:0xcc7d7ae43e625d8b0558e114a6011d9c76667badd4c3435afb5f3333d92fe2b4:9,NVDA,v3,0xcc7d7ae43e625d8b0558e114a6011d9c76667badd4c3435afb5f3333d92fe2b4,9,58966292,2026-09-10T00:13:36+00:00,2026-09-10,buy_stock,488506520,-2182336168659663380,-2.18233616865966338,488.50652,2.18233616865966338,0
4663:0xc2b61bf27476dc9425f4c4fe8826eef63c29b58e5c69e48accf674e31101aa6c:13,NVDA,v3,0xc2b61bf27476dc9425f4c4fe8826eef63c29b58e5c69e48accf674e31101aa6c,13,58966328,2026-09-10T00:13:40+00:00,2026-09-10,buy_stablecoin,-167780981,750287870777510821,0.750287870777510821,-167.780981,0,167.780981
4663:0xb70bfcc68a414bab640f4bf6921eaf0c48e785f93a6c9dfe74273c2d167d904e:27,NVDA,v3,0xb70bfcc68a414bab640f4bf6921eaf0c48e785f93a6c9dfe74273c2d167d904e,27,58966337,2026-09-10T00:13:40+00:00,2026-09-10,buy_stablecoin,-46051197,205933240657673194,0.205933240657673194,-46.051197,0,46.051197
4663:0x817f548c1f34ce47c8b172aad7616a3364a72dccf24d39691ae485b65f9e2688:46,NVDA,v3,0x817f548c1f34ce47c8b172aad7616a3364a72dccf24d39691ae485b65f9e2688,46,58966337,2026-09-10T00:13:40+00:00,2026-09-10,buy_stablecoin,-42365094,189449664460637971,0.189449664460637971,-42.365094,0,42.365094
4663:0xb4abdb83fe3b3f0a58328934a4ac61ae788dabf3b8d14e6c2b4303d531d744f0:63,NVDA,v3,0xb4abdb83fe3b3f0a58328934a4ac61ae788dabf3b8d14e6c2b4303d531d744f0,63,58966337,2026-09-10T00:13:40+00:00,2026-09-10,buy_stablecoin,-39104533,174869029809700751,0.174869029809700751,-39.104533,0,39.104533
4663:0x46ee7a3a940c2b76ae7f452e3c1c52db9664407d76fe26797238526a523a45ff:84,NVDA,v3,0x46ee7a3a940c2b76ae7f452e3c1c52db9664407d76fe26797238526a523a45ff,84,58966346,2026-09-10T00:13:41+00:00,2026-09-10,buy_stock,123075117,-549821236727147641,-0.549821236727147641,123.075117,0.549821236727147641,0
4663:0x8952b4e7e6c389ca3d44227805f35d6ffd701b2c8fa7211cb43fcf9bda9f0e97:100,NVDA,v3,0x8952b4e7e6c389ca3d44227805f35d6ffd701b2c8fa7211cb43fcf9bda9f0e97,100,58966346,2026-09-10T00:13:41+00:00,2026-09-10,buy_stock,121163163,-541279373835491585,-0.541279373835491585,121.163163,0.541279373835491585,0
4663:0x5437d033b8fb7005d4a489a929cd30248cb89426c919741c8439d218c40ab794:97,NVDA,v3,0x5437d033b8fb7005d4a489a929cd30248cb89426c919741c8439d218c40ab794,97,58966365,2026-09-10T00:13:43+00:00,2026-09-10,buy_stock,61059544,-272774740233215794,-0.272774740233215794,61.059544,0.272774740233215794,0
4663:0x8096c231c90fe679b0b2684cc885087b55b746ebe72e996e6d35430562885dae:11,NVDA,v3,0x8096c231c90fe679b0b2684cc885087b55b746ebe72e996e6d35430562885dae,11,58966379,2026-09-10T00:13:45+00:00,2026-09-10,buy_stablecoin,-231727878,1036247624817627386,1.036247624817627386,-231.727878,0,231.727878
4663:0x286c780f8090d71be898192574100521cff0348caeb87db54f579d528b4aeedb:40,NVDA,v3,0x286c780f8090d71be898192574100521cff0348caeb87db54f579d528b4aeedb,40,58966389,2026-09-10T00:13:46+00:00,2026-09-10,buy_stablecoin,-8997045,40233290705673923,0.040233290705673923,-8.997045,0,8.997045
4663:0x1915a507e4bee2b1708b064c6dea3fe8102366620dca3f0d306d7b418f51c289:29,NVDA,v3,0x1915a507e4bee2b1708b064c6dea3fe8102366620dca3f0d306d7b418f51c289,29,58966394,2026-09-10T00:13:46+00:00,2026-09-10,buy_stock,24423795,-109109948839507512,-0.109109948839507512,24.423795,0.109109948839507512,0
4663:0x5f14abddf5d821280df1de1ca28b898d5df61bfc46128897b598a02f2bf0fbe5:11,NVDA,v3,0x5f14abddf5d821280df1de1ca28b898d5df61bfc46128897b598a02f2bf0fbe5,11,58966417,2026-09-10T00:13:48+00:00,2026-09-10,buy_stablecoin,-177908078,795575713636318754,0.795575713636318754,-177.908078,0,177.908078
4663:0x4c0ed9226173f59d54593d3fead72e632da6605556f153a226c3df0448692a51:13,NVDA,v3,0x4c0ed9226173f59d54593d3fead72e632da6605556f153a226c3df0448692a51,13,58966421,2026-09-10T00:13:49+00:00,2026-09-10,buy_stablecoin,-28154815,125903804801477965,0.125903804801477965,-28.154815,0,28.154815
4663:0x43242844edfc2791b08a892875e757e94910008689dc405c3f322a4479bf851e:44,NVDA,v3,0x43242844edfc2791b08a892875e757e94910008689dc405c3f322a4479bf851e,44,58966423,2026-09-10T00:13:49+00:00,2026-09-10,buy_stablecoin,-17324120,77470689445841859,0.077470689445841859,-17.32412,0,17.32412
4663:0x86748067a41fce6d31be4bde29abfec20e681bc7c56cc596744078a209128c43:25,NVDA,v3,0x86748067a41fce6d31be4bde29abfec20e681bc7c56cc596744078a209128c43,25,58966429,2026-09-10T00:13:50+00:00,2026-09-10,buy_stock,990000,-4422695644797244,-0.004422695644797244,0.99,0.004422695644797244,0
4663:0x663047c743c376781bc294d86f14513f277e44eadc4ac32ca5c5471d8170f979:55,NVDA,v3,0x663047c743c376781bc294d86f14513f277e44eadc4ac32ca5c5471d8170f979,55,58966438,2026-09-10T00:13:51+00:00,2026-09-10,buy_stock,12207468,-54535264491190422,-0.054535264491190422,12.207468,0.054535264491190422,0
4663:0x8d91e3ff81f57707c9f2d445fef43a0f38346df02987e56a20738381fed96ba2:85,NVDA,v3,0x8d91e3ff81f57707c9f2d445fef43a0f38346df02987e56a20738381fed96ba2,85,58966466,2026-09-10T00:13:53+00:00,2026-09-10,buy_stablecoin,-20242603,90521683003059927,0.090521683003059927,-20.242603,0,20.242603
4663:0xf176d66773c83d87281fe004b4be46af0920b38be7628c90f9cd593dd0052c0c:35,NVDA,v3,0xf176d66773c83d87281fe004b4be46af0920b38be7628c90f9cd593dd0052c0c,35,58966479,2026-09-10T00:13:55+00:00,2026-09-10,buy_stablecoin,-35496886,158736429271091700,0.1587364292710917,-35.496886,0,35.496886
4663:0x69a155a72b03fa002bb13f90b10988e294409279ac51870a9fe69def75a71b3f:29,NVDA,v3,0x69a155a72b03fa002bb13f90b10988e294409279ac51870a9fe69def75a71b3f,29,58966492,2026-09-10T00:13:56+00:00,2026-09-10,buy_stablecoin,-68525322,306434451790861363,0.306434451790861363,-68.525322,0,68.525322
4663:0xc51b2fcf7a085e5f5bbdaf1ba4fd7e1e94dbd7f890cc41613bb90e858ee66040:46,NVDA,v3,0xc51b2fcf7a085e5f5bbdaf1ba4fd7e1e94dbd7f890cc41613bb90e858ee66040,46,58966492,2026-09-10T00:13:56+00:00,2026-09-10,buy_stablecoin,-67614050,302359533249676263,0.302359533249676263,-67.61405,0,67.61405
4663:0x0f6dcb1b1c20883310fad839bb14373b0e9e281d3278b146def97179924c99d4:75,NVDA,v3,0x0f6dcb1b1c20883310fad839bb14373b0e9e281d3278b146def97179924c99d4,75,58966492,2026-09-10T00:13:56+00:00,2026-09-10,buy_stablecoin,-66720844,298365394500901196,0.298365394500901196,-66.720844,0,66.720844
4663:0xb18fac627e3afabb9db971d589e9402e86dddb94eeed5a8291993a0ca6006036:11,NVDA,v3,0xb18fac627e3afabb9db971d589e9402e86dddb94eeed5a8291993a0ca6006036,11,58966499,2026-09-10T00:13:57+00:00,2026-09-10,buy_stablecoin,-26193598,117133798271619364,0.117133798271619364,-26.193598,0,26.193598
4663:0x325aa4f7ce744570da7320da02bdbefce45d1de3be9d5b5f5426cb5c978a3964:13,NVDA,v3,0x325aa4f7ce744570da7320da02bdbefce45d1de3be9d5b5f5426cb5c978a3964,13,58966505,2026-09-10T00:13:57+00:00,2026-09-10,buy_stablecoin,-143085575,639857374389135043,0.639857374389135043,-143.085575,0,143.085575
4663:0xd6b7e116024f0daceabfe393df2dfc752bfb051a9cd656ba93ad12c4c62003d6:12,NVDA,v3,0xd6b7e116024f0daceabfe393df2dfc752bfb051a9cd656ba93ad12c4c62003d6,12,58966512,2026-09-10T00:13:58+00:00,2026-09-10,buy_stablecoin,-22355269,99969494901523665,0.099969494901523665,-22.355269,0,22.355269
4663:0xfca30e45ce2c58fab4fa9438bdb109568f9cacdad5fa2b633957e038cd82bd91:29,NVDA,v3,0xfca30e45ce2c58fab4fa9438bdb109568f9cacdad5fa2b633957e038cd82bd91,29,58966512,2026-09-10T00:13:58+00:00,2026-09-10,buy_stablecoin,-23978133,107226721443390795,0.107226721443390795,-23.978133,0,23.978133
4663:0x9931838234aeb6299067ad9dde24246599988fe3978ce9dd3b0d666f9bc46aa3:47,NVDA,v3,0x9931838234aeb6299067ad9dde24246599988fe3978ce9dd3b0d666f9bc46aa3,47,58966512,2026-09-10T00:13:58+00:00,2026-09-10,buy_stablecoin,-20608909,92160058542163629,0.092160058542163629,-20.608909,0,20.608909
4663:0x5db0c84c2209432769e2e1e2fc466ee5f32113c0cb1d70e203282b5bdd14ec49:29,NVDA,v3,0x5db0c84c2209432769e2e1e2fc466ee5f32113c0cb1d70e203282b5bdd14ec49,29,58966518,2026-09-10T00:13:59+00:00,2026-09-10,buy_stock,62438909,-278938560318022105,-0.278938560318022105,62.438909,0.278938560318022105,0
4663:0x698ec74985eab9d9d6696e944a3ae5c718f1c379fca23f230367923cf21361da:8,NVDA,v3,0x698ec74985eab9d9d6696e944a3ae5c718f1c379fca23f230367923cf21361da,8,58966519,2026-09-10T00:13:59+00:00,2026-09-10,buy_stock,71798028,-320749180641415946,-0.320749180641415946,71.798028,0.320749180641415946,0
4663:0x0fd9d0a04ef113aeae9ea393a23aa0c3fc1caffa95397e3148d80c9e105c195e:24,NVDA,v3,0x0fd9d0a04ef113aeae9ea393a23aa0c3fc1caffa95397e3148d80c9e105c195e,24,58966519,2026-09-10T00:13:59+00:00,2026-09-10,buy_stock,40837370,-182436038472088454,-0.182436038472088454,40.83737,0.182436038472088454,0
4663:0x1e6fbdcef8bf2d0af0edfce776207055012ddadcaa9d1360569990cccf39977f:40,NVDA,v3,0x1e6fbdcef8bf2d0af0edfce776207055012ddadcaa9d1360569990cccf39977f,40,58966519,2026-09-10T00:13:59+00:00,2026-09-10,buy_stock,69078600,-308600215190948435,-0.308600215190948435,69.0786,0.308600215190948435,0
4663:0x3647d25010852d444e3d3ba85570e420dbc4b47829d486ffe505cf206369cc1c:20,NVDA,v3,0x3647d25010852d444e3d3ba85570e420dbc4b47829d486ffe505cf206369cc1c,20,58966548,2026-09-10T00:14:02+00:00,2026-09-10,buy_stablecoin,-325700241,1456483541806409545,1.456483541806409545,-325.700241,0,325.700241
4663:0x06ac78d8cdc4450147ff52556880549395e0997417753082afe4732a8ffddce1:64,NVDA,v3,0x06ac78d8cdc4450147ff52556880549395e0997417753082afe4732a8ffddce1,64,58966550,2026-09-10T00:14:02+00:00,2026-09-10,buy_stablecoin,-366534,1639088230204781,0.001639088230204781,-0.366534,0,0.366534
4663:0x92e13d523bbfda050564cd209c9e02a6bed231364d46b80199e92170e5534144:55,NVDA,v3,0x92e13d523bbfda050564cd209c9e02a6bed231364d46b80199e92170e5534144,55,58966563,2026-09-10T00:14:03+00:00,2026-09-10,buy_stock,198384943,-886261742294864669,-0.886261742294864669,198.384943,0.886261742294864669,0
4663:0xdbc71e8f6457f1a9f90e472575e134fc48d6e9ba038663c5b45d49ef194719ca:71,NVDA,v3,0xdbc71e8f6457f1a9f90e472575e134fc48d6e9ba038663c5b45d49ef194719ca,71,58966563,2026-09-10T00:14:03+00:00,2026-09-10,buy_stock,242910031,-1085170708210459852,-1.085170708210459852,242.910031,1.085170708210459852,0
4663:0x98bcd8d99a9daf4fdc009011da2a334a487adb534659ffa3bda846b894a2b3d1:87,NVDA,v3,0x98bcd8d99a9daf4fdc009011da2a334a487adb534659ffa3bda846b894a2b3d1,87,58966563,2026-09-10T00:14:03+00:00,2026-09-10,buy_stock,291455047,-1302037129165469799,-1.302037129165469799,291.455047,1.302037129165469799,0
4663:0x3b8dd3b3432959d89daf3aaea2176bc9eef8380a402dd8c7ad27039a3287405b:10,NVDA,v3,0x3b8dd3b3432959d89daf3aaea2176bc9eef8380a402dd8c7ad27039a3287405b,10,58966566,2026-09-10T00:14:04+00:00,2026-09-10,buy_stablecoin,-101422535,453544976200425389,0.453544976200425389,-101.422535,0,101.422535
4663:0x4c4bbbdee4b2b12233081a2049d9f24e0cadf7231019a2b0ec5d4e5b929d5124:27,NVDA,v3,0x4c4bbbdee4b2b12233081a2049d9f24e0cadf7231019a2b0ec5d4e5b929d5124,27,58966566,2026-09-10T00:14:04+00:00,2026-09-10,buy_stablecoin,-95873957,428732945723800415,0.428732945723800415,-95.873957,0,95.873957
4663:0xe7a8b350c38e75e015b9d61400361d3ca480317c52108e49949ff8f3c4447554:46,NVDA,v3,0xe7a8b350c38e75e015b9d61400361d3ca480317c52108e49949ff8f3c4447554,46,58966577,2026-09-10T00:14:05+00:00,2026-09-10,buy_stablecoin,-76344509,341400599220119533,0.341400599220119533,-76.344509,0,76.344509
4663:0x5d32f0ee615f3e1ecb1e18bb3f389c08599121ad099fea7cd8bb7d47ad4a5597:13,NVDA,v3,0x5d32f0ee615f3e1ecb1e18bb3f389c08599121ad099fea7cd8bb7d47ad4a5597,13,58966582,2026-09-10T00:14:05+00:00,2026-09-10,buy_stablecoin,-92483207,413570557773194148,0.413570557773194148,-92.483207,0,92.483207
4663:0x1d0c5c3e6b3765092b8b428cd9607e422a89fb9b114a221d1f3063e7f9e26bad:19,NVDA,v3,0x1d0c5c3e6b3765092b8b428cd9607e422a89fb9b114a221d1f3063e7f9e26bad,19,58966589,2026-09-10T00:14:06+00:00,2026-09-10,buy_stablecoin,-219497534,981560015306365341,0.981560015306365341,-219.497534,0,219.497534
4663:0xacc1296a65d6a1e768eed352a6b9ca3dcc8456597252971fbec879b37cecde57:36,NVDA,v3,0xacc1296a65d6a1e768eed352a6b9ca3dcc8456597252971fbec879b37cecde57,36,58966589,2026-09-10T00:14:06+00:00,2026-09-10,buy_stablecoin,-178545667,798430547211667161,0.798430547211667161,-178.545667,0,178.545667
4663:0xa1eca42ff91ed2d146c8cd1581d2765253dbf262c582373c487dd35d81221588:32,NVDA,v3,0xa1eca42ff91ed2d146c8cd1581d2765253dbf262c582373c487dd35d81221588,32,58966608,2026-09-10T00:14:08+00:00,2026-09-10,buy_stablecoin,-3416391,15277622364852867,0.015277622364852867,-3.416391,0,3.416391
4663:0x2e22f954985f1e7e6bd02491af1037df50ad9e9bbfe6a66537db345e4831b54f:14,NVDA,v3,0x2e22f954985f1e7e6bd02491af1037df50ad9e9bbfe6a66537db345e4831b54f,14,58966661,2026-09-10T00:14:13+00:00,2026-09-10,buy_stablecoin,-171648795,767589704983041387,0.767589704983041387,-171.648795,0,171.648795
4663:0x1b8e0107a790469fc51c58b8e79357ae93113bf882b77c3206d553dcd3b87515:31,NVDA,v3,0x1b8e0107a790469fc51c58b8e79357ae93113bf882b77c3206d553dcd3b87515,31,58966661,2026-09-10T00:14:13+00:00,2026-09-10,buy_stablecoin,-141074934,630868324046484353,0.630868324046484353,-141.074934,0,141.074934
4663:0x7cea6ff9694c2d25f58be7bcce5fa95ad65800da14f932a345c26fac0630690a:48,NVDA,v3,0x7cea6ff9694c2d25f58be7bcce5fa95ad65800da14f932a345c26fac0630690a,48,58966661,2026-09-10T00:14:13+00:00,2026-09-10,buy_stablecoin,-183226159,819363931043145649,0.819363931043145649,-183.226159,0,183.226159
4663:0x967b00ca7c0a5035bf3235a5593b5204f16cfeb16f6d6cef1f296e9bb7af3c48:18,NVDA,v3,0x967b00ca7c0a5035bf3235a5593b5204f16cfeb16f6d6cef1f296e9bb7af3c48,18,58966700,2026-09-10T00:14:17+00:00,2026-09-10,buy_stablecoin,-48041639,214836237442954833,0.214836237442954833,-48.041639,0,48.041639
4663:0x2560b9aafb12c3f1651d8b411026bdda8d317070485e65cd732b6fb6b9491b02:17,NVDA,v3,0x2560b9aafb12c3f1651d8b411026bdda8d317070485e65cd732b6fb6b9491b02,17,58966709,2026-09-10T00:14:18+00:00,2026-09-10,buy_stock,48860557,-218279889241096217,-0.218279889241096217,48.860557,0.218279889241096217,0
4663:0xb1ea0f2c1f1eb8e8f42f32158765cd9c3506d37194bfca248b333f4ab5cb864a:30,NVDA,v3,0xb1ea0f2c1f1eb8e8f42f32158765cd9c3506d37194bfca248b333f4ab5cb864a,30,58966728,2026-09-10T00:14:20+00:00,2026-09-10,buy_stock,23706030,-105904403187940681,-0.105904403187940681,23.70603,0.105904403187940681,0
4663:0xa510d655759ac5e4b24a8fa7804336af927e3eac0a030347d60c8aba288a8cc3:82,NVDA,v3,0xa510d655759ac5e4b24a8fa7804336af927e3eac0a030347d60c8aba288a8cc3,82,58966769,2026-09-10T00:14:24+00:00,2026-09-10,buy_stablecoin,-72047129,322185777357686895,0.322185777357686895,-72.047129,0,72.047129
4663:0x6cf527d8b8178de5fdcfd32e768112ad518529efc360a321896736e9e40cefb9:42,NVDA,v3,0x6cf527d8b8178de5fdcfd32e768112ad518529efc360a321896736e9e40cefb9,42,58966777,2026-09-10T00:14:25+00:00,2026-09-10,buy_stablecoin,-2123123,9494348129695950,0.00949434812969595,-2.123123,0,2.123123
4663:0xf20d436ee01f602d7c130af8ccc66fb112c46100526c0d3a02272ec80a6e0ba1:60,NVDA,v3,0xf20d436ee01f602d7c130af8ccc66fb112c46100526c0d3a02272ec80a6e0ba1,60,58966781,2026-09-10T00:14:25+00:00,2026-09-10,buy_stablecoin,-9289820,41542929200457447,0.041542929200457447,-9.28982,0,9.28982
4663:0xf222df98c98f425e0555474890271021cfdd1fa6af442457e3e5d9d7c20615e4:32,NVDA,v3,0xf222df98c98f425e0555474890271021cfdd1fa6af442457e3e5d9d7c20615e4,32,58966794,2026-09-10T00:14:27+00:00,2026-09-10,buy_stablecoin,-102118836,456663020915596268,0.456663020915596268,-102.118836,0,102.118836
4663:0x75016c29ed34297a421b40ba93c1b00e63e45a85b3cfb4fe480eacf176773ba1:109,NVDA,v3,0x75016c29ed34297a421b40ba93c1b00e63e45a85b3cfb4fe480eacf176773ba1,109,58966804,2026-09-10T00:14:28+00:00,2026-09-10,buy_stock,244381245,-1091750092403329056,-1.091750092403329056,244.381245,1.091750092403329056,0
4663:0x3e79d34d352b23a0c6a1e52b7a7c5cfac7ab83039bb9d9c7ac384348a4809c9d:112,NVDA,v3,0x3e79d34d352b23a0c6a1e52b7a7c5cfac7ab83039bb9d9c7ac384348a4809c9d,112,58966807,2026-09-10T00:14:28+00:00,2026-09-10,buy_stock,13691945,-61167412789593322,-0.061167412789593322,13.691945,0.061167412789593322,0
4663:0xbb8856a3a71af47639bc98c088e8fea1afee640cc22a304dadf6ca4e95c46e20:20,NVDA,v3,0xbb8856a3a71af47639bc98c088e8fea1afee640cc22a304dadf6ca4e95c46e20,20,58966818,2026-09-10T00:14:29+00:00,2026-09-10,buy_stablecoin,-942390334,4214262929517170582,4.214262929517170582,-942.390334,0,942.390334
4663:0x3bea86071f0f23fc3986bb561b03f4992e9e174be4eac5968d7749d57f22101a:33,NVDA,v3,0x3bea86071f0f23fc3986bb561b03f4992e9e174be4eac5968d7749d57f22101a,33,58966833,2026-09-10T00:14:31+00:00,2026-09-10,buy_stablecoin,-72586826,324601247863699867,0.324601247863699867,-72.586826,0,72.586826
4663:0x9221379ed1de466cf92dbfb8e2e474811ee5b5d841bb91cfdaf91dd44499e90b:37,NVDA,v3,0x9221379ed1de466cf92dbfb8e2e474811ee5b5d841bb91cfdaf91dd44499e90b,37,58966857,2026-09-10T00:14:33+00:00,2026-09-10,buy_stock,48837249,-218177115583224311,-0.218177115583224311,48.837249,0.218177115583224311,0
4663:0x66f62783cd78082d6cf28c853943f794f25ee8d459dccd51d4302ff05878cf82:112,NVDA,v3,0x66f62783cd78082d6cf28c853943f794f25ee8d459dccd51d4302ff05878cf82,112,58966882,2026-09-10T00:14:36+00:00,2026-09-10,buy_stock,101824814,-454895245019251788,-0.454895245019251788,101.824814,0.454895245019251788,0
4663:0x3a7bec08288aa9100ee86515a3af474a865e460ba5acd23916e49eb7d17339cf:129,NVDA,v3,0x3a7bec08288aa9100ee86515a3af474a865e460ba5acd23916e49eb7d17339cf,129,58966882,2026-09-10T00:14:36+00:00,2026-09-10,buy_stock,101824774,-454894736735338959,-0.454894736735338959,101.824774,0.454894736735338959,0
4663:0x577beeb9bb00ad09afcfd3caf9d29c7cb65d868d724d3f0c529cf659c577c6e6:146,NVDA,v3,0x577beeb9bb00ad09afcfd3caf9d29c7cb65d868d724d3f0c529cf659c577c6e6,146,58966882,2026-09-10T00:14:36+00:00,2026-09-10,buy_stock,101824734,-454894228452172636,-0.454894228452172636,101.824734,0.454894228452172636,0
4663:0xc54fad6a30cf865324df2a088b06acdbfc7b977dd0f5aeada6c72df06d3995d1:21,NVDA,v3,0xc54fad6a30cf865324df2a088b06acdbfc7b977dd0f5aeada6c72df06d3995d1,21,58966884,2026-09-10T00:14:36+00:00,2026-09-10,buy_stock,123424030,-551386992272353597,-0.551386992272353597,123.42403,0.551386992272353597,0
4663:0xcb984e8365d9f63aff20ab8f50c742369f4e5f97287043694c4470bafa25404a:39,NVDA,v3,0xcb984e8365d9f63aff20ab8f50c742369f4e5f97287043694c4470bafa25404a,39,58966885,2026-09-10T00:14:36+00:00,2026-09-10,buy_stock,67735367,-302602135180665821,-0.302602135180665821,67.735367,0.302602135180665821,0
4663:0xc5c511906c262fc611c17d923d6d77817d063d3dc072ec063988e5ad9f1f1ee8:12,NVDA,v3,0xc5c511906c262fc611c17d923d6d77817d063d3dc072ec063988e5ad9f1f1ee8,12,58966887,2026-09-10T00:14:36+00:00,2026-09-10,buy_stock,814602,-3639162890328812,-0.003639162890328812,0.814602,0.003639162890328812,0
4663:0x6bf5d4362b05057ac28535ad620b10cab4cfdaa231d0601a229b234de709a66d:28,NVDA,v3,0x6bf5d4362b05057ac28535ad620b10cab4cfdaa231d0601a229b234de709a66d,28,58966887,2026-09-10T00:14:36+00:00,2026-09-10,buy_stock,814602,-3639162869240916,-0.003639162869240916,0.814602,0.003639162869240916,0
4663:0x5b1879e99d3247329686cf224afdcbcc3768fd2714a35c7e25241f3751d648e1:44,NVDA,v3,0x5b1879e99d3247329686cf224afdcbcc3768fd2714a35c7e25241f3751d648e1,44,58966887,2026-09-10T00:14:36+00:00,2026-09-10,buy_stock,814602,-3639162848153021,-0.003639162848153021,0.814602,0.003639162848153021,0
4663:0xb5f4b48e967e4d7604f528a9c073973ded923e37e802e36961006ba0cb70115e:101,NVDA,v3,0xb5f4b48e967e4d7604f528a9c073973ded923e37e802e36961006ba0cb70115e,101,58966887,2026-09-10T00:14:36+00:00,2026-09-10,buy_stock,122093119,-545440507504704395,-0.545440507504704395,122.093119,0.545440507504704395,0
4663:0x51aeecabd103067e38e7cc17a70bdfc6044278e4ac22c21f493ba2a9d20748b1:19,NVDA,v3,0x51aeecabd103067e38e7cc17a70bdfc6044278e4ac22c21f493ba2a9d20748b1,19,58966893,2026-09-10T00:14:37+00:00,2026-09-10,buy_stablecoin,-242122765,1082745569920247000,1.082745569920247,-242.122765,0,242.122765
4663:0xde190e179aebcccddefa2b0f2f5e6716ce8ded46afa294cf4b392fdc7a870de1:24,NVDA,v3,0xde190e179aebcccddefa2b0f2f5e6716ce8ded46afa294cf4b392fdc7a870de1,24,58966898,2026-09-10T00:14:37+00:00,2026-09-10,buy_stock,49369962,-220556305032833466,-0.220556305032833466,49.369962,0.220556305032833466,0
4663:0x0af31011621f9427f471dddd0777882bb3a696e272c6d3b324adc4202e06de93:42,NVDA,v3,0x0af31011621f9427f471dddd0777882bb3a696e272c6d3b324adc4202e06de93,42,58966898,2026-09-10T00:14:37+00:00,2026-09-10,buy_stock,49369953,-220556187347492450,-0.22055618734749245,49.369953,0.22055618734749245,0
4663:0xf840367ebbbb39922d34c1b4bf55323b81bd4c23e3744e302c44265b6ae2512e:66,NVDA,v3,0xf840367ebbbb39922d34c1b4bf55323b81bd4c23e3744e302c44265b6ae2512e,66,58966900,2026-09-10T00:14:37+00:00,2026-09-10,buy_stock,48324388,-215885133552906654,-0.215885133552906654,48.324388,0.215885133552906654,0
4663:0x1b9bdab16fb3bed7117d4b7fc9d14108438bb131b43d3eb4e6ef130f6deb72d3:41,NVDA,v3,0x1b9bdab16fb3bed7117d4b7fc9d14108438bb131b43d3eb4e6ef130f6deb72d3,41,58966910,2026-09-10T00:14:38+00:00,2026-09-10,buy_stablecoin,-128274628,573629756822476877,0.573629756822476877,-128.274628,0,128.274628
4663:0xaff13c947de8d96a6eca1fb0f5aa51c4fa04dc211ebf6a1e08f5a2fc69d6ab8b:57,NVDA,v3,0xaff13c947de8d96a6eca1fb0f5aa51c4fa04dc211ebf6a1e08f5a2fc69d6ab8b,57,58966910,2026-09-10T00:14:38+00:00,2026-09-10,buy_stablecoin,-127563283,570449220700457325,0.570449220700457325,-127.563283,0,127.563283
4663:0xdbd1bc8fc9a869f4e7d881c2dcfb7afd5d3767effbfdc692838af65484b56839:73,NVDA,v3,0xdbd1bc8fc9a869f4e7d881c2dcfb7afd5d3767effbfdc692838af65484b56839,73,58966910,2026-09-10T00:14:38+00:00,2026-09-10,buy_stablecoin,-126857838,567295063553966101,0.567295063553966101,-126.857838,0,126.857838
4663:0x1e5b2436baf173d29885fbf9a359318ca1fcc99658c3f7dcb29ebf0ac78dd7ff:40,NVDA,v3,0x1e5b2436baf173d29885fbf9a359318ca1fcc99658c3f7dcb29ebf0ac78dd7ff,40,58966913,2026-09-10T00:14:39+00:00,2026-09-10,buy_stablecoin,-65326513,292133576001370231,0.292133576001370231,-65.326513,0,65.326513
4663:0x173030292428c83fd08a8955d584d3c397050d72bdbd7d9a48c987175511c239:17,NVDA,v3,0x173030292428c83fd08a8955d584d3c397050d72bdbd7d9a48c987175511c239,17,58966936,2026-09-10T00:14:41+00:00,2026-09-10,buy_stock,122174443,-545805449684868905,-0.545805449684868905,122.174443,0.545805449684868905,0
4663:0x2f5a63c8d632ebbe15438440356d5e77095546a50e14d8e2f5c3a3396c9ddf1f:7,NVDA,v3,0x2f5a63c8d632ebbe15438440356d5e77095546a50e14d8e2f5c3a3396c9ddf1f,7,58966938,2026-09-10T00:14:41+00:00,2026-09-10,buy_stock,50005118,-223394095075245751,-0.223394095075245751,50.005118,0.223394095075245751,0
4663:0x6af4e890d1c56c0658e1298cd405e283a22a20b7834f8186cfdc1a0844e57d82:31,NVDA,v3,0x6af4e890d1c56c0658e1298cd405e283a22a20b7834f8186cfdc1a0844e57d82,31,58966939,2026-09-10T00:14:41+00:00,2026-09-10,buy_stablecoin,-116986213,523150238505080470,0.52315023850508047,-116.986213,0,116.986213
4663:0x8ac6d6ca90849f834f56e5bef65a5ca290d7166e1413826b780cc6fcb59503dd:84,NVDA,v3,0x8ac6d6ca90849f834f56e5bef65a5ca290d7166e1413826b780cc6fcb59503dd,84,58966943,2026-09-10T00:14:42+00:00,2026-09-10,buy_stock,244185,-1090874746548253,-0.001090874746548253,0.244185,0.001090874746548253,0
4663:0x6ef583e5033ca561be413a0ab380e93e484ac802ecd5b74f8983ee72f478b8ab:29,NVDA,v3,0x6ef583e5033ca561be413a0ab380e93e484ac802ecd5b74f8983ee72f478b8ab,29,58966947,2026-09-10T00:14:42+00:00,2026-09-10,buy_stock,610832395,-2728843551404870039,-2.728843551404870039,610.832395,2.728843551404870039,0
4663:0x9281463962a769acf79f46390b020661db349d31b295f8505200001543202cec:43,NVDA,v3,0x9281463962a769acf79f46390b020661db349d31b295f8505200001543202cec,43,58966962,2026-09-10T00:14:44+00:00,2026-09-10,buy_stablecoin,-51815984,231714853103852341,0.231714853103852341,-51.815984,0,51.815984
4663:0x016fe5526f996d5c194b7418ef960ad7246ac5e3eb1600663f23506c66d115d8:59,NVDA,v3,0x016fe5526f996d5c194b7418ef960ad7246ac5e3eb1600663f23506c66d115d8,59,58966962,2026-09-10T00:14:44+00:00,2026-09-10,buy_stablecoin,-49524227,221466469218430776,0.221466469218430776,-49.524227,0,49.524227
4663:0xe76c76ded9245c428e492d9f15c67efd85daa13d72d0dbfe3bbb6ce122439aeb:27,NVDA,v3,0xe76c76ded9245c428e492d9f15c67efd85daa13d72d0dbfe3bbb6ce122439aeb,27,58966964,2026-09-10T00:14:44+00:00,2026-09-10,buy_stablecoin,-48675431,217670830259563341,0.217670830259563341,-48.675431,0,48.675431
4663:0x06f899833995655c58ae4db51e78a507ac3a4f0cc5c51d433809e117fdb5d20c:8,NVDA,v3,0x06f899833995655c58ae4db51e78a507ac3a4f0cc5c51d433809e117fdb5d20c,8,58966984,2026-09-10T00:14:46+00:00,2026-09-10,buy_stock,24428102,-109130405021049851,-0.109130405021049851,24.428102,0.109130405021049851,0
4663:0x0366a5340801d85cd6254f91a094a679d76b4810d3ebdec876f586e552b7bc73:11,NVDA,v3,0x0366a5340801d85cd6254f91a094a679d76b4810d3ebdec876f586e552b7bc73,11,58967029,2026-09-10T00:14:51+00:00,2026-09-10,buy_stock,244185232,-1090875124179178093,-1.090875124179178093,244.185232,1.090875124179178093,0
4663:0xed7af5047d303d1bae4d6e4b0c84aa4bb453f177afbc05ae04aa7af13d7c289d:59,NVDA,v3,0xed7af5047d303d1bae4d6e4b0c84aa4bb453f177afbc05ae04aa7af13d7c289d,59,58967030,2026-09-10T00:14:51+00:00,2026-09-10,buy_stock,244184,-1090864615236064,-0.001090864615236064,0.244184,0.001090864615236064,0
4663:0xfb049e284b858eb20ca77f2b9747597b104dd3d61b7a4053f889bf525c9d8ac3:17,NVDA,v3,0xfb049e284b858eb20ca77f2b9747597b104dd3d61b7a4053f889bf525c9d8ac3,17,58967058,2026-09-10T00:14:53+00:00,2026-09-10,buy_stablecoin,-1500136485,6708458874038531589,6.708458874038531589,-1500.136485,0,1500.136485
4663:0xcbec962e510c44e402c976b9b769c9ea1bd2a65e784e46f1cc2a70ad1fbd27c1:118,NVDA,v3,0xcbec962e510c44e402c976b9b769c9ea1bd2a65e784e46f1cc2a70ad1fbd27c1,118,58967078,2026-09-10T00:14:55+00:00,2026-09-10,buy_stablecoin,-22240037,99455740697684053,0.099455740697684053,-22.240037,0,22.240037
4663:0xa365c865e438ff4bea66604bf204c40d87ddc0546cefaa89bf1dae273b2e07f0:106,NVDA,v3,0xa365c865e438ff4bea66604bf204c40d87ddc0546cefaa89bf1dae273b2e07f0,106,58967095,2026-09-10T00:14:57+00:00,2026-09-10,buy_stablecoin,-9102006,40703477662868628,0.040703477662868628,-9.102006,0,9.102006
4663:0xfdf4096813da7955cd544e28fc6cb1bff132ebb871f4e5b0c6e78b235c981dbb:9,NVDA,v3,0xfdf4096813da7955cd544e28fc6cb1bff132ebb871f4e5b0c6e78b235c981dbb,9,58967099,2026-09-10T00:14:58+00:00,2026-09-10,buy_stablecoin,-4944466733,22111667951966577257,22.111667951966577257,-4944.466733,0,4944.466733
4663:0xd9857cf3841409f75553de30a07251ba4c3f11170b18f082e126998cd901271c:14,NVDA,v3,0xd9857cf3841409f75553de30a07251ba4c3f11170b18f082e126998cd901271c,14,58967099,2026-09-10T00:14:58+00:00,2026-09-10,buy_stablecoin,-16901028765,75587320174895603410,75.58732017489560341,-16901.028765,0,16901.028765
4663:0xbe5b3fcefa59f03ada2ad92869466138b390ed8f5da15b211f34043b02e98379:63,NVDA,v3,0xbe5b3fcefa59f03ada2ad92869466138b390ed8f5da15b211f34043b02e98379,63,58967112,2026-09-10T00:14:59+00:00,2026-09-10,buy_stablecoin,-1952160110,8731329553155084009,8.731329553155084009,-1952.16011,0,1952.16011
4663:0x002a8c8f2ca51558f5f443e6020be84740cc1559289b2132a89feb887ae22d2c:9,NVDA,v3,0x002a8c8f2ca51558f5f443e6020be84740cc1559289b2132a89feb887ae22d2c,9,58967148,2026-09-10T00:15:03+00:00,2026-09-10,buy_stock,24418365,-109106365510208228,-0.109106365510208228,24.418365,0.109106365510208228,0
4663:0xffb07dad9e733b45d00693eaa02d02966db03be3d03ef3f7a02525d86bd3ef19:14,NVDA,v3,0xffb07dad9e733b45d00693eaa02d02966db03be3d03ef3f7a02525d86bd3ef19,14,58967184,2026-09-10T00:15:06+00:00,2026-09-10,buy_stock,244182208,-1091056202048670427,-1.091056202048670427,244.182208,1.091056202048670427,0
4663:0x0abd2c5da58cfd6251395b642cba214beef69dae974c7a9242fff1beea3f923d:75,NVDA,v3,0x0abd2c5da58cfd6251395b642cba214beef69dae974c7a9242fff1beea3f923d,75,58967191,2026-09-10T00:15:07+00:00,2026-09-10,buy_stock,122090930,-545526612418772470,-0.54552661241877247,122.09093,0.54552661241877247,0
4663:0xa8d1cdc93ec713da57bebc5031aa5600f483e40eee3b9399bafaa495f98ef402:20,NVDA,v3,0xa8d1cdc93ec713da57bebc5031aa5600f483e40eee3b9399bafaa495f98ef402,20,58967205,2026-09-10T00:15:08+00:00,2026-09-10,buy_stock,48876623,-218390359525141756,-0.218390359525141756,48.876623,0.218390359525141756,0
4663:0xcb89e3f310aa31a0db442dd286997b76b73fd88f2bb21ca36693395a033a3d11:8,NVDA,v3,0xcb89e3f310aa31a0db442dd286997b76b73fd88f2bb21ca36693395a033a3d11,8,58967210,2026-09-10T00:15:09+00:00,2026-09-10,buy_stock,244382980,-1091950068460675673,-1.091950068460675673,244.38298,1.091950068460675673,0
4663:0xdc0a93d13ef4a6329ecf9eda92eb9999ce73df6964c499ec98367e00bc14ab17:78,NVDA,v3,0xdc0a93d13ef4a6329ecf9eda92eb9999ce73df6964c499ec98367e00bc14ab17,78,58967239,2026-09-10T00:15:12+00:00,2026-09-10,buy_stablecoin,-10382731,46438425538069885,0.046438425538069885,-10.382731,0,10.382731
4663:0xebfc0c0a9dcddfa121d1db0f17ea76ebebfa1c7d7e05575186ddfb83f49c0b50:33,NVDA,v3,0xebfc0c0a9dcddfa121d1db0f17ea76ebebfa1c7d7e05575186ddfb83f49c0b50,33,58967243,2026-09-10T00:15:12+00:00,2026-09-10,buy_stock,122090692,-545523976813139837,-0.545523976813139837,122.090692,0.545523976813139837,0
4663:0x2672ab0e35a428990d5b2d8bd2959bfcc86dd00fb67ce0a3ff81f640c894f2f2:8,NVDA,v3,0x2672ab0e35a428990d5b2d8bd2959bfcc86dd00fb67ce0a3ff81f640c894f2f2,8,58967255,2026-09-10T00:15:13+00:00,2026-09-10,buy_stock,244363801,-1091861608950359922,-1.091861608950359922,244.363801,1.091861608950359922,0
4663:0x26bbd008cf23b5ad4abb882e4f2f51105ab7b75714d38f5d7ca1ed9f56c7add4:13,NVDA,v3,0x26bbd008cf23b5ad4abb882e4f2f51105ab7b75714d38f5d7ca1ed9f56c7add4,13,58967257,2026-09-10T00:15:14+00:00,2026-09-10,buy_stock,72568824,-324250247671357821,-0.324250247671357821,72.568824,0.324250247671357821,0
4663:0x33f75662d59b528c379150dd15eae4cf1bed405d561804c66034fe65baf92e60:21,NVDA,v3,0x33f75662d59b528c379150dd15eae4cf1bed405d561804c66034fe65baf92e60,21,58967260,2026-09-10T00:15:14+00:00,2026-09-10,buy_stablecoin,-1955875585,8748000000000000000,8.748,-1955.875585,0,1955.875585
4663:0x392d9f53339cc55ca6e634b967d1d74824d6fe46538c80429267ec1fae538c39:12,NVDA,v3,0x392d9f53339cc55ca6e634b967d1d74824d6fe46538c80429267ec1fae538c39,12,58967289,2026-09-10T00:15:17+00:00,2026-09-10,buy_stablecoin,-82843518,370534997236621451,0.370534997236621451,-82.843518,0,82.843518
4663:0x40340a0c2a1478ce13fa96b621d4b10921f36fc304af9d163479449489f93d6c:31,NVDA,v3,0x40340a0c2a1478ce13fa96b621d4b10921f36fc304af9d163479449489f93d6c,31,58967289,2026-09-10T00:15:17+00:00,2026-09-10,buy_stablecoin,-75777657,338931644372743774,0.338931644372743774,-75.777657,0,75.777657
4663:0xbff9f12471557219ce7c256e44a14a040fad95568aae15128817debcc39e7f1e:48,NVDA,v3,0xbff9f12471557219ce7c256e44a14a040fad95568aae15128817debcc39e7f1e,48,58967289,2026-09-10T00:15:17+00:00,2026-09-10,buy_stablecoin,-69578810,311206148309748886,0.311206148309748886,-69.57881,0,69.57881
4663:0xb0c024e754d5158ae3fbc723cdf886af5cd77a89ac23c7a0021aebc6a2b1bc97:25,NVDA,v3,0xb0c024e754d5158ae3fbc723cdf886af5cd77a89ac23c7a0021aebc6a2b1bc97,25,58967297,2026-09-10T00:15:18+00:00,2026-09-10,buy_stock,16290975,-72792043645416024,-0.072792043645416024,16.290975,0.072792043645416024,0
4663:0x80621d6c949ef3dc6a20efa9a4018e74158d882fd3ab1eea7a472d057f04d31c:42,NVDA,v3,0x80621d6c949ef3dc6a20efa9a4018e74158d882fd3ab1eea7a472d057f04d31c,42,58967297,2026-09-10T00:15:18+00:00,2026-09-10,buy_stock,16290974,-72792030738525060,-0.07279203073852506,16.290974,0.07279203073852506,0
4663:0x4d3035a6fd51c7acbc0a523f65ccf2b81196a4699068e1bba92257079b1fd1b9:59,NVDA,v3,0x4d3035a6fd51c7acbc0a523f65ccf2b81196a4699068e1bba92257079b1fd1b9,59,58967297,2026-09-10T00:15:18+00:00,2026-09-10,buy_stock,16290973,-72792017831637117,-0.072792017831637117,16.290973,0.072792017831637117,0
4663:0x607727a634eb97c627a95643ce1370ce42457a970c8ea7d4cd3efe5a6cb8963f:93,NVDA,v3,0x607727a634eb97c627a95643ce1370ce42457a970c8ea7d4cd3efe5a6cb8963f,93,58967320,2026-09-10T00:15:20+00:00,2026-09-10,buy_stablecoin,-285033595,1274875037363313414,1.274875037363313414,-285.033595,0,285.033595
4663:0x7ae15d26dcba5458393ba198d5dd7cf30869506190c4589ffc32b5b6afd019d5:111,NVDA,v3,0x7ae15d26dcba5458393ba198d5dd7cf30869506190c4589ffc32b5b6afd019d5,111,58967320,2026-09-10T00:15:20+00:00,2026-09-10,buy_stablecoin,-251660287,1125607775300091904,1.125607775300091904,-251.660287,0,251.660287
4663:0x03a9e1c4af023756aa613be2bc637ff20459361125f881831ca09b8e638da5c2:128,NVDA,v3,0x03a9e1c4af023756aa613be2bc637ff20459361125f881831ca09b8e638da5c2,128,58967320,2026-09-10T00:15:20+00:00,2026-09-10,buy_stablecoin,-223824117,1001105880675636627,1.001105880675636627,-223.824117,0,223.824117
4663:0x8f978c6d0069ed72921a8435526d4c1c58be1a2bddd134a9d528e95b1ba9e30c:12,NVDA,v3,0x8f978c6d0069ed72921a8435526d4c1c58be1a2bddd134a9d528e95b1ba9e30c,12,58967330,2026-09-10T00:15:21+00:00,2026-09-10,buy_stock,4887298,-21837748291996483,-0.021837748291996483,4.887298,0.021837748291996483,0
4663:0x5fae86c44808517d9aab08a34e51f8c78b4eb2b23b4153149c7d2c15f9558584:19,NVDA,v3,0x5fae86c44808517d9aab08a34e51f8c78b4eb2b23b4153149c7d2c15f9558584,19,58967339,2026-09-10T00:15:22+00:00,2026-09-10,buy_stock,24436499,-109188774775722072,-0.109188774775722072,24.436499,0.109188774775722072,0
4663:0xc175e3e06c204547de2bdf2d82f56356d9bc678a5a0ecb115311bc3bfea6ecca:62,NVDA,v3,0xc175e3e06c204547de2bdf2d82f56356d9bc678a5a0ecb115311bc3bfea6ecca,62,58967376,2026-09-10T00:15:26+00:00,2026-09-10,buy_stock,814550,-3639622518609058,-0.003639622518609058,0.81455,0.003639622518609058,0
4663:0x3286f1ce749cbc2b8124b05c33a32d88d13f1657511779dc1de600834ad07273:78,NVDA,v3,0x3286f1ce749cbc2b8124b05c33a32d88d13f1657511779dc1de600834ad07273,78,58967376,2026-09-10T00:15:26+00:00,2026-09-10,buy_stock,814550,-3639622497517840,-0.00363962249751784,0.81455,0.00363962249751784,0
4663:0x7a984155ab5bb46cb097632c37dbf6c703e520ff614dd8b8e61fc3c458027a1d:94,NVDA,v3,0x7a984155ab5bb46cb097632c37dbf6c703e520ff614dd8b8e61fc3c458027a1d,94,58967376,2026-09-10T00:15:26+00:00,2026-09-10,buy_stock,814550,-3639622476426622,-0.003639622476426622,0.81455,0.003639622476426622,0
4663:0x87729efd2a8ad8293146a49b209a116491427fb2a7091121ecb377f7c1f84f0a:8,NVDA,v3,0x87729efd2a8ad8293146a49b209a116491427fb2a7091121ecb377f7c1f84f0a,8,58967397,2026-09-10T00:15:28+00:00,2026-09-10,buy_stock,244362092,-1091873765034090916,-1.091873765034090916,244.362092,1.091873765034090916,0
4663:0x20c5527e46274f9007dbb81842f1e7459ab215647193b68dc2386e70c56b7cb3:61,NVDA,v3,0x20c5527e46274f9007dbb81842f1e7459ab215647193b68dc2386e70c56b7cb3,61,58967400,2026-09-10T00:15:28+00:00,2026-09-10,buy_stablecoin,-4749847763,21245142857142857142,21.245142857142857142,-4749.847763,0,4749.847763
4663:0xe16b21b80ed56396b38d6e615d4dc2a67f5c5d14433422c17e08c4551796cc50:14,NVDA,v3,0xe16b21b80ed56396b38d6e615d4dc2a67f5c5d14433422c17e08c4551796cc50,14,58967411,2026-09-10T00:15:29+00:00,2026-09-10,buy_stablecoin,-317724953,1421147394462392956,1.421147394462392956,-317.724953,0,317.724953
4663:0x4d0959e87cf9bdd9e68b8e0b11fb7b78a4fa3b788611a545e355077018eeb6dd:39,NVDA,v3,0x4d0959e87cf9bdd9e68b8e0b11fb7b78a4fa3b788611a545e355077018eeb6dd,39,58967411,2026-09-10T00:15:29+00:00,2026-09-10,buy_stablecoin,-289380849,1294370251124696489,1.294370251124696489,-289.380849,0,289.380849
4663:0x346ababfc4b8aa7657a1e30e4a45bf7b6d04b58f157f61e7e546ded2e96d5f9b:10,NVDA,v3,0x346ababfc4b8aa7657a1e30e4a45bf7b6d04b58f157f61e7e546ded2e96d5f9b,10,58967414,2026-09-10T00:15:29+00:00,2026-09-10,buy_stock,244368353,-1091941478083729342,-1.091941478083729342,244.368353,1.091941478083729342,0
4663:0x475373ad5feb52dc92fd6e3c8b9f00d904ad79292199a9f70f3bf31ce5a1fbf3:11,NVDA,v3,0x475373ad5feb52dc92fd6e3c8b9f00d904ad79292199a9f70f3bf31ce5a1fbf3,11,58967417,2026-09-10T00:15:30+00:00,2026-09-10,buy_stock,244190,-1091139529508607,-0.001091139529508607,0.24419,0.001091139529508607,0
4663:0x721ea005f0bb05d332b6a6bb381cc3d7197a8dd290b03c6f07a4b8d79157c255:112,NVDA,v3,0x721ea005f0bb05d332b6a6bb381cc3d7197a8dd290b03c6f07a4b8d79157c255,112,58967422,2026-09-10T00:15:30+00:00,2026-09-10,buy_stablecoin,-277411930,1240834876098870707,1.240834876098870707,-277.41193,0,277.41193
4663:0xb5f4f003c7c4bb1e8660254cf0cd24a4e53446dc65610a58f2405dbfc1288d7c:34,NVDA,v3,0xb5f4f003c7c4bb1e8660254cf0cd24a4e53446dc65610a58f2405dbfc1288d7c,34,58967450,2026-09-10T00:15:33+00:00,2026-09-10,buy_stock,234258894,-1046768410177829058,-1.046768410177829058,234.258894,1.046768410177829058,0
4663:0x6087300ab6e9861a3554acbf42646dcc7ac9fdff942457f3028aaa21f19ecb96:8,NVDA,v3,0x6087300ab6e9861a3554acbf42646dcc7ac9fdff942457f3028aaa21f19ecb96,8,58967454,2026-09-10T00:15:34+00:00,2026-09-10,buy_stock,244366427,-1091931308133110733,-1.091931308133110733,244.366427,1.091931308133110733,0
4663:0xbdfe7f4c093ae4868ae39834924d5664855b11e4b592e84e54799d9a0260b542:28,NVDA,v3,0xbdfe7f4c093ae4868ae39834924d5664855b11e4b592e84e54799d9a0260b542,28,58967454,2026-09-10T00:15:34+00:00,2026-09-10,buy_stock,234258329,-1046762319910688872,-1.046762319910688872,234.258329,1.046762319910688872,0
4663:0x44e1bd852137faaa7fbad8f3d945d233982e8c927188657c941e8c1ca6375fb8:44,NVDA,v3,0x44e1bd852137faaa7fbad8f3d945d233982e8c927188657c941e8c1ca6375fb8,44,58967469,2026-09-10T00:15:36+00:00,2026-09-10,buy_stock,122183074,-545963408637237380,-0.54596340863723738,122.183074,0.54596340863723738,0
4663:0x00106cfa026ca4bc575fb8dc72f33bc4720e6959a0bb45d7da2f1f396dcb57de:79,NVDA,v3,0x00106cfa026ca4bc575fb8dc72f33bc4720e6959a0bb45d7da2f1f396dcb57de,79,58967481,2026-09-10T00:15:37+00:00,2026-09-10,buy_stablecoin,-52018543,232672455745966040,0.23267245574596604,-52.018543,0,52.018543
4663:0x02eafffaf844d9f9d6ad0155ca20fc37d87825470cd6aaa43d9128ab794509db:8,NVDA,v3,0x02eafffaf844d9f9d6ad0155ca20fc37d87825470cd6aaa43d9128ab794509db,8,58967509,2026-09-10T00:15:40+00:00,2026-09-10,buy_stock,814552,-3639744427539827,-0.003639744427539827,0.814552,0.003639744427539827,0
4663:0xaaefa8f960865492d18579167c8b872a2788c6fd7243eb9ebd3bccc02bb99f91:24,NVDA,v3,0xaaefa8f960865492d18579167c8b872a2788c6fd7243eb9ebd3bccc02bb99f91,24,58967509,2026-09-10T00:15:40+00:00,2026-09-10,buy_stock,814552,-3639744406447524,-0.003639744406447524,0.814552,0.003639744406447524,0
4663:0x14006092c1b93a968ba1826b8594319b1e9c424f29daf8786e9c74040f562fc3:40,NVDA,v3,0x14006092c1b93a968ba1826b8594319b1e9c424f29daf8786e9c74040f562fc3,40,58967509,2026-09-10T00:15:40+00:00,2026-09-10,buy_stock,814552,-3639744385355221,-0.003639744385355221,0.814552,0.003639744385355221,0
4663:0xf13c87dc31c1c849896e0b8c7a1172c9fb798d8dbae636d2172881f51968b7e4:58,NVDA,v3,0xf13c87dc31c1c849896e0b8c7a1172c9fb798d8dbae636d2172881f51968b7e4,58,58967517,2026-09-10T00:15:41+00:00,2026-09-10,buy_stock,24419092,-109114362753618962,-0.109114362753618962,24.419092,0.109114362753618962,0
4663:0xe4c90bea6d613997340d347c900fd754e8f54e62aa3ec71b917a20078af71161:9,NVDA,v3,0xe4c90bea6d613997340d347c900fd754e8f54e62aa3ec71b917a20078af71161,9,58967547,2026-09-10T00:15:44+00:00,2026-09-10,buy_stock,2443680,-10919347369166545,-0.010919347369166545,2.44368,0.010919347369166545,0
4663:0x7cecb2b3004caa6c73842a2a409d75b9b696904b4df9679fcd82c7c36732e92a:89,NVDA,v3,0x7cecb2b3004caa6c73842a2a409d75b9b696904b4df9679fcd82c7c36732e92a,89,58967570,2026-09-10T00:15:46+00:00,2026-09-10,buy_stock,24436744,-109193217365670906,-0.109193217365670906,24.436744,0.109193217365670906,0
4663:0xcd7c99ad900e3e597e25c1e2f2e93fd6fb56daaa49f1b356b96993f453ff8a07:53,NVDA,v3,0xcd7c99ad900e3e597e25c1e2f2e93fd6fb56daaa49f1b356b96993f453ff8a07,53,58967581,2026-09-10T00:15:47+00:00,2026-09-10,buy_stock,73310406,-327580320557976663,-0.327580320557976663,73.310406,0.327580320557976663,0
4663:0x400f0e027e9d45bc9f416f420898fde17fcffbd033e284cfa39ff8477ae0f62e:34,NVDA,v3,0x400f0e027e9d45bc9f416f420898fde17fcffbd033e284cfa39ff8477ae0f62e,34,58967589,2026-09-10T00:15:48+00:00,2026-09-10,buy_stock,122183998,-545966773574154124,-0.545966773574154124,122.183998,0.545966773574154124,0
4663:0x4a8849c35d880a5922ffc7268f68b508e922aab0d1237e3e997309a6de398a80:20,NVDA,v3,0x4a8849c35d880a5922ffc7268f68b508e922aab0d1237e3e997309a6de398a80,20,58967626,2026-09-10T00:15:52+00:00,2026-09-10,buy_stablecoin,-107150839,479271760191904025,0.479271760191904025,-107.150839,0,107.150839
4663:0xc9908e89c188ccc94a58c53b3001095aa5d18aca7577e64775c785acc97c8df5:32,NVDA,v3,0xc9908e89c188ccc94a58c53b3001095aa5d18aca7577e64775c785acc97c8df5,32,58967629,2026-09-10T00:15:52+00:00,2026-09-10,buy_stablecoin,-111923948,500621647380467835,0.500621647380467835,-111.923948,0,111.923948
4663:0x90c89892cc5fca932d3be558c3e9db869128fa39fbeef9fd38f3a173fc08c315:16,NVDA,v3,0x90c89892cc5fca932d3be558c3e9db869128fa39fbeef9fd38f3a173fc08c315,16,58967640,2026-09-10T00:15:53+00:00,2026-09-10,buy_stablecoin,-160084626,716038952041753391,0.716038952041753391,-160.084626,0,160.084626
4663:0x50cbf5a1cef0061854ad0787c203cda61138aa05e073a72247fecadc6dc0b22b:8,NVDA,v3,0x50cbf5a1cef0061854ad0787c203cda61138aa05e073a72247fecadc6dc0b22b,8,58967684,2026-09-10T00:15:58+00:00,2026-09-10,buy_stock,49488401,-221134346959742117,-0.221134346959742117,49.488401,0.221134346959742117,0
4663:0x16ccec290482d519729b9986a5dd3a6d7e83af2c0f5393b33f45847cbd36ca00:28,NVDA,v3,0x16ccec290482d519729b9986a5dd3a6d7e83af2c0f5393b33f45847cbd36ca00,28,58967686,2026-09-10T00:15:58+00:00,2026-09-10,buy_stablecoin,-150899889,674957254744935107,0.674957254744935107,-150.899889,0,150.899889
4663:0x0150989fd27a577f1659355cd70f465ef3a21fa8675dbb4b50a062df9b320038:79,NVDA,v3,0x0150989fd27a577f1659355cd70f465ef3a21fa8675dbb4b50a062df9b320038,79,58967690,2026-09-10T00:15:58+00:00,2026-09-10,buy_stablecoin,-6296206,28162196663927270,0.02816219666392727,-6.296206,0,6.296206
4663:0xa1e6e67bd3392e1912cf0b76553ee03ad1efd5de83d144e979151a2605e66ae4:90,NVDA,v3,0xa1e6e67bd3392e1912cf0b76553ee03ad1efd5de83d144e979151a2605e66ae4,90,58967690,2026-09-10T00:15:58+00:00,2026-09-10,buy_stablecoin,-6260474,28002374374754240,0.02800237437475424,-6.260474,0,6.260474
4663:0x5f8f3e8d377e7c9015f397ad3a5c5f97e8190061bfde1e59e39fb250125ada8c:101,NVDA,v3,0x5f8f3e8d377e7c9015f397ad3a5c5f97e8190061bfde1e59e39fb250125ada8c,101,58967690,2026-09-10T00:15:58+00:00,2026-09-10,buy_stablecoin,-6269100,28040961113018409,0.028040961113018409,-6.2691,0,6.2691
4663:0x62fb1056e2aac873d76c9d7a99a00341ccbc5ad37cb3321b70a65491cda5e792:121,NVDA,v3,0x62fb1056e2aac873d76c9d7a99a00341ccbc5ad37cb3321b70a65491cda5e792,121,58967690,2026-09-10T00:15:58+00:00,2026-09-10,buy_stablecoin,-76188141,340780813206961174,0.340780813206961174,-76.188141,0,76.188141
4663:0x9291ebde4700e22da183bf6e9cb405cc885dd845d36a6c67f728909273ffd8cc:10,NVDA,v3,0x9291ebde4700e22da183bf6e9cb405cc885dd845d36a6c67f728909273ffd8cc,10,58967697,2026-09-10T00:15:59+00:00,2026-09-10,buy_stablecoin,-2708159,12113289834751216,0.012113289834751216,-2.708159,0,2.708159
4663:0x2e4f8f2aa490b4e0cae5e39a58cbf1eaa3f4dee968481e099729c7a4896c8b8b:30,NVDA,v3,0x2e4f8f2aa490b4e0cae5e39a58cbf1eaa3f4dee968481e099729c7a4896c8b8b,30,58967697,2026-09-10T00:15:59+00:00,2026-09-10,buy_stock,9773458,-43671861542569461,-0.043671861542569461,9.773458,0.043671861542569461,0
4663:0xf4741943144144b18f10b216c68df5d0124537bf4a9dee040867026822db2688:36,NVDA,v3,0xf4741943144144b18f10b216c68df5d0124537bf4a9dee040867026822db2688,36,58967712,2026-09-10T00:16:00+00:00,2026-09-10,buy_stablecoin,-8645105,38668575418018398,0.038668575418018398,-8.645105,0,8.645105
4663:0x79787261de89f1913b3d78767f947db9cea14ef0b49f41c9e0604cb4cc40182c:48,NVDA,v3,0x79787261de89f1913b3d78767f947db9cea14ef0b49f41c9e0604cb4cc40182c,48,58967732,2026-09-10T00:16:02+00:00,2026-09-10,buy_stablecoin,-14476890,64753490169651269,0.064753490169651269,-14.47689,0,14.47689
4663:0xb4501d03d13e405d6c27e61e54d8e3d02d6159b7bd7c5d9d16197fb19459cb5c:15,NVDA,v3,0xb4501d03d13e405d6c27e61e54d8e3d02d6159b7bd7c5d9d16197fb19459cb5c,15,58967741,2026-09-10T00:16:03+00:00,2026-09-10,buy_stablecoin,-7090224,31713775119994792,0.031713775119994792,-7.090224,0,7.090224
4663:0x11a491fffd075e61097483935481a3afefc7264f648fde3e04fbe2c6ff91c651:15,NVDA,v3,0x11a491fffd075e61097483935481a3afefc7264f648fde3e04fbe2c6ff91c651,15,58967747,2026-09-10T00:16:04+00:00,2026-09-10,buy_stablecoin,-12627810,56482772373855206,0.056482772373855206,-12.62781,0,12.62781
4663:0x053edca511fba38b4184edb1fedfbd9937cbbba249a6bdaa867e60124233eb69:21,NVDA,v3,0x053edca511fba38b4184edb1fedfbd9937cbbba249a6bdaa867e60124233eb69,21,58967752,2026-09-10T00:16:05+00:00,2026-09-10,buy_stablecoin,-122092188,546104875715467870,0.54610487571546787,-122.092188,0,122.092188
4663:0x6494e6bcc3c8aa5734aff5050bf3bdbc07e51d02af5b0652fc6a4a0eb0fe1345:8,NVDA,v3,0x6494e6bcc3c8aa5734aff5050bf3bdbc07e51d02af5b0652fc6a4a0eb0fe1345,8,58967754,2026-09-10T00:16:05+00:00,2026-09-10,buy_stock,610808829,-2729344286691998552,-2.729344286691998552,610.808829,2.729344286691998552,0
4663:0x60f0057199d6ad146f85686cae94f01016ac6345fee98263a3bcd6f74c4af765:24,NVDA,v3,0x60f0057199d6ad146f85686cae94f01016ac6345fee98263a3bcd6f74c4af765,24,58967754,2026-09-10T00:16:05+00:00,2026-09-10,buy_stock,610807401,-2729326046781526542,-2.729326046781526542,610.807401,2.729326046781526542,0
4663:0x736a505d5184ce83b199091316dd4e02e8288e3affeba384b7429b2349c2d5e0:3,NVDA,v3,0x736a505d5184ce83b199091316dd4e02e8288e3affeba384b7429b2349c2d5e0,3,58967757,2026-09-10T00:16:05+00:00,2026-09-10,buy_stock,9950000,-44460388280322961,-0.044460388280322961,9.95,0.044460388280322961,0
4663:0x2e9c5eef1476cd472cca3188de33c2861b7a9a98d566ac8e2d6970b36e15a3fe:37,NVDA,v3,0x2e9c5eef1476cd472cca3188de33c2861b7a9a98d566ac8e2d6970b36e15a3fe,37,58967758,2026-09-10T00:16:05+00:00,2026-09-10,buy_stablecoin,-202360024,905127152435618223,0.905127152435618223,-202.360024,0,202.360024
4663:0x4e04c784b50621f91ae1034e86f9ed813fb6b551369eda18a36edf7e3a0fbd8a:11,NVDA,v3,0x4e04c784b50621f91ae1034e86f9ed813fb6b551369eda18a36edf7e3a0fbd8a,11,58967759,2026-09-10T00:16:05+00:00,2026-09-10,buy_stablecoin,-35674330,159566262430582175,0.159566262430582175,-35.67433,0,35.67433
4663:0xa58558b31ec9ea16b6490bc71ef7a36b132f25eb2ff3f211c45811283061e955:58,NVDA,v3,0xa58558b31ec9ea16b6490bc71ef7a36b132f25eb2ff3f211c45811283061e955,58,58967759,2026-09-10T00:16:05+00:00,2026-09-10,buy_stablecoin,-278440726,1245427588525967193,1.245427588525967193,-278.440726,0,278.440726
4663:0x49fdb4271e144ed68c441b20c1ad1e909cdaf4ee35b91fde652d58155654d1f1:16,NVDA,v3,0x49fdb4271e144ed68c441b20c1ad1e909cdaf4ee35b91fde652d58155654d1f1,16,58967761,2026-09-10T00:16:05+00:00,2026-09-10,buy_stablecoin,-13153139,58832271087915434,0.058832271087915434,-13.153139,0,13.153139
4663:0xf9aadc7dad52926013be63e47fb2ebe08075a795cef4344a3c837660dd0dd135:32,NVDA,v3,0xf9aadc7dad52926013be63e47fb2ebe08075a795cef4344a3c837660dd0dd135,32,58967762,2026-09-10T00:16:06+00:00,2026-09-10,buy_stablecoin,-56663186,253447071482973972,0.253447071482973972,-56.663186,0,56.663186
4663:0xefacdc2a98b339334ba9c7fb4a3850a3cb8ad2269d9f485560e01d3cfb1aee39:16,NVDA,v3,0xefacdc2a98b339334ba9c7fb4a3850a3cb8ad2269d9f485560e01d3cfb1aee39,16,58967766,2026-09-10T00:16:06+00:00,2026-09-10,buy_stock,65191787,-291302862206622384,-0.291302862206622384,65.191787,0.291302862206622384,0
4663:0x618dde46ca015f6ea68142a8eef6a148c10f10da4699732e2445712deb8b0a7d:32,NVDA,v3,0x618dde46ca015f6ea68142a8eef6a148c10f10da4699732e2445712deb8b0a7d,32,58967766,2026-09-10T00:16:06+00:00,2026-09-10,buy_stock,58144360,-259812035017128346,-0.259812035017128346,58.14436,0.259812035017128346,0
4663:0xfff016ce417c496bb355e473652169efcf96eb5ee3bbf02625265e9dc8cfd969:48,NVDA,v3,0xfff016ce417c496bb355e473652169efcf96eb5ee3bbf02625265e9dc8cfd969,48,58967766,2026-09-10T00:16:06+00:00,2026-09-10,buy_stock,47518733,-212332444476690594,-0.212332444476690594,47.518733,0.212332444476690594,0
4663:0xf790f987081a2a9864781fa2613691392647c1cdd0d854b7bbdbbc5132dd3427:64,NVDA,v3,0xf790f987081a2a9864781fa2613691392647c1cdd0d854b7bbdbbc5132dd3427,64,58967766,2026-09-10T00:16:06+00:00,2026-09-10,buy_stock,73467903,-328283435476584133,-0.328283435476584133,73.467903,0.328283435476584133,0
4663:0xa23777a6e59c7c3909a2f8b94047da4699eb9c70f2b2fa172da89bbd0f41b1c4:10,NVDA,v3,0xa23777a6e59c7c3909a2f8b94047da4699eb9c70f2b2fa172da89bbd0f41b1c4,10,58967781,2026-09-10T00:16:07+00:00,2026-09-10,buy_stablecoin,-21035540,94089103383306284,0.094089103383306284,-21.03554,0,21.03554
4663:0x6f895f54cc03df6547a03145103a9587f5201ff1df1a4ea600e649b74f3a1ab7:32,NVDA,v3,0x6f895f54cc03df6547a03145103a9587f5201ff1df1a4ea600e649b74f3a1ab7,32,58967797,2026-09-10T00:16:09+00:00,2026-09-10,buy_stock,195457504,-873380162895108066,-0.873380162895108066,195.457504,0.873380162895108066,0
4663:0xc6d6a6a2b45799880302fa41414c2d6392316435eb82229bf5c89bd2e3f35d81:155,NVDA,v3,0xc6d6a6a2b45799880302fa41414c2d6392316435eb82229bf5c89bd2e3f35d81,155,58967812,2026-09-10T00:16:11+00:00,2026-09-10,buy_stablecoin,-137947775,617021067737586504,0.617021067737586504,-137.947775,0,137.947775
4663:0xde32946c66112695b22bff446e98d1f42ff7321b955787ce9afbec4851b41e93:35,NVDA,v3,0xde32946c66112695b22bff446e98d1f42ff7321b955787ce9afbec4851b41e93,35,58967837,2026-09-10T00:16:13+00:00,2026-09-10,buy_stablecoin,-2710387,12123188582999345,0.012123188582999345,-2.710387,0,2.710387
4663:0x44f424c7731e8125958f61148c48ab4acaa7b7f9495fccf61f4cdb6577745fb1:33,NVDA,v3,0x44f424c7731e8125958f61148c48ab4acaa7b7f9495fccf61f4cdb6577745fb1,33,58967838,2026-09-10T00:16:13+00:00,2026-09-10,buy_stablecoin,-191445498,856309901111204521,0.856309901111204521,-191.445498,0,191.445498
4663:0x1b773a961f105524f723e61ff7b884915df94753d2bd09f443cec256d2512335:25,NVDA,v3,0x1b773a961f105524f723e61ff7b884915df94753d2bd09f443cec256d2512335,25,58967839,2026-09-10T00:16:13+00:00,2026-09-10,buy_stablecoin,-453568036,2028753330349633965,2.028753330349633965,-453.568036,0,453.568036
4663:0xde2c4ac49a116b3966e4180008f339033139c4bd04201e84fcb3e67391f7de58:42,NVDA,v3,0xde2c4ac49a116b3966e4180008f339033139c4bd04201e84fcb3e67391f7de58,42,58967840,2026-09-10T00:16:13+00:00,2026-09-10,buy_stablecoin,-4929189,22047684674664940,0.02204768467466494,-4.929189,0,4.929189
4663:0x51e358ce0fc3cde4f27d148581f4aae42b90c49806d5a5efacd0ad8e15e7e60a:8,NVDA,v3,0x51e358ce0fc3cde4f27d148581f4aae42b90c49806d5a5efacd0ad8e15e7e60a,8,58967865,2026-09-10T00:16:16+00:00,2026-09-10,buy_stock,610789474,-2729252506893315431,-2.729252506893315431,610.789474,2.729252506893315431,0
4663:0x8321274e433223d27205aa0dd2b2e3393aab65d68d18ebbe86a033867932ac2a:24,NVDA,v3,0x8321274e433223d27205aa0dd2b2e3393aab65d68d18ebbe86a033867932ac2a,24,58967865,2026-09-10T00:16:16+00:00,2026-09-10,buy_stock,610788050,-2729234281193179209,-2.729234281193179209,610.78805,2.729234281193179209,0
4663:0x884965ef8332dc6f101f78effb8c4ea7d74152c39efa9b3844c7cf377ed391c6:12,NVDA,v3,0x884965ef8332dc6f101f78effb8c4ea7d74152c39efa9b3844c7cf377ed391c6,12,58967866,2026-09-10T00:16:16+00:00,2026-09-10,buy_stock,122157384,-545844422749052378,-0.545844422749052378,122.157384,0.545844422749052378,0
4663:0xfd968cc098b2f07d65f29b1ccec8c4dbc902ba0e1e5593ecc38ed6c3e755821a:30,NVDA,v3,0xfd968cc098b2f07d65f29b1ccec8c4dbc902ba0e1e5593ecc38ed6c3e755821a,30,58967866,2026-09-10T00:16:16+00:00,2026-09-10,buy_stablecoin,-218868781,978965817220906218,0.978965817220906218,-218.868781,0,218.868781
4663:0x92d831226a170af56c3c9d88e3422757b83b8e7d12a812da7c298ac6a6d9e1d2:11,NVDA,v3,0x92d831226a170af56c3c9d88e3422757b83b8e7d12a812da7c298ac6a6d9e1d2,11,58967908,2026-09-10T00:16:20+00:00,2026-09-10,buy_stablecoin,-92825147,415192822176172882,0.415192822176172882,-92.825147,0,92.825147
4663:0xd40d68dc36c662e188f94e70cc3ac0acd9de79375c8a570c8509fd8cd02351bf:32,NVDA,v3,0xd40d68dc36c662e188f94e70cc3ac0acd9de79375c8a570c8509fd8cd02351bf,32,58967911,2026-09-10T00:16:21+00:00,2026-09-10,buy_stock,122158732,-545851181295447701,-0.545851181295447701,122.158732,0.545851181295447701,0
4663:0x30c11e1f6bf96583fb27528b454598fa5ba3b633defd9d1c6b43a92b23aa609a:41,NVDA,v3,0x30c11e1f6bf96583fb27528b454598fa5ba3b633defd9d1c6b43a92b23aa609a,41,58967913,2026-09-10T00:16:21+00:00,2026-09-10,buy_stock,1221584191,-5458471764707250582,-5.458471764707250582,1221.584191,5.458471764707250582,0
4663:0x904778697de05ac44b257aad8f50a2b55981926241b53a175765dd40fb09af8a:30,NVDA,v3,0x904778697de05ac44b257aad8f50a2b55981926241b53a175765dd40fb09af8a,30,58967919,2026-09-10T00:16:21+00:00,2026-09-10,buy_stablecoin,-503405776,2251641028376125814,2.251641028376125814,-503.405776,0,503.405776
4663:0x39ff556ecdd8324290e62abc5d1a618e78a776762a76ec3ec8daf8eef3b5eb35:22,NVDA,v3,0x39ff556ecdd8324290e62abc5d1a618e78a776762a76ec3ec8daf8eef3b5eb35,22,58967924,2026-09-10T00:16:22+00:00,2026-09-10,buy_stock,1221584399,-5458444815289703079,-5.458444815289703079,1221.584399,5.458444815289703079,0
4663:0xaf46d31fa4839258b085120a03924390f6c07e9f5040e399531e93f4807f26e4:10,NVDA,v3,0xaf46d31fa4839258b085120a03924390f6c07e9f5040e399531e93f4807f26e4,10,58967931,2026-09-10T00:16:23+00:00,2026-09-10,buy_stock,48863225,-218336129784388948,-0.218336129784388948,48.863225,0.218336129784388948,0
4663:0xeab3c03380855bcee32b7430977b9750b9ef79736c306bd787426ece64e59bcc:9,NVDA,v3,0xeab3c03380855bcee32b7430977b9750b9ef79736c306bd787426ece64e59bcc,9,58967941,2026-09-10T00:16:24+00:00,2026-09-10,buy_stock,12207594,-54547325227258583,-0.054547325227258583,12.207594,0.054547325227258583,0
4663:0x3c9778c3335191ee7eae107b2d2bfc19afe055f9dd78942745c2b15783bc8fc8:16,NVDA,v3,0x3c9778c3335191ee7eae107b2d2bfc19afe055f9dd78942745c2b15783bc8fc8,16,58967947,2026-09-10T00:16:24+00:00,2026-09-10,buy_stock,97726820,-436673648047657770,-0.43667364804765777,97.72682,0.43667364804765777,0
4663:0x6b5b8102db1b5189a7b07d1b53fc4f4706720a85a185a8e1c07aeb90b5b80377:35,NVDA,v3,0x6b5b8102db1b5189a7b07d1b53fc4f4706720a85a185a8e1c07aeb90b5b80377,35,58967947,2026-09-10T00:16:24+00:00,2026-09-10,buy_stock,97726783,-436673179038504839,-0.436673179038504839,97.726783,0.436673179038504839,0
4663:0x328829de089b769bc3dca4a738d1c3b800effc5b25838a27c479b26a835970fa:57,NVDA,v3,0x328829de089b769bc3dca4a738d1c3b800effc5b25838a27c479b26a835970fa,57,58967958,2026-09-10T00:16:25+00:00,2026-09-10,buy_stablecoin,-17125345,76597842056130641,0.076597842056130641,-17.125345,0,17.125345
4663:0x68b6ef7d8665770c5832b71433011460499bebab5c9d8290bd642d956c07b719:9,NVDA,v3,0x68b6ef7d8665770c5832b71433011460499bebab5c9d8290bd642d956c07b719,9,58967968,2026-09-10T00:16:26+00:00,2026-09-10,buy_stock,122075766,-545471530793471667,-0.545471530793471667,122.075766,0.545471530793471667,0
4663:0xd46ff44ad0d624b910c14d42e96bf6bdbe28fdcc02ad961483c480632c60adf0:41,NVDA,v3,0xd46ff44ad0d624b910c14d42e96bf6bdbe28fdcc02ad961483c480632c60adf0,41,58967980,2026-09-10T00:16:28+00:00,2026-09-10,buy_stablecoin,-2047919,9159880753834557,0.009159880753834557,-2.047919,0,2.047919
4663:0x25fcc961c29c288e8e7171a0afb16386cb518c8eb96e26980257a8d29c5e365b:16,NVDA,v3,0x25fcc961c29c288e8e7171a0afb16386cb518c8eb96e26980257a8d29c5e365b,16,58967994,2026-09-10T00:16:29+00:00,2026-09-10,buy_stablecoin,-157398474,704008033310667100,0.7040080333106671,-157.398474,0,157.398474
4663:0x85e8c85179a7db3fd4e2a9f8a8ef498e580e6c56a9a7173cc3bf1d879e3620f8:11,NVDA,v3,0x85e8c85179a7db3fd4e2a9f8a8ef498e580e6c56a9a7173cc3bf1d879e3620f8,11,58967997,2026-09-10T00:16:29+00:00,2026-09-10,buy_stablecoin,-594070862,2657152676403491310,2.65715267640349131,-594.070862,0,594.070862
4663:0xbf0470110adb32b0191afad0c16e9a91bfd7f603fa2d2563893c36cab582477b:11,NVDA,v3,0xbf0470110adb32b0191afad0c16e9a91bfd7f603fa2d2563893c36cab582477b,11,58968000,2026-09-10T00:16:30+00:00,2026-09-10,buy_stablecoin,-88831005,397323169542888872,0.397323169542888872,-88.831005,0,88.831005
4663:0x5d00c9a22a431740dccfe7c4290a5ad56b1c167c8fb32d74d16793e928ecc49a:31,NVDA,v3,0x5d00c9a22a431740dccfe7c4290a5ad56b1c167c8fb32d74d16793e928ecc49a,31,58968001,2026-09-10T00:16:30+00:00,2026-09-10,buy_stock,109941788,-491255778537192291,-0.491255778537192291,109.941788,0.491255778537192291,0
4663:0xc4a054015e93eb901d64ff0de2701e19a96c8a25c19e5b9b608b3477478150ea:47,NVDA,v3,0xc4a054015e93eb901d64ff0de2701e19a96c8a25c19e5b9b608b3477478150ea,47,58968001,2026-09-10T00:16:30+00:00,2026-09-10,buy_stock,109941741,-491255184182339624,-0.491255184182339624,109.941741,0.491255184182339624,0
4663:0x2e6d386c48bddbde897274e754672de4efcf184af36466a2ddb1547b4a14ee5a:44,NVDA,v3,0x2e6d386c48bddbde897274e754672de4efcf184af36466a2ddb1547b4a14ee5a,44,58968002,2026-09-10T00:16:30+00:00,2026-09-10,buy_stablecoin,-221542803,990915814843392091,0.990915814843392091,-221.542803,0,221.542803
4663:0x2b1b60d578eec0447654d51a834427f626f3e3903822bb8e1ac1cbf151d538c4:46,NVDA,v3,0x2b1b60d578eec0447654d51a834427f626f3e3903822bb8e1ac1cbf151d538c4,46,58968006,2026-09-10T00:16:30+00:00,2026-09-10,buy_stock,5380345,-24041142426880566,-0.024041142426880566,5.380345,0.024041142426880566,0
4663:0x30a32d310bf85a27a5a77ff528ef051cf1c93d0a375c425010449dc00841a37b:66,NVDA,v3,0x30a32d310bf85a27a5a77ff528ef051cf1c93d0a375c425010449dc00841a37b,66,58968006,2026-09-10T00:16:30+00:00,2026-09-10,buy_stock,5637654,-25190885370765489,-0.025190885370765489,5.637654,0.025190885370765489,0
4663:0xdd250ce68eb45e5bfa26cbb86779742aa045c4cf0f5d526a2d4ed3f532d77b4f:86,NVDA,v3,0xdd250ce68eb45e5bfa26cbb86779742aa045c4cf0f5d526a2d4ed3f532d77b4f,86,58968006,2026-09-10T00:16:30+00:00,2026-09-10,buy_stock,4007470,-17906687844572642,-0.017906687844572642,4.00747,0.017906687844572642,0
4663:0xa251c504255edd0e7c5e35a05e06ee14e78cdbbdfb7252100f76d372525adbc8:106,NVDA,v3,0xa251c504255edd0e7c5e35a05e06ee14e78cdbbdfb7252100f76d372525adbc8,106,58968006,2026-09-10T00:16:30+00:00,2026-09-10,buy_stock,4395718,-19641507087374024,-0.019641507087374024,4.395718,0.019641507087374024,0
4663:0x75470f5386b18b6b491538b2937133faee895c36d231222534c8a8c7adca55bd:126,NVDA,v3,0x75470f5386b18b6b491538b2937133faee895c36d231222534c8a8c7adca55bd,126,58968006,2026-09-10T00:16:30+00:00,2026-09-10,buy_stock,5323858,-23788740083980679,-0.023788740083980679,5.323858,0.023788740083980679,0
4663:0xc5a1a2d8cef3df9befcfd18dddc2a292120d6b1f84a2a3d8cf05aaf788a4d4a2:19,NVDA,v3,0xc5a1a2d8cef3df9befcfd18dddc2a292120d6b1f84a2a3d8cf05aaf788a4d4a2,19,58968043,2026-09-10T00:16:34+00:00,2026-09-10,buy_stablecoin,-21083984,94304431864829224,0.094304431864829224,-21.083984,0,21.083984
4663:0x010d9cd2ea5ca49d34dd791c62b5337044a62e14b617e2c20079814fcdf65839:31,NVDA,v3,0x010d9cd2ea5ca49d34dd791c62b5337044a62e14b617e2c20079814fcdf65839,31,58968059,2026-09-10T00:16:36+00:00,2026-09-10,buy_stock,24431512,-109167997433331294,-0.109167997433331294,24.431512,0.109167997433331294,0
4663:0xf5918699c9a71c3767b0ee6cb56a62aba46988bc6a02f962627ce98165abf27e:30,NVDA,v3,0xf5918699c9a71c3767b0ee6cb56a62aba46988bc6a02f962627ce98165abf27e,30,58968092,2026-09-10T00:16:39+00:00,2026-09-10,buy_stablecoin,-3261651,14588711412318103,0.014588711412318103,-3.261651,0,3.261651
4663:0x33815d8def11743046811f3985639b1beea9180fb67838098f8aa82294afd219:51,NVDA,v3,0x33815d8def11743046811f3985639b1beea9180fb67838098f8aa82294afd219,51,58968092,2026-09-10T00:16:39+00:00,2026-09-10,buy_stablecoin,-4588739,20524510737431666,0.020524510737431666,-4.588739,0,4.588739
4663:0xfaa4d0233bfa0a09222f8efd9c8f9ca033d1c29ead113d747664c43ee692b723:72,NVDA,v3,0xfaa4d0233bfa0a09222f8efd9c8f9ca033d1c29ead113d747664c43ee692b723,72,58968092,2026-09-10T00:16:39+00:00,2026-09-10,buy_stablecoin,-4379623,19589174697671346,0.019589174697671346,-4.379623,0,4.379623
4663:0x2051538b4cf1cb2fff786a953432268498cb1b6b0bae0e112f89f1968a9fad5e:93,NVDA,v3,0x2051538b4cf1cb2fff786a953432268498cb1b6b0bae0e112f89f1968a9fad5e,93,58968092,2026-09-10T00:16:39+00:00,2026-09-10,buy_stablecoin,-4319405,19319834359032615,0.019319834359032615,-4.319405,0,4.319405
4663:0xd0b8b42ba1ed69f8b344ad87a982fc4db8576019f054e63b4dcb1c3c74b7fa58:114,NVDA,v3,0xd0b8b42ba1ed69f8b344ad87a982fc4db8576019f054e63b4dcb1c3c74b7fa58,114,58968092,2026-09-10T00:16:39+00:00,2026-09-10,buy_stablecoin,-3566610,15952732419184194,0.015952732419184194,-3.56661,0,3.56661
4663:0x83a3535ea77cfe98533569e962e70aac0440d92323b1f9dc93850e2548cd6473:45,NVDA,v3,0x83a3535ea77cfe98533569e962e70aac0440d92323b1f9dc93850e2548cd6473,45,58968094,2026-09-10T00:16:39+00:00,2026-09-10,buy_stablecoin,-51556246,230600796957089781,0.230600796957089781,-51.556246,0,51.556246
4663:0x5bdf56dcd33f47d8079bcdc9ed4b9a8fcc16436913517f0027d3509e9ef1f8f5:7,NVDA,v3,0x5bdf56dcd33f47d8079bcdc9ed4b9a8fcc16436913517f0027d3509e9ef1f8f5,7,58968106,2026-09-10T00:16:40+00:00,2026-09-10,buy_stock,19069149,-85207232499328288,-0.085207232499328288,19.069149,0.085207232499328288,0
4663:0xab9b62de6718d56cdb2c41a417dbcdd1b5c9a2d4770655ceade21db92b62760f:13,NVDA,v3,0xab9b62de6718d56cdb2c41a417dbcdd1b5c9a2d4770655ceade21db92b62760f,13,58968116,2026-09-10T00:16:41+00:00,2026-09-10,buy_stablecoin,-206212576,922348398926338251,0.922348398926338251,-206.212576,0,206.212576
4663:0xde89b167270ac8155a389461eded747a47e3a019e44050afd1ca7c4969b2cb1f:40,NVDA,v3,0xde89b167270ac8155a389461eded747a47e3a019e44050afd1ca7c4969b2cb1f,40,58968122,2026-09-10T00:16:42+00:00,2026-09-10,buy_stock,4950000,-22118259882994104,-0.022118259882994104,4.95,0.022118259882994104,0
4663:0xb9f6192b7622a8ef36164e0abd7fe7c2e6a6b2d9c79385eafbf53eeb0a7fd67a:49,NVDA,v3,0xb9f6192b7622a8ef36164e0abd7fe7c2e6a6b2d9c79385eafbf53eeb0a7fd67a,49,58968171,2026-09-10T00:16:45+00:00,2026-09-10,buy_stock,244287265,-1091556447456591252,-1.091556447456591252,244.287265,1.091556447456591252,0
4663:0x77f06f25212825d9c706d69508c33f5c979f43bbf737ed3f215a2484187e491d:29,NVDA,v3,0x77f06f25212825d9c706d69508c33f5c979f43bbf737ed3f215a2484187e491d,29,58968182,2026-09-10T00:16:46+00:00,2026-09-10,buy_stock,73690079,-329271314805613906,-0.329271314805613906,73.690079,0.329271314805613906,0
4663:0x1ae536663b31f66b1ee06f756192d5c04176a399422849ee20e1eebfc6fff7fe:47,NVDA,v3,0x1ae536663b31f66b1ee06f756192d5c04176a399422849ee20e1eebfc6fff7fe,47,58968182,2026-09-10T00:16:46+00:00,2026-09-10,buy_stock,14261113,-63723284570484332,-0.063723284570484332,14.261113,0.063723284570484332,0
4663:0xcd744b1db4bc3a3b9aa38684744ca9b3fdf9ffc5dd74ef4c53851400e4f46aa7:65,NVDA,v3,0xcd744b1db4bc3a3b9aa38684744ca9b3fdf9ffc5dd74ef4c53851400e4f46aa7,65,58968182,2026-09-10T00:16:46+00:00,2026-09-10,buy_stock,55988570,-250175056651188735,-0.250175056651188735,55.98857,0.250175056651188735,0
4663:0xe8c86aa1ebb8f7664fc869f847b5354172dba28960b83a6c658f798e8029eccc:83,NVDA,v3,0xe8c86aa1ebb8f7664fc869f847b5354172dba28960b83a6c658f798e8029eccc,83,58968182,2026-09-10T00:16:46+00:00,2026-09-10,buy_stock,100347371,-448384295330048375,-0.448384295330048375,100.347371,0.448384295330048375,0
4663:0xc43f43edf4427d953f1e6d4855817b55fb5fd11496a147c75fb1f1b61f597a56:13,NVDA,v3,0xc43f43edf4427d953f1e6d4855817b55fb5fd11496a147c75fb1f1b61f597a56,13,58968188,2026-09-10T00:16:47+00:00,2026-09-10,buy_stablecoin,-222594107,995617796340245807,0.995617796340245807,-222.594107,0,222.594107
4663:0x5324d3ee5cb72e8bd7218f78962ee9d8edeb24d7c90900d2754a58a3854352b8:32,NVDA,v3,0x5324d3ee5cb72e8bd7218f78962ee9d8edeb24d7c90900d2754a58a3854352b8,32,58968188,2026-09-10T00:16:47+00:00,2026-09-10,buy_stablecoin,-195218603,873174080511319055,0.873174080511319055,-195.218603,0,195.218603
4663:0x451172f247f949cb96784832b53eff4d26c45f5ab9937f9310238a7d356b5b9d:49,NVDA,v3,0x451172f247f949cb96784832b53eff4d26c45f5ab9937f9310238a7d356b5b9d,49,58968188,2026-09-10T00:16:47+00:00,2026-09-10,buy_stablecoin,-189869843,849251303430622480,0.84925130343062248,-189.869843,0,189.869843
4663:0x33f57619a28c4337f1a8f6658a39d129172499e36df49649d88c8f102fd7ea80:66,NVDA,v3,0x33f57619a28c4337f1a8f6658a39d129172499e36df49649d88c8f102fd7ea80,66,58968188,2026-09-10T00:16:47+00:00,2026-09-10,buy_stablecoin,-169904317,759950315491244657,0.759950315491244657,-169.904317,0,169.904317
4663:0x6dc69d7eb3bb9adbe9ccb3aca2cef7effadb301bb3b5de4ab3102d3118643310:83,NVDA,v3,0x6dc69d7eb3bb9adbe9ccb3aca2cef7effadb301bb3b5de4ab3102d3118643310,83,58968188,2026-09-10T00:16:47+00:00,2026-09-10,buy_stablecoin,-159446058,713173308567682398,0.713173308567682398,-159.446058,0,159.446058
4663:0xee1697b191ae892debc04846448368dbcac8aa31761c08c992e379feb89627e5:11,NVDA,v3,0xee1697b191ae892debc04846448368dbcac8aa31761c08c992e379feb89627e5,11,58968191,2026-09-10T00:16:47+00:00,2026-09-10,buy_stablecoin,-5508333,24637791368283094,0.024637791368283094,-5.508333,0,5.508333
4663:0x796bc1660b0b3375c6afc3848acd8d307fc83fab349d31bf8ce8849c1ffa9e52:92,NVDA,v3,0x796bc1660b0b3375c6afc3848acd8d307fc83fab349d31bf8ce8849c1ffa9e52,92,58968194,2026-09-10T00:16:47+00:00,2026-09-10,buy_stock,219857700,-982400318293866121,-0.982400318293866121,219.8577,0.982400318293866121,0
4663:0x41a784bb97e771e89c8c12503762d328a9a8713333c8246e4c6d1010c67f1b7f:104,NVDA,v3,0x41a784bb97e771e89c8c12503762d328a9a8713333c8246e4c6d1010c67f1b7f,104,58968195,2026-09-10T00:16:47+00:00,2026-09-10,buy_stablecoin,-195608700,874922022164258118,0.874922022164258118,-195.6087,0,195.6087
4663:0x6ff3ae305970597e99ec2b1da800c6af79b8796dc39c3100482b4ce14f61fac2:29,NVDA,v3,0x6ff3ae305970597e99ec2b1da800c6af79b8796dc39c3100482b4ce14f61fac2,29,58968198,2026-09-10T00:16:48+00:00,2026-09-10,buy_stablecoin,-17503057,78288042660225371,0.078288042660225371,-17.503057,0,17.503057
4663:0xe33cb03004e093aab49ad341c6be8df6d8508542eae7f40c3219ae8aaa40d382:63,NVDA,v3,0xe33cb03004e093aab49ad341c6be8df6d8508542eae7f40c3219ae8aaa40d382,63,58968201,2026-09-10T00:16:48+00:00,2026-09-10,buy_stock,122140758,-545767353373755318,-0.545767353373755318,122.140758,0.545767353373755318,0
4663:0x95fcc25c0647bb56e1da6b5d428693946c1c17a33db54d918c9d7bfcb8d67da5:22,NVDA,v3,0x95fcc25c0647bb56e1da6b5d428693946c1c17a33db54d918c9d7bfcb8d67da5,22,58968206,2026-09-10T00:16:49+00:00,2026-09-10,buy_stablecoin,-789650357,3531971705815588871,3.531971705815588871,-789.650357,0,789.650357
4663:0xca7c03f16643f05a56dec1ba150a10f8d8b0521f3fc53b07765e4e640acbb220:62,NVDA,v3,0xca7c03f16643f05a56dec1ba150a10f8d8b0521f3fc53b07765e4e640acbb220,62,58968213,2026-09-10T00:16:49+00:00,2026-09-10,buy_stock,740250123,-3307703260024493589,-3.307703260024493589,740.250123,3.307703260024493589,0
4663:0x34ac262eb60ca1fbec08595b1ecba0b1424d15a4010383fb0e80ccc122d322b9:91,NVDA,v3,0x34ac262eb60ca1fbec08595b1ecba0b1424d15a4010383fb0e80ccc122d322b9,91,58968213,2026-09-10T00:16:49+00:00,2026-09-10,buy_stablecoin,-54547919,243983010568748565,0.243983010568748565,-54.547919,0,54.547919
4663:0x1f57f786b10ed054c8d032459c0de3096f9853213e9042d6d3aaf801898c4fd9:107,NVDA,v3,0x1f57f786b10ed054c8d032459c0de3096f9853213e9042d6d3aaf801898c4fd9,107,58968213,2026-09-10T00:16:49+00:00,2026-09-10,buy_stablecoin,-72222675,323039155974657633,0.323039155974657633,-72.222675,0,72.222675
4663:0x8a5c3a4d373d26eb67965b38596a678f13e42221b0c4cf508dc63defc45c4d80:124,NVDA,v3,0x8a5c3a4d373d26eb67965b38596a678f13e42221b0c4cf508dc63defc45c4d80,124,58968213,2026-09-10T00:16:49+00:00,2026-09-10,buy_stablecoin,-13375289,59825302764859895,0.059825302764859895,-13.375289,0,13.375289
4663:0x3ed54cce1d6321230402b573a637bde7723893b3039ebc8bb30172474d269368:141,NVDA,v3,0x3ed54cce1d6321230402b573a637bde7723893b3039ebc8bb30172474d269368,141,58968213,2026-09-10T00:16:49+00:00,2026-09-10,buy_stablecoin,-86778716,388145988547663852,0.388145988547663852,-86.778716,0,86.778716
4663:0xfb121a24becc89a91b4facc0e4470f1dd1cfba58d65bcbf8e7eb89b20a4de004:61,NVDA,v3,0xfb121a24becc89a91b4facc0e4470f1dd1cfba58d65bcbf8e7eb89b20a4de004,61,58968217,2026-09-10T00:16:50+00:00,2026-09-10,buy_stablecoin,-52682764,235640889244585621,0.235640889244585621,-52.682764,0,52.682764
4663:0x9144d9cd8dbc780a096b4d5fc0e799e1fd08d5c03a07b38c297b9a02e2ce2520:108,NVDA,v3,0x9144d9cd8dbc780a096b4d5fc0e799e1fd08d5c03a07b38c297b9a02e2ce2520,108,58968217,2026-09-10T00:16:50+00:00,2026-09-10,buy_stock,122141315,-545770648781088222,-0.545770648781088222,122.141315,0.545770648781088222,0
4663:0xdfc476b466f552a4eb7e44f20f9bd98f0193a40b9c52486139566dd20103f407:11,NVDA,v3,0xdfc476b466f552a4eb7e44f20f9bd98f0193a40b9c52486139566dd20103f407,11,58968226,2026-09-10T00:16:51+00:00,2026-09-10,buy_stock,73284538,-327461037724868544,-0.327461037724868544,73.284538,0.327461037724868544,0
4663:0xdfe11fc43ea5adede3aa13afa327174faa3afe6bafdd12bb2d62d584bd369bbc:93,NVDA,v3,0xdfe11fc43ea5adede3aa13afa327174faa3afe6bafdd12bb2d62d584bd369bbc,93,58968228,2026-09-10T00:16:51+00:00,2026-09-10,buy_stablecoin,-7237293,32371122456498696,0.032371122456498696,-7.237293,0,7.237293
4663:0x57046a47da5e0249df0b95c59f2f91358ee82e93315516d4641dd7f21d2bfe07:42,NVDA,v3,0x57046a47da5e0249df0b95c59f2f91358ee82e93315516d4641dd7f21d2bfe07,42,58968231,2026-09-10T00:16:51+00:00,2026-09-10,buy_stablecoin,-2387041,10676812812913112,0.010676812812913112,-2.387041,0,2.387041
4663:0x880131f3dd93583464da757f52142ae4c1a0de7fe6df99fda3579b7f36724aa8:53,NVDA,v3,0x880131f3dd93583464da757f52142ae4c1a0de7fe6df99fda3579b7f36724aa8,53,58968240,2026-09-10T00:16:52+00:00,2026-09-10,buy_stock,26871077,-120069368025772018,-0.120069368025772018,26.871077,0.120069368025772018,0
4663:0x3efaffd095784e4285542bbcbbba3e0ea20a38c280bc140018c39d6d7faa16e6:65,NVDA,v3,0x3efaffd095784e4285542bbcbbba3e0ea20a38c280bc140018c39d6d7faa16e6,65,58968246,2026-09-10T00:16:53+00:00,2026-09-10,buy_stablecoin,-167807742,750574446271634181,0.750574446271634181,-167.807742,0,167.807742
4663:0xb8a3950cc5e95adcecf443f45a6c864fce8fba68d8d3177ec2ca3f7facfb770a:131,NVDA,v3,0xb8a3950cc5e95adcecf443f45a6c864fce8fba68d8d3177ec2ca3f7facfb770a,131,58968246,2026-09-10T00:16:53+00:00,2026-09-10,buy_stablecoin,-88019016,393693901219647180,0.39369390121964718,-88.019016,0,88.019016
4663:0x16eb3db0c00629493a2d649c587c84b0bc744eebff1c365babcea975d4652fba:69,NVDA,v3,0x16eb3db0c00629493a2d649c587c84b0bc744eebff1c365babcea975d4652fba,69,58968247,2026-09-10T00:16:53+00:00,2026-09-10,buy_stock,12214498,-54578737475189971,-0.054578737475189971,12.214498,0.054578737475189971,0
4663:0x6d220b83958283589886f8239cb712dd0703e3775cf2e047f79b5eef65549c46:85,NVDA,v3,0x6d220b83958283589886f8239cb712dd0703e3775cf2e047f79b5eef65549c46,85,58968247,2026-09-10T00:16:53+00:00,2026-09-10,buy_stock,12214498,-54578732732426585,-0.054578732732426585,12.214498,0.054578732732426585,0
4663:0xdc6a97e0e04604899d4ff1bbc062f6c548792b09597535a73ace0d50815e3be7:50,NVDA,v3,0xdc6a97e0e04604899d4ff1bbc062f6c548792b09597535a73ace0d50815e3be7,50,58968254,2026-09-10T00:16:53+00:00,2026-09-10,buy_stablecoin,-876270900,3919421585597113611,3.919421585597113611,-876.2709,0,876.2709
4663:0x5a94f5edace8e386aff180eb05faa00a917d9a8d7ae3fb650e9d6cd0caabbb2d:10,NVDA,v3,0x5a94f5edace8e386aff180eb05faa00a917d9a8d7ae3fb650e9d6cd0caabbb2d,10,58968260,2026-09-10T00:16:54+00:00,2026-09-10,buy_stablecoin,-214469663,959292715815723046,0.959292715815723046,-214.469663,0,214.469663
4663:0x2a7c2fde92b06fda54c8b99a437a5c684c599a3bafd190c2d58617adbb6980c5:34,NVDA,v3,0x2a7c2fde92b06fda54c8b99a437a5c684c599a3bafd190c2d58617adbb6980c5,34,58968260,2026-09-10T00:16:54+00:00,2026-09-10,buy_stablecoin,-21182357,94745792018160531,0.094745792018160531,-21.182357,0,21.182357
4663:0x6f0d601b4c4dc88c67b692aa4c79c535b789565b80d6b69dadaf5c7dc40cc095:16,NVDA,v3,0x6f0d601b4c4dc88c67b692aa4c79c535b789565b80d6b69dadaf5c7dc40cc095,16,58968273,2026-09-10T00:16:55+00:00,2026-09-10,buy_stablecoin,-101508571,454034176858048711,0.454034176858048711,-101.508571,0,101.508571
4663:0x785d16b765ef03c7367ce217dd6d4a177333ce7f71ae9a9668570372c93341ee:136,NVDA,v3,0x785d16b765ef03c7367ce217dd6d4a177333ce7f71ae9a9668570372c93341ee,136,58968273,2026-09-10T00:16:55+00:00,2026-09-10,buy_stablecoin,-200394938,896340549134962046,0.896340549134962046,-200.394938,0,200.394938
4663:0xff48d8a9ebbd56565dda8ac65b6a070c0edf021aa91c5c5667af6933cd04be43:16,NVDA,v3,0xff48d8a9ebbd56565dda8ac65b6a070c0edf021aa91c5c5667af6933cd04be43,16,58968289,2026-09-10T00:16:57+00:00,2026-09-10,buy_stablecoin,-82138035,367393141522652941,0.367393141522652941,-82.138035,0,82.138035
4663:0xfacf692a899cab81a60305720e1f4d0a99c81dd5c14386c4700feda9974446ca:41,NVDA,v3,0xfacf692a899cab81a60305720e1f4d0a99c81dd5c14386c4700feda9974446ca,41,58968312,2026-09-10T00:16:59+00:00,2026-09-10,buy_stablecoin,-74821096,334665577611790025,0.334665577611790025,-74.821096,0,74.821096
4663:0x07c504963169f5914a0ddef6e71cd29a259a76ee09688575430357e5304f46d2:68,NVDA,v3,0x07c504963169f5914a0ddef6e71cd29a259a76ee09688575430357e5304f46d2,68,58968319,2026-09-10T00:17:00+00:00,2026-09-10,buy_stock,48854814,-218303134608777965,-0.218303134608777965,48.854814,0.218303134608777965,0
4663:0xcf11cac86d5d8ac1cffd97aab7ee7bcdfc6d5da0a753a08ae374a575a0692d07:33,NVDA,v3,0xcf11cac86d5d8ac1cffd97aab7ee7bcdfc6d5da0a753a08ae374a575a0692d07,33,58968322,2026-09-10T00:17:00+00:00,2026-09-10,buy_stablecoin,-139268,622929804125027,0.000622929804125027,-0.139268,0,0.139268
4663:0x996c2f425d4c162b91031cac8cfc99365731e5cc80d87fc67f6ff3cff2a100ea:67,NVDA,v3,0x996c2f425d4c162b91031cac8cfc99365731e5cc80d87fc67f6ff3cff2a100ea,67,58968322,2026-09-10T00:17:00+00:00,2026-09-10,buy_stablecoin,-33455267,149641307106540598,0.149641307106540598,-33.455267,0,33.455267
4663:0xa0b640913355742aa01f91500fb2be9e74cdd2b3513c1dd6a775d3281490b993:75,NVDA,v3,0xa0b640913355742aa01f91500fb2be9e74cdd2b3513c1dd6a775d3281490b993,75,58968323,2026-09-10T00:17:00+00:00,2026-09-10,buy_stablecoin,-139243,622819214335588,0.000622819214335588,-0.139243,0,0.139243
4663:0xbff80b376638a7c4ca829541b069327f47c5b58b884ab0621f0a9bfe96f02dfa:51,NVDA,v3,0xbff80b376638a7c4ca829541b069327f47c5b58b884ab0621f0a9bfe96f02dfa,51,58968324,2026-09-10T00:17:01+00:00,2026-09-10,buy_stablecoin,-139241,622809335312443,0.000622809335312443,-0.139241,0,0.139241
4663:0x7592dfc61ffbb424764e2596ffb1e1784e0070a192bda3eb9f9a2449896a9a73:23,NVDA,v3,0x7592dfc61ffbb424764e2596ffb1e1784e0070a192bda3eb9f9a2449896a9a73,23,58968328,2026-09-10T00:17:01+00:00,2026-09-10,buy_stablecoin,-137970208,617124202823857907,0.617124202823857907,-137.970208,0,137.970208
4663:0xd157cb57ecc53130b4bbac2476a013018e2e06cd80de044ed4aeb9f569207eba:51,NVDA,v3,0xd157cb57ecc53130b4bbac2476a013018e2e06cd80de044ed4aeb9f569207eba,51,58968350,2026-09-10T00:17:03+00:00,2026-09-10,buy_stock,200000000,-893681474395310645,-0.893681474395310645,200,0.893681474395310645,0
4663:0x79fe03efab7f288fb57573aff0544b6826a1495983619c6928d362d6b4762867:16,NVDA,v3,0x79fe03efab7f288fb57573aff0544b6826a1495983619c6928d362d6b4762867,16,58968367,2026-09-10T00:17:05+00:00,2026-09-10,buy_stablecoin,-8175831,36569481470381887,0.036569481470381887,-8.175831,0,8.175831
4663:0xe176a82266fc6323cbdb1a8020539d8be71649c8762a90086a4257a58a935288:6,NVDA,v3,0xe176a82266fc6323cbdb1a8020539d8be71649c8762a90086a4257a58a935288,6,58968371,2026-09-10T00:17:05+00:00,2026-09-10,buy_stablecoin,-22355350655,100000000000000000000,100,-22355.350655,0,22355.350655
4663:0xcde97dfc3ab973ced48ffc980e4873f0d122218f322677a7dc4eea3787a41872:152,NVDA,v3,0xcde97dfc3ab973ced48ffc980e4873f0d122218f322677a7dc4eea3787a41872,152,58968371,2026-09-10T00:17:05+00:00,2026-09-10,buy_stablecoin,-44708256,200000000000000011,0.200000000000000011,-44.708256,0,44.708256
4663:0x2e8492b10d1c5d3d02b0165c14cba63564184285022ca5a3c14189280c91514b:42,NVDA,v3,0x2e8492b10d1c5d3d02b0165c14cba63564184285022ca5a3c14189280c91514b,42,58968372,2026-09-10T00:17:05+00:00,2026-09-10,buy_stablecoin,-44708249,200000000000000011,0.200000000000000011,-44.708249,0,44.708249
4663:0x3d8d6ac0b79de8d178a69e57911f3bafd390359b8de940b7d6a2cbee66bf969e:16,NVDA,v3,0x3d8d6ac0b79de8d178a69e57911f3bafd390359b8de940b7d6a2cbee66bf969e,16,58968373,2026-09-10T00:17:06+00:00,2026-09-10,buy_stablecoin,-157672004,705337684533022320,0.70533768453302232,-157.672004,0,157.672004
4663:0x0814a8bbdb2dc173e152cbce0081831e595a528f49f98bdf081fdcce13d492d5:48,NVDA,v3,0x0814a8bbdb2dc173e152cbce0081831e595a528f49f98bdf081fdcce13d492d5,48,58968402,2026-09-10T00:17:08+00:00,2026-09-10,buy_stablecoin,-231134167,1033967691307339719,1.033967691307339719,-231.134167,0,231.134167
4663:0x5f1290f90e01651a37744c83eb8bbfa4b7528296849e827d71b33e34d8af4774:123,NVDA,v3,0x5f1290f90e01651a37744c83eb8bbfa4b7528296849e827d71b33e34d8af4774,123,58968410,2026-09-10T00:17:09+00:00,2026-09-10,buy_stablecoin,-21135994,94550907926297339,0.094550907926297339,-21.135994,0,21.135994
4663:0xb5aeefd9bc4a519cddba11c55a628cb48d2f359cb2960dfc4c019967f441c1e2:52,NVDA,v3,0xb5aeefd9bc4a519cddba11c55a628cb48d2f359cb2960dfc4c019967f441c1e2,52,58968416,2026-09-10T00:17:10+00:00,2026-09-10,buy_stock,61060224,-272877028421394224,-0.272877028421394224,61.060224,0.272877028421394224,0
4663:0xb2f324d1bbfdee8ac4ebca8237040b996c20e74b79a29add08af8578db1b72b7:76,NVDA,v3,0xb2f324d1bbfdee8ac4ebca8237040b996c20e74b79a29add08af8578db1b72b7,76,58968416,2026-09-10T00:17:10+00:00,2026-09-10,buy_stock,61060210,-272876902923502691,-0.272876902923502691,61.06021,0.272876902923502691,0
4663:0xb3fc05cf02eba1a148aacfe6ef588538ef89f2514636fb411283c1074a5f130c:92,NVDA,v3,0xb3fc05cf02eba1a148aacfe6ef588538ef89f2514636fb411283c1074a5f130c,92,58968416,2026-09-10T00:17:10+00:00,2026-09-10,buy_stock,61060196,-272876777425676194,-0.272876777425676194,61.060196,0.272876777425676194,0
4663:0x486e588a6b8bd5e51d2d4d2d064114835bdd0804b6f4043da62f6dfdd6fc6acd:108,NVDA,v3,0x486e588a6b8bd5e51d2d4d2d064114835bdd0804b6f4043da62f6dfdd6fc6acd,108,58968416,2026-09-10T00:17:10+00:00,2026-09-10,buy_stock,61060182,-272876651927914734,-0.272876651927914734,61.060182,0.272876651927914734,0
4663:0x74206ce764eb2efc1f60e12c64d1b54c0ef30307934b3b033a5c1a08bc44e563:124,NVDA,v3,0x74206ce764eb2efc1f60e12c64d1b54c0ef30307934b3b033a5c1a08bc44e563,124,58968416,2026-09-10T00:17:10+00:00,2026-09-10,buy_stock,61060167,-272876521959005497,-0.272876521959005497,61.060167,0.272876521959005497,0
4663:0xd41beb9a122b5b89f541e2376e948af6752bf5c6816032a2f81c31774d24ed69:140,NVDA,v3,0xd41beb9a122b5b89f541e2376e948af6752bf5c6816032a2f81c31774d24ed69,140,58968416,2026-09-10T00:17:10+00:00,2026-09-10,buy_stock,61060153,-272876396461376171,-0.272876396461376171,61.060153,0.272876396461376171,0
4663:0x703f07f873950748991a20a8f325436f96807c2a4fc41c2b316ce350fad085f6:156,NVDA,v3,0x703f07f873950748991a20a8f325436f96807c2a4fc41c2b316ce350fad085f6,156,58968416,2026-09-10T00:17:10+00:00,2026-09-10,buy_stock,61060139,-272876270963811881,-0.272876270963811881,61.060139,0.272876270963811881,0
4663:0x1d325b6d0fca94ae615030d456ee14213b9d933dab22240bfc6979886bc4fe78:172,NVDA,v3,0x1d325b6d0fca94ae615030d456ee14213b9d933dab22240bfc6979886bc4fe78,172,58968416,2026-09-10T00:17:10+00:00,2026-09-10,buy_stock,61060125,-272876145466312628,-0.272876145466312628,61.060125,0.272876145466312628,0
4663:0xc77fe268ed755b167584d0d7e5b85d3c8c18a0313c4ea6eb80c49ee415627790:188,NVDA,v3,0xc77fe268ed755b167584d0d7e5b85d3c8c18a0313c4ea6eb80c49ee415627790,188,58968416,2026-09-10T00:17:10+00:00,2026-09-10,buy_stock,61060111,-272876019968878411,-0.272876019968878411,61.060111,0.272876019968878411,0
4663:0xb77f98480e5c83815c71e6c56cb37304a59ef22bde302669ffd369e68c9cbd43:204,NVDA,v3,0xb77f98480e5c83815c71e6c56cb37304a59ef22bde302669ffd369e68c9cbd43,204,58968416,2026-09-10T00:17:10+00:00,2026-09-10,buy_stock,61060096,-272875890000301570,-0.27287589000030157,61.060096,0.27287589000030157,0
4663:0x6e571bb5e5c4b074167db875b63c4fa3c8c40720ef5713a9778e3d98e6af0c4e:220,NVDA,v3,0x6e571bb5e5c4b074167db875b63c4fa3c8c40720ef5713a9778e3d98e6af0c4e,220,58968416,2026-09-10T00:17:10+00:00,2026-09-10,buy_stock,61060082,-272875764502999487,-0.272875764502999487,61.060082,0.272875764502999487,0
4663:0xdd70c7092db4e0a0abbde2992f7ba1069ebf05ce8906fe0ecb0cacea643aadb0:236,NVDA,v3,0xdd70c7092db4e0a0abbde2992f7ba1069ebf05ce8906fe0ecb0cacea643aadb0,236,58968416,2026-09-10T00:17:10+00:00,2026-09-10,buy_stock,61060068,-272875639005762440,-0.27287563900576244,61.060068,0.27287563900576244,0
4663:0x25647b4be86f23586b5b4adafd199ad69e8e6edca9157ae59b521746d7696d7d:252,NVDA,v3,0x25647b4be86f23586b5b4adafd199ad69e8e6edca9157ae59b521746d7696d7d,252,58968416,2026-09-10T00:17:10+00:00,2026-09-10,buy_stock,61060054,-272875513508590429,-0.272875513508590429,61.060054,0.272875513508590429,0
4663:0x50521000b6c0fd8709abf4456cf86cc19bfcefdbca2fe53cc41cc58facbfd35d:268,NVDA,v3,0x50521000b6c0fd8709abf4456cf86cc19bfcefdbca2fe53cc41cc58facbfd35d,268,58968416,2026-09-10T00:17:10+00:00,2026-09-10,buy_stock,61060039,-272875383540279917,-0.272875383540279917,61.060039,0.272875383540279917,0
4663:0xaf17bf1b7830826e48e6b73e503fe106e73ea574269914ef8bd87ba4efbd727f:284,NVDA,v3,0xaf17bf1b7830826e48e6b73e503fe106e73ea574269914ef8bd87ba4efbd727f,284,58968416,2026-09-10T00:17:10+00:00,2026-09-10,buy_stock,61060025,-272875258043240039,-0.272875258043240039,61.060025,0.272875258043240039,0
4663:0x6c3211e1ea572d5c01a5af065a64789232b846ecf6f6defb26a046b3e8a77769:300,NVDA,v3,0x6c3211e1ea572d5c01a5af065a64789232b846ecf6f6defb26a046b3e8a77769,300,58968416,2026-09-10T00:17:10+00:00,2026-09-10,buy_stock,61060011,-272875132546265198,-0.272875132546265198,61.060011,0.272875132546265198,0
4663:0x4ca173b3584948a3f31a9105a62d97b265202c4570c6a27109620d349ba04acd:316,NVDA,v3,0x4ca173b3584948a3f31a9105a62d97b265202c4570c6a27109620d349ba04acd,316,58968416,2026-09-10T00:17:10+00:00,2026-09-10,buy_stock,61059997,-272875011520555838,-0.272875011520555838,61.059997,0.272875011520555838,0
4663:0xee0cb21e978427b88113a69606513883ebbe8454606883e36e9b015b9eb0d7df:332,NVDA,v3,0xee0cb21e978427b88113a69606513883ebbe8454606883e36e9b015b9eb0d7df,332,58968416,2026-09-10T00:17:10+00:00,2026-09-10,buy_stock,61059982,-272874881552509592,-0.272874881552509592,61.059982,0.272874881552509592,0
4663:0x5f3b9991cb293971a8ff0bc1c128717cae9d55fbcafb5084d9921d187fbde121:348,NVDA,v3,0x5f3b9991cb293971a8ff0bc1c128717cae9d55fbcafb5084d9921d187fbde121,348,58968416,2026-09-10T00:17:10+00:00,2026-09-10,buy_stock,61059968,-272874756055729858,-0.272874756055729858,61.059968,0.272874756055729858,0
4663:0x124372c21ec90c86256a6f382370335e8c2793a4ac2b92abece1ce589aa71be7:364,NVDA,v3,0x124372c21ec90c86256a6f382370335e8c2793a4ac2b92abece1ce589aa71be7,364,58968416,2026-09-10T00:17:10+00:00,2026-09-10,buy_stock,61059954,-272874630559015160,-0.27287463055901516,61.059954,0.27287463055901516,0
4663:0xb11c1e5b52fdc4b02e46aa151f98ac83352eb215654118ebccdac0ec20ce6af5:26,NVDA,v3,0xb11c1e5b52fdc4b02e46aa151f98ac83352eb215654118ebccdac0ec20ce6af5,26,58968418,2026-09-10T00:17:10+00:00,2026-09-10,buy_stablecoin,-154462447,690977778404464082,0.690977778404464082,-154.462447,0,154.462447
4663:0x9ad63909cbb185532daa6239181ddd2facbdc3cac0d4748698c0962d7aa2c74c:42,NVDA,v3,0x9ad63909cbb185532daa6239181ddd2facbdc3cac0d4748698c0962d7aa2c74c,42,58968419,2026-09-10T00:17:10+00:00,2026-09-10,buy_stablecoin,-3457756,15468056990772882,0.015468056990772882,-3.457756,0,3.457756
4663:0xb9449af18cfd38449048251b58313d132ed44ef9c4d091e87c6ebf64d02e6889:61,NVDA,v3,0xb9449af18cfd38449048251b58313d132ed44ef9c4d091e87c6ebf64d02e6889,61,58968420,2026-09-10T00:17:10+00:00,2026-09-10,buy_stock,39078291,-174639475408924700,-0.1746394754089247,39.078291,0.1746394754089247,0
4663:0x34c43c85c4ea186cedb44cd66c85bbf23ec22a7f60bb69e8a8db06b7dae63b17:67,NVDA,v3,0x34c43c85c4ea186cedb44cd66c85bbf23ec22a7f60bb69e8a8db06b7dae63b17,67,58968429,2026-09-10T00:17:11+00:00,2026-09-10,buy_stablecoin,-10073101,45061378172045819,0.045061378172045819,-10.073101,0,10.073101
4663:0x7e9add8a4fcd0c4651a2530710ed2055a243a64c97a505999fac83571bb9e8f7:103,NVDA,v3,0x7e9add8a4fcd0c4651a2530710ed2055a243a64c97a505999fac83571bb9e8f7,103,58968431,2026-09-10T00:17:11+00:00,2026-09-10,buy_stock,81376860,-363670193806599792,-0.363670193806599792,81.37686,0.363670193806599792,0
4663:0xc7e660205fa55d2296539aa0f039e6a6fe2168601c0ca19d983c8d73be5b7fa6:119,NVDA,v3,0xc7e660205fa55d2296539aa0f039e6a6fe2168601c0ca19d983c8d73be5b7fa6,119,58968431,2026-09-10T00:17:11+00:00,2026-09-10,buy_stock,90863070,-406063586086405356,-0.406063586086405356,90.86307,0.406063586086405356,0
4663:0x47361af980fca576cdb2780a430b6013735ab3e47cd43d421bf4be13a6da00cc:135,NVDA,v3,0x47361af980fca576cdb2780a430b6013735ab3e47cd43d421bf4be13a6da00cc,135,58968431,2026-09-10T00:17:11+00:00,2026-09-10,buy_stock,71998039,-321756382119940411,-0.321756382119940411,71.998039,0.321756382119940411,0
4663:0xd8d671251b9b137ecccaa977851223412589d5c51d700ba794abec441e43a5a8:12,NVDA,v3,0xd8d671251b9b137ecccaa977851223412589d5c51d700ba794abec441e43a5a8,12,58968434,2026-09-10T00:17:12+00:00,2026-09-10,buy_stablecoin,-21962665,98248497719507039,0.098248497719507039,-21.962665,0,21.962665
4663:0x9328958e61bc1ed8dfe76bf62e2d419555525c60700cc2d03575d83eedecb957:89,NVDA,v3,0x9328958e61bc1ed8dfe76bf62e2d419555525c60700cc2d03575d83eedecb957,89,58968439,2026-09-10T00:17:12+00:00,2026-09-10,buy_stablecoin,-465137116,2080761320039722350,2.08076132003972235,-465.137116,0,465.137116
4663:0xbc5830bdafc45ec05dee744f01e51d3977ed1d9c4e67775365d24fe411666d9c:16,NVDA,v3,0xbc5830bdafc45ec05dee744f01e51d3977ed1d9c4e67775365d24fe411666d9c,16,58968445,2026-09-10T00:17:13+00:00,2026-09-10,buy_stablecoin,-5076136,22707794015179944,0.022707794015179944,-5.076136,0,5.076136
4663:0x4aa2fb2d007cc7a5acc57678a8457fab48362f867233905f821b93020e3bbbd2:106,NVDA,v3,0x4aa2fb2d007cc7a5acc57678a8457fab48362f867233905f821b93020e3bbbd2,106,58968451,2026-09-10T00:17:13+00:00,2026-09-10,buy_stock,305296427,-1364359209297026992,-1.364359209297026992,305.296427,1.364359209297026992,0
4663:0xf3d1639493b1329f1a5d9cae557ebc77ab7fc3240e7d6bc8c8d7bc9ff71823af:122,NVDA,v3,0xf3d1639493b1329f1a5d9cae557ebc77ab7fc3240e7d6bc8c8d7bc9ff71823af,122,58968451,2026-09-10T00:17:13+00:00,2026-09-10,buy_stock,305296071,-1364356045088447129,-1.364356045088447129,305.296071,1.364356045088447129,0
4663:0xb2581e399c34f5d5e6b2eb215a259a13947769451fd0701c4d1613c64d77cf82:138,NVDA,v3,0xb2581e399c34f5d5e6b2eb215a259a13947769451fd0701c4d1613c64d77cf82,138,58968451,2026-09-10T00:17:13+00:00,2026-09-10,buy_stock,305295715,-1364352885359277576,-1.364352885359277576,305.295715,1.364352885359277576,0
4663:0x4280fdfbdbe7ad84b95e08a1c92c0cfb3824692ad4eb4de7cf18aa514c6cf015:154,NVDA,v3,0x4280fdfbdbe7ad84b95e08a1c92c0cfb3824692ad4eb4de7cf18aa514c6cf015,154,58968451,2026-09-10T00:17:13+00:00,2026-09-10,buy_stock,305295359,-1364349721167131475,-1.364349721167131475,305.295359,1.364349721167131475,0
4663:0xde7804749825219c47a2d7a2a7d1a4e0f2061047ac1815658ff81314ffce2451:81,NVDA,v3,0xde7804749825219c47a2d7a2a7d1a4e0f2061047ac1815658ff81314ffce2451,81,58968457,2026-09-10T00:17:14+00:00,2026-09-10,buy_stock,122117815,-545737979846364401,-0.545737979846364401,122.117815,0.545737979846364401,0
4663:0xef6d7269871d84cbfd6a1a2e1c2ee5f8e7d7bcb57f153005896814f355721769:97,NVDA,v3,0xef6d7269871d84cbfd6a1a2e1c2ee5f8e7d7bcb57f153005896814f355721769,97,58968457,2026-09-10T00:17:14+00:00,2026-09-10,buy_stock,880299011,-3934001726306061137,-3.934001726306061137,880.299011,3.934001726306061137,0
4663:0xa80509c2c09c798f88aabb3aacbdc5e84541ad3f1291f7fa3f3de1c3190b6d0c:49,NVDA,v3,0xa80509c2c09c798f88aabb3aacbdc5e84541ad3f1291f7fa3f3de1c3190b6d0c,49,58968461,2026-09-10T00:17:14+00:00,2026-09-10,buy_stablecoin,-41377717,185099216795807878,0.185099216795807878,-41.377717,0,41.377717
4663:0x09bef4388795f1942df2946e9b1d54ebe27cc32f5aa048aeb1e70686dcaa9eab:41,NVDA,v3,0x09bef4388795f1942df2946e9b1d54ebe27cc32f5aa048aeb1e70686dcaa9eab,41,58968462,2026-09-10T00:17:15+00:00,2026-09-10,buy_stock,61058596,-272866636415500029,-0.272866636415500029,61.058596,0.272866636415500029,0
4663:0xc1bbc9bd150c6b836629970a45752d4f46455eecdeaa7d934d89a103306163bd:48,NVDA,v3,0xc1bbc9bd150c6b836629970a45752d4f46455eecdeaa7d934d89a103306163bd,48,58968469,2026-09-10T00:17:15+00:00,2026-09-10,buy_stablecoin,-74187866,331872237208592631,0.331872237208592631,-74.187866,0,74.187866
4663:0x8af6c4071818ce5b232aa5edbf801e58a377e5e58f2c7c7b060308b376ba500f:136,NVDA,v3,0x8af6c4071818ce5b232aa5edbf801e58a377e5e58f2c7c7b060308b376ba500f,136,58968470,2026-09-10T00:17:15+00:00,2026-09-10,buy_stock,244229208,-1091443102150390540,-1.09144310215039054,244.229208,1.09144310215039054,0
4663:0x466aeb410cdad06faee393f886313c4c68b1a3dfddbfd87ad47a5560c2b4b422:152,NVDA,v3,0x466aeb410cdad06faee393f886313c4c68b1a3dfddbfd87ad47a5560c2b4b422,152,58968470,2026-09-10T00:17:15+00:00,2026-09-10,buy_stock,244228980,-1091441076426775525,-1.091441076426775525,244.22898,1.091441076426775525,0
4663:0x8b84ac1c6aaee1e057df4099ba7fac66bf0fbf9ba4ee593bd487364742127967:17,NVDA,v3,0x8b84ac1c6aaee1e057df4099ba7fac66bf0fbf9ba4ee593bd487364742127967,17,58968474,2026-09-10T00:17:16+00:00,2026-09-10,buy_stablecoin,-109462595,489669589778213914,0.489669589778213914,-109.462595,0,109.462595
4663:0x05dd939dcd3921a2687c2cb95257ce9a65c460a1e9898c892fcf055bfade1e4d:49,NVDA,v3,0x05dd939dcd3921a2687c2cb95257ce9a65c460a1e9898c892fcf055bfade1e4d,49,58968478,2026-09-10T00:17:16+00:00,2026-09-10,buy_stock,24422838,-109143826915591654,-0.109143826915591654,24.422838,0.109143826915591654,0
4663:0x1e41bea1e62f79661a3b4d7bfe49e6a3040b4b02d23b444d3bbfc4f86cf32d5c:76,NVDA,v3,0x1e41bea1e62f79661a3b4d7bfe49e6a3040b4b02d23b444d3bbfc4f86cf32d5c,76,58968480,2026-09-10T00:17:16+00:00,2026-09-10,buy_stablecoin,-289991950,1297249829713859792,1.297249829713859792,-289.99195,0,289.99195
4663:0x737243ad1c654bac3531c0b873b14d1b926b789e9bd9b05906dd79551c092660:17,NVDA,v3,0x737243ad1c654bac3531c0b873b14d1b926b789e9bd9b05906dd79551c092660,17,58968484,2026-09-10T00:17:17+00:00,2026-09-10,buy_stablecoin,-18845662,84304227227624571,0.084304227227624571,-18.845662,0,18.845662
4663:0x084ccc51424146ee4b0783e6ea70226fad8d9e2fde140cb8662ed1d0980649e4:17,NVDA,v3,0x084ccc51424146ee4b0783e6ea70226fad8d9e2fde140cb8662ed1d0980649e4,17,58968489,2026-09-10T00:17:17+00:00,2026-09-10,buy_stock,24422781,-109143689310063080,-0.10914368931006308,24.422781,0.10914368931006308,0
4663:0xe4fca15dab55dbdccab141168e7856c6067535e4b9083536242d99a9cc304f42:99,NVDA,v3,0xe4fca15dab55dbdccab141168e7856c6067535e4b9083536242d99a9cc304f42,99,58968492,2026-09-10T00:17:18+00:00,2026-09-10,buy_stablecoin,-166451064,744602725600336784,0.744602725600336784,-166.451064,0,166.451064
4663:0x8ebc4f13ad17e802d3432419ed30d2d39abfdb5f69790e32d0b65d375d89090b:14,NVDA,v3,0x8ebc4f13ad17e802d3432419ed30d2d39abfdb5f69790e32d0b65d375d89090b,14,58968495,2026-09-10T00:17:18+00:00,2026-09-10,buy_stablecoin,-59488389,266115666386419759,0.266115666386419759,-59.488389,0,59.488389
4663:0x41ecb9e63f1c61748c5e7faabab1306bae0fdf2a3658feeb5c396269a29248d6:81,NVDA,v3,0x41ecb9e63f1c61748c5e7faabab1306bae0fdf2a3658feeb5c396269a29248d6,81,58968519,2026-09-10T00:17:20+00:00,2026-09-10,buy_stock,12205436,-54545277290929889,-0.054545277290929889,12.205436,0.054545277290929889,0
4663:0x6b401dc605844eec3d91af56100330bc34a5488cce1e034fe59910f7c6b7886f:66,NVDA,v3,0x6b401dc605844eec3d91af56100330bc34a5488cce1e034fe59910f7c6b7886f,66,58968523,2026-09-10T00:17:21+00:00,2026-09-10,buy_stock,244232854,-1091459786720883723,-1.091459786720883723,244.232854,1.091459786720883723,0
4663:0x33506d0a325638053c499bdfc62af2c2e90165124cc211180b24b66e2bc04340:82,NVDA,v3,0x33506d0a325638053c499bdfc62af2c2e90165124cc211180b24b66e2bc04340,82,58968523,2026-09-10T00:17:21+00:00,2026-09-10,buy_stock,244232626,-1091457760966317249,-1.091457760966317249,244.232626,1.091457760966317249,0
4663:0xc7d3f331dad1b72ee4160b970fb1273c82cb6b593322ccb7441eb5c3e962cc04:43,NVDA,v3,0xc7d3f331dad1b72ee4160b970fb1273c82cb6b593322ccb7441eb5c3e962cc04,43,58968536,2026-09-10T00:17:22+00:00,2026-09-10,buy_stock,48846091,-218289487373800697,-0.218289487373800697,48.846091,0.218289487373800697,0
4663:0x2846a231b9ca407ee46ec704d9d6cdf64e12f7ffa458816164d57e37529eafa4:28,NVDA,v3,0x2846a231b9ca407ee46ec704d9d6cdf64e12f7ffa458816164d57e37529eafa4,28,58968541,2026-09-10T00:17:23+00:00,2026-09-10,buy_stock,24423,-109141006907219,-0.000109141006907219,0.024423,0.000109141006907219,0
4663:0x0ab46e5cc8842ad184e349987a8604982d8c85f7f39ef5563cf2c2d25d18bfc3:17,NVDA,v3,0x0ab46e5cc8842ad184e349987a8604982d8c85f7f39ef5563cf2c2d25d18bfc3,17,58968545,2026-09-10T00:17:23+00:00,2026-09-10,buy_stock,48845768,-218288007388195214,-0.218288007388195214,48.845768,0.218288007388195214,0
4663:0x05c8a70aa8c40634ca26d18dc53f8fd9edacb8a05d0f94ecd67ead5481b72599:33,NVDA,v3,0x05c8a70aa8c40634ca26d18dc53f8fd9edacb8a05d0f94ecd67ead5481b72599,33,58968545,2026-09-10T00:17:23+00:00,2026-09-10,buy_stock,244228706,-1091438834029497569,-1.091438834029497569,244.228706,1.091438834029497569,0
4663:0xacbe7cd85eb193161f9198004d87ac56a70a93e837d23fb5a906a5ff0bee3252:10,NVDA,v3,0xacbe7cd85eb193161f9198004d87ac56a70a93e837d23fb5a906a5ff0bee3252,10,58968546,2026-09-10T00:17:23+00:00,2026-09-10,buy_stablecoin,-26107113,116787340397039048,0.116787340397039048,-26.107113,0,26.107113
4663:0x043b4a94c0873277fe592ba95342a02c5c1ef13b274e69425b47e21adc10e317:10,NVDA,v3,0x043b4a94c0873277fe592ba95342a02c5c1ef13b274e69425b47e21adc10e317,10,58968559,2026-09-10T00:17:24+00:00,2026-09-10,buy_stock,48845525,-218286700911720287,-0.218286700911720287,48.845525,0.218286700911720287,0
4663:0xa259c66ece37512489b7d41167e35eb32d8690aabe6f6e7236c4046cca682fd8:20,NVDA,v3,0xa259c66ece37512489b7d41167e35eb32d8690aabe6f6e7236c4046cca682fd8,20,58968571,2026-09-10T00:17:26+00:00,2026-09-10,buy_stablecoin,-725001762,3243220807297045691,3.243220807297045691,-725.001762,0,725.001762
4663:0x242be26835ad20c55ee483f1b57d380e001b67525753c5e2f71b23c3442b2d27:32,NVDA,v3,0x242be26835ad20c55ee483f1b57d380e001b67525753c5e2f71b23c3442b2d27,32,58968588,2026-09-10T00:17:27+00:00,2026-09-10,buy_stock,48844794,-218283989978650461,-0.218283989978650461,48.844794,0.218283989978650461,0
4663:0x37ab05d32ac3abf7e7dca24351f68f57cde915a6bc8de60536bb13381a5a3dda:48,NVDA,v3,0x37ab05d32ac3abf7e7dca24351f68f57cde915a6bc8de60536bb13381a5a3dda,48,58968597,2026-09-10T00:17:28+00:00,2026-09-10,buy_stock,122112433,-545711804168558331,-0.545711804168558331,122.112433,0.545711804168558331,0
4663:0x134ed5292a856d7a8a77a7129423b92a9eba275def90d4fddd75197b9177df8b:64,NVDA,v3,0x134ed5292a856d7a8a77a7129423b92a9eba275def90d4fddd75197b9177df8b,64,58968597,2026-09-10T00:17:28+00:00,2026-09-10,buy_stock,122112376,-545711297746387823,-0.545711297746387823,122.112376,0.545711297746387823,0
4663:0xb775acade4c27a8352d68bb191556cfe6a072441d8d8d8e3af5a0f08d683edd5:49,NVDA,v3,0xb775acade4c27a8352d68bb191556cfe6a072441d8d8d8e3af5a0f08d683edd5,49,58968601,2026-09-10T00:17:29+00:00,2026-09-10,buy_stock,12205435,-54545183649503949,-0.054545183649503949,12.205435,0.054545183649503949,0
4663:0xdaf5e215f97e1cbcbe972085baae674dcec16be019d9bdd8203a399a07169c61:10,NVDA,v3,0xdaf5e215f97e1cbcbe972085baae674dcec16be019d9bdd8203a399a07169c61,10,58968605,2026-09-10T00:17:29+00:00,2026-09-10,buy_stablecoin,-28633752,128090182069846725,0.128090182069846725,-28.633752,0,28.633752
4663:0x69b0276a172265c76128210039b54ef4df943c4d97270e773e04aa13f1627c5b:26,NVDA,v3,0x69b0276a172265c76128210039b54ef4df943c4d97270e773e04aa13f1627c5b,26,58968613,2026-09-10T00:17:30+00:00,2026-09-10,buy_stock,48844851,-218284016882042479,-0.218284016882042479,48.844851,0.218284016882042479,0
4663:0x5224ffcc20338d2b9b36d100e54fe6f9f9d714af8804ecf1e852e7db37627960:28,NVDA,v3,0x5224ffcc20338d2b9b36d100e54fe6f9f9d714af8804ecf1e852e7db37627960,28,58968619,2026-09-10T00:17:31+00:00,2026-09-10,buy_stock,244107861,-1090899337555180413,-1.090899337555180413,244.107861,1.090899337555180413,0
4663:0x0677233474a5e58ad733eb33876f7e960d39df84aac37b9b18a6d903e0d6f995:80,NVDA,v3,0x0677233474a5e58ad733eb33876f7e960d39df84aac37b9b18a6d903e0d6f995,80,58968619,2026-09-10T00:17:31+00:00,2026-09-10,buy_stock,244223259,-1091414035023978235,-1.091414035023978235,244.223259,1.091414035023978235,0
4663:0x440c82b1d7d0babfd7131e578d882f9d772470ffdab64185cbfe5498f5316d5a:42,NVDA,v3,0x440c82b1d7d0babfd7131e578d882f9d772470ffdab64185cbfe5498f5316d5a,42,58968621,2026-09-10T00:17:31+00:00,2026-09-10,buy_stock,122111754,-545707196827569387,-0.545707196827569387,122.111754,0.545707196827569387,0
4663:0x11567ddadcf9b7bfbbe52f7b879f25a2833e87b2131abc3fed62ebd6cb6a0f78:45,NVDA,v3,0x11567ddadcf9b7bfbbe52f7b879f25a2833e87b2131abc3fed62ebd6cb6a0f78,45,58968638,2026-09-10T00:17:32+00:00,2026-09-10,buy_stock,122111799,-545707146467186670,-0.54570714646718667,122.111799,0.54570714646718667,0
4663:0x6b8d5b25439354ec21e88bef5bde8f5b4ef6479fa5e7843ac4dd3e79e9d2a250:47,NVDA,v3,0x6b8d5b25439354ec21e88bef5bde8f5b4ef6479fa5e7843ac4dd3e79e9d2a250,47,58968641,2026-09-10T00:17:33+00:00,2026-09-10,buy_stablecoin,-17302482,77400674669618613,0.077400674669618613,-17.302482,0,17.302482
4663:0x5f0923517824f2645502504467e3b56b27980ab231f82987b9d73d2b2728952b:18,NVDA,v3,0x5f0923517824f2645502504467e3b56b27980ab231f82987b9d73d2b2728952b,18,58968645,2026-09-10T00:17:33+00:00,2026-09-10,buy_stablecoin,-118724124,531098918307395650,0.53109891830739565,-118.724124,0,118.724124
4663:0xcafebccdbb11b35ca59504c6166b7e3b5b65a73e11b7b2175878d7f1b474ff10:16,NVDA,v3,0xcafebccdbb11b35ca59504c6166b7e3b5b65a73e11b7b2175878d7f1b474ff10,16,58968648,2026-09-10T00:17:33+00:00,2026-09-10,buy_stablecoin,-9664518,43233139484707972,0.043233139484707972,-9.664518,0,9.664518
4663:0xcafebccdbb11b35ca59504c6166b7e3b5b65a73e11b7b2175878d7f1b474ff10:38,NVDA,v3,0xcafebccdbb11b35ca59504c6166b7e3b5b65a73e11b7b2175878d7f1b474ff10,38,58968648,2026-09-10T00:17:33+00:00,2026-09-10,buy_stablecoin,-6337970,28352201117465651,0.028352201117465651,-6.33797,0,6.33797
4663:0x11e31575495386c2df92a52c54d11c8da4b2a6a6517686e9e928271c56d5f0c4:47,NVDA,v3,0x11e31575495386c2df92a52c54d11c8da4b2a6a6517686e9e928271c56d5f0c4,47,58968655,2026-09-10T00:17:34+00:00,2026-09-10,buy_stablecoin,-121309744,542665676140013236,0.542665676140013236,-121.309744,0,121.309744
4663:0x9af5102d01cf5f9941999fbde2cb1056529afd85dbbde4e891eb332f406a0412:31,NVDA,v3,0x9af5102d01cf5f9941999fbde2cb1056529afd85dbbde4e891eb332f406a0412,31,58968672,2026-09-10T00:17:36+00:00,2026-09-10,buy_stablecoin,-65744204,294099503597007242,0.294099503597007242,-65.744204,0,65.744204
4663:0xe3b5dc10c9e0612bf44a370ad8302a4e95c11d0b20000e39af7ba9287442552a:13,NVDA,v3,0xe3b5dc10c9e0612bf44a370ad8302a4e95c11d0b20000e39af7ba9287442552a,13,58968698,2026-09-10T00:17:39+00:00,2026-09-10,buy_stablecoin,-114732860,513245071899985192,0.513245071899985192,-114.73286,0,114.73286
4663:0xf3f6e87e9420de28874ff4eff3f8de3b19454ed187abda1e61973663864f962e:18,NVDA,v3,0xf3f6e87e9420de28874ff4eff3f8de3b19454ed187abda1e61973663864f962e,18,58968700,2026-09-10T00:17:39+00:00,2026-09-10,buy_stablecoin,-11685519,52273922325161141,0.052273922325161141,-11.685519,0,11.685519
4663:0x4a168f45846b89a087370f8852ca823e97e6bf5ca6d1550f15efcad224ebd442:46,NVDA,v3,0x4a168f45846b89a087370f8852ca823e97e6bf5ca6d1550f15efcad224ebd442,46,58968704,2026-09-10T00:17:39+00:00,2026-09-10,buy_stock,317483081,-1418805949538457062,-1.418805949538457062,317.483081,1.418805949538457062,0
4663:0xd85cf2644371c896ef8bc11edd0418a9a86607d84d068fb750a36d6fd2e1b7dc:73,NVDA,v3,0xd85cf2644371c896ef8bc11edd0418a9a86607d84d068fb750a36d6fd2e1b7dc,73,58968704,2026-09-10T00:17:39+00:00,2026-09-10,buy_stablecoin,-3459661,15476409422649671,0.015476409422649671,-3.459661,0,3.459661
4663:0x2fb58ae6e3e6ec4d73b87bc88c2afc423dec5554accdcfa7b4c8a4c800908276:16,NVDA,v3,0x2fb58ae6e3e6ec4d73b87bc88c2afc423dec5554accdcfa7b4c8a4c800908276,16,58968721,2026-09-10T00:17:41+00:00,2026-09-10,buy_stablecoin,-85375132,381916152102605232,0.381916152102605232,-85.375132,0,85.375132
4663:0x149b85d771d37cedc4cad5ffd19fcf777dcd393ee0168e782a3ff9598a08b04e:13,NVDA,v3,0x149b85d771d37cedc4cad5ffd19fcf777dcd393ee0168e782a3ff9598a08b04e,13,58968724,2026-09-10T00:17:41+00:00,2026-09-10,buy_stablecoin,-1267049353,5668018704907110071,5.668018704907110071,-1267.049353,0,1267.049353
4663:0x2cd0720ffa2cd88b1475c94ac2ccdb689e391fa1b5d4faa23ba9a777d7360df9:47,NVDA,v3,0x2cd0720ffa2cd88b1475c94ac2ccdb689e391fa1b5d4faa23ba9a777d7360df9,47,58968729,2026-09-10T00:17:42+00:00,2026-09-10,buy_stablecoin,-54257144,242714522127997869,0.242714522127997869,-54.257144,0,54.257144
4663:0x9f00ca910ba171ce8ad1830edd8f3aca81f7b5a84bbf52e6e6cd60d6f4393c99:75,NVDA,v3,0x9f00ca910ba171ce8ad1830edd8f3aca81f7b5a84bbf52e6e6cd60d6f4393c99,75,58968730,2026-09-10T00:17:42+00:00,2026-09-10,buy_stablecoin,-300997388,1346486011838492929,1.346486011838492929,-300.997388,0,300.997388
4663:0x41d53fb158bceb0427b044b303f09c55d4e41f1715280f302c851572ce032dda:97,NVDA,v3,0x41d53fb158bceb0427b044b303f09c55d4e41f1715280f302c851572ce032dda,97,58968730,2026-09-10T00:17:42+00:00,2026-09-10,buy_stock,73265704,-327420319537030459,-0.327420319537030459,73.265704,0.327420319537030459,0
4663:0x94d0600f4206ebf6ddef5276c503e7d110df235ebfd666cb0fd4be80e11cbc3a:27,NVDA,v3,0x94d0600f4206ebf6ddef5276c503e7d110df235ebfd666cb0fd4be80e11cbc3a,27,58968731,2026-09-10T00:17:42+00:00,2026-09-10,buy_stablecoin,-174178893,779174828695958141,0.779174828695958141,-174.178893,0,174.178893
4663:0xa7811003f5099b4c47173511aaa868dadfcfce840e53b2e190966d9fe7d005e6:16,NVDA,v3,0xa7811003f5099b4c47173511aaa868dadfcfce840e53b2e190966d9fe7d005e6,16,58968732,2026-09-10T00:17:42+00:00,2026-09-10,buy_stablecoin,-31549829,141135601100348237,0.141135601100348237,-31.549829,0,31.549829
4663:0xf24861562b5f4db358d332c051fae756b61f6cb3a2771d49139b85591456a436:33,NVDA,v3,0xf24861562b5f4db358d332c051fae756b61f6cb3a2771d49139b85591456a436,33,58968732,2026-09-10T00:17:42+00:00,2026-09-10,buy_stablecoin,-3868178,17303981962185783,0.017303981962185783,-3.868178,0,3.868178
4663:0x425af9f7ea919a7429ebfecd4d95a1e48c6120ae258a230158001b15e408a2e9:29,NVDA,v3,0x425af9f7ea919a7429ebfecd4d95a1e48c6120ae258a230158001b15e408a2e9,29,58968733,2026-09-10T00:17:42+00:00,2026-09-10,buy_stablecoin,-40412477,180781962845165178,0.180781962845165178,-40.412477,0,40.412477
4663:0x9fb8ac3b3bce3c4f00848c3cecb8446d40f5babe2d7775ef53ab3c66ce7bc769:8,NVDA,v3,0x9fb8ac3b3bce3c4f00848c3cecb8446d40f5babe2d7775ef53ab3c66ce7bc769,8,58968735,2026-09-10T00:17:42+00:00,2026-09-10,buy_stock,122109592,-545701228155183409,-0.545701228155183409,122.109592,0.545701228155183409,0
4663:0x348764e608f7e4d73b7cfdea122d0e318c2539628bc13b566805ea842acbdc51:125,NVDA,v3,0x348764e608f7e4d73b7cfdea122d0e318c2539628bc13b566805ea842acbdc51,125,58968742,2026-09-10T00:17:43+00:00,2026-09-10,buy_stock,317484708,-1418820982187328435,-1.418820982187328435,317.484708,1.418820982187328435,0
4663:0xeed2217acb9c357e6f601c9dbb4fc6641e1330d225b8e91dffb3fabfa4593694:162,NVDA,v3,0xeed2217acb9c357e6f601c9dbb4fc6641e1330d225b8e91dffb3fabfa4593694,162,58968742,2026-09-10T00:17:43+00:00,2026-09-10,buy_stablecoin,-94753637,423872169115191354,0.423872169115191354,-94.753637,0,94.753637
4663:0x6f14d8439d2c576f0aa2e2006aa5e7d57d87021b417d6d7f5b8769bc1c180064:31,NVDA,v3,0x6f14d8439d2c576f0aa2e2006aa5e7d57d87021b417d6d7f5b8769bc1c180064,31,58968744,2026-09-10T00:17:43+00:00,2026-09-10,buy_stock,41517232,-185538072037256394,-0.185538072037256394,41.517232,0.185538072037256394,0
4663:0xcbc4798baf2b15381d46cc5823dd9410b378e3d18e1e80b9ee518b1240ca4531:31,NVDA,v3,0xcbc4798baf2b15381d46cc5823dd9410b378e3d18e1e80b9ee518b1240ca4531,31,58968747,2026-09-10T00:17:43+00:00,2026-09-10,buy_stock,48843893,-218280454396568294,-0.218280454396568294,48.843893,0.218280454396568294,0
4663:0x97d44053d143cb7d3b47f58e9cd3c553e71556f4d2439e7fc4fd913aae3425b4:101,NVDA,v3,0x97d44053d143cb7d3b47f58e9cd3c553e71556f4d2439e7fc4fd913aae3425b4,101,58968752,2026-09-10T00:17:44+00:00,2026-09-10,buy_stablecoin,-931894821,4168757229564132994,4.168757229564132994,-931.894821,0,931.894821
4663:0xe885949e0b55c15a82a76cb6ad6cbaf566edc9e27d8fbbd7c0aedf07a240f6a0:12,NVDA,v3,0xe885949e0b55c15a82a76cb6ad6cbaf566edc9e27d8fbbd7c0aedf07a240f6a0,12,58968755,2026-09-10T00:17:44+00:00,2026-09-10,buy_stablecoin,-1069715802,4785306492222023838,4.785306492222023838,-1069.715802,0,1069.715802
4663:0x3e457952bc072fea0ed274199dd26c36eb3d94d0c04d2aa5106ed8279f3b4059:11,NVDA,v3,0x3e457952bc072fea0ed274199dd26c36eb3d94d0c04d2aa5106ed8279f3b4059,11,58968758,2026-09-10T00:17:45+00:00,2026-09-10,buy_stablecoin,-351166857,1570927106174314985,1.570927106174314985,-351.166857,0,351.166857
4663:0xb671237c0f81e80112306859e970f84b72c5558156d8b97e8f8e0c8035f62f7e:29,NVDA,v3,0xb671237c0f81e80112306859e970f84b72c5558156d8b97e8f8e0c8035f62f7e,29,58968758,2026-09-10T00:17:45+00:00,2026-09-10,buy_stablecoin,-588506489,2632658576165828804,2.632658576165828804,-588.506489,0,588.506489
4663:0xb73dd2293d667656784911e16049438514d8b1e0176be80b3beaaa3f5b3f1f2a:40,NVDA,v3,0xb73dd2293d667656784911e16049438514d8b1e0176be80b3beaaa3f5b3f1f2a,40,58968760,2026-09-10T00:17:45+00:00,2026-09-10,buy_stablecoin,-465034230,2080314851145551586,2.080314851145551586,-465.03423,0,465.03423
4663:0x56ac43822a5014916746b8905d77802cb485b8b9218a73cc9cf36793cf32cd90:13,NVDA,v3,0x56ac43822a5014916746b8905d77802cb485b8b9218a73cc9cf36793cf32cd90,13,58968764,2026-09-10T00:17:45+00:00,2026-09-10,buy_stablecoin,-230516782,1031210358393900796,1.031210358393900796,-230.516782,0,230.516782
4663:0x2811a71944ed0cf589dd4f13b3543fc1a4cc8d47df93adb902920163e45475ec:30,NVDA,v3,0x2811a71944ed0cf589dd4f13b3543fc1a4cc8d47df93adb902920163e45475ec,30,58968764,2026-09-10T00:17:45+00:00,2026-09-10,buy_stablecoin,-199214125,891179526424699419,0.891179526424699419,-199.214125,0,199.214125
4663:0x45fb85821859ba63f3fad492516c8df8fcc94902daa22cd8499733900f8314ce:49,NVDA,v3,0x45fb85821859ba63f3fad492516c8df8fcc94902daa22cd8499733900f8314ce,49,58968764,2026-09-10T00:17:45+00:00,2026-09-10,buy_stablecoin,-200146672,895351925105609169,0.895351925105609169,-200.146672,0,200.146672
4663:0x64c209f11e310b54871e7a84cd68e56fd5a96688dcb3ad6ce7bb85ebc8c24730:67,NVDA,v3,0x64c209f11e310b54871e7a84cd68e56fd5a96688dcb3ad6ce7bb85ebc8c24730,67,58968764,2026-09-10T00:17:45+00:00,2026-09-10,buy_stablecoin,-211472129,946016855217040710,0.94601685521704071,-211.472129,0,211.472129
4663:0x3eb94a0be3da89407040d83e97225ec355a953b563fff62519e9002cefb21ec8:84,NVDA,v3,0x3eb94a0be3da89407040d83e97225ec355a953b563fff62519e9002cefb21ec8,84,58968764,2026-09-10T00:17:45+00:00,2026-09-10,buy_stablecoin,-165922905,742253731000052317,0.742253731000052317,-165.922905,0,165.922905
4663:0xf8706048b19ce18b1b98109c566a19774c9713375d1e8cb7cee5dca32ae8f481:14,NVDA,v3,0xf8706048b19ce18b1b98109c566a19774c9713375d1e8cb7cee5dca32ae8f481,14,58968765,2026-09-10T00:17:45+00:00,2026-09-10,buy_stock,98441019,-439934272005214598,-0.439934272005214598,98.441019,0.439934272005214598,0
4663:0x4dcc968047536498609ca4a0e1b7a874e3769952dec2d48b216445ff4764a524:33,NVDA,v3,0x4dcc968047536498609ca4a0e1b7a874e3769952dec2d48b216445ff4764a524,33,58968773,2026-09-10T00:17:46+00:00,2026-09-10,buy_stablecoin,-135494056,606130833486382169,0.606130833486382169,-135.494056,0,135.494056
4663:0x9080a310524c5fb530f04d1dd31f98ce1c7944cfc49b19e3dec5d824accb63f6:13,NVDA,v3,0x9080a310524c5fb530f04d1dd31f98ce1c7944cfc49b19e3dec5d824accb63f6,13,58968775,2026-09-10T00:17:46+00:00,2026-09-10,buy_stablecoin,-3685010,16484848104078488,0.016484848104078488,-3.68501,0,3.68501
4663:0x6139b0032d352ba1450d459cd084db3b1436290d6f699c8888727fc36c40d0de:22,NVDA,v3,0x6139b0032d352ba1450d459cd084db3b1436290d6f699c8888727fc36c40d0de,22,58968776,2026-09-10T00:17:46+00:00,2026-09-10,buy_stock,244222474,-1091433475441253259,-1.091433475441253259,244.222474,1.091433475441253259,0
4663:0x856a90b056c0b70317c2d10cd7116141cd95874f089f0b49125f4fb9cc935dd0:11,NVDA,v3,0x856a90b056c0b70317c2d10cd7116141cd95874f089f0b49125f4fb9cc935dd0,11,58968779,2026-09-10T00:17:47+00:00,2026-09-10,buy_stablecoin,-36361963,162664659124400936,0.162664659124400936,-36.361963,0,36.361963
4663:0x5c22ca0ae9d5fa17ad82012a1d0b7a45f8c9d6850cd0e7a709e2c31cc0527aa7:47,NVDA,v3,0x5c22ca0ae9d5fa17ad82012a1d0b7a45f8c9d6850cd0e7a709e2c31cc0527aa7,47,58968782,2026-09-10T00:17:47+00:00,2026-09-10,buy_stock,146533543,-654859955101679322,-0.654859955101679322,146.533543,0.654859955101679322,0
4663:0x566045afb0cf85577ead3bea67647ba770d0d40fa9718cc811caf03035e677cc:87,NVDA,v3,0x566045afb0cf85577ead3bea67647ba770d0d40fa9718cc811caf03035e677cc,87,58968783,2026-09-10T00:17:47+00:00,2026-09-10,buy_stock,48844416,-218286128545582481,-0.218286128545582481,48.844416,0.218286128545582481,0
4663:0x650831df7a87e13fe63fea3d07a1c086d738e0723affb1e564699b219367251a:106,NVDA,v3,0x650831df7a87e13fe63fea3d07a1c086d738e0723affb1e564699b219367251a,106,58968783,2026-09-10T00:17:47+00:00,2026-09-10,buy_stablecoin,-257308175,1151063766037685202,1.151063766037685202,-257.308175,0,257.308175
4663:0x32aacc9add75e51b1bbf368619966f961c1f9843ece89a154c004882c2899dd4:8,NVDA,v3,0x32aacc9add75e51b1bbf368619966f961c1f9843ece89a154c004882c2899dd4,8,58968786,2026-09-10T00:17:47+00:00,2026-09-10,buy_stock,97688885,-436572802073346915,-0.436572802073346915,97.688885,0.436572802073346915,0
4663:0x64119ed4ad5f8a2d3a88996927baec32b3b687dd925772185fd557902eca2fcf:24,NVDA,v3,0x64119ed4ad5f8a2d3a88996927baec32b3b687dd925772185fd557902eca2fcf,24,58968786,2026-09-10T00:17:47+00:00,2026-09-10,buy_stock,97688849,-436572480105311440,-0.43657248010531144,97.688849,0.43657248010531144,0
4663:0xc07868fdfd1450c29322dea351f76ca6892247e49e9afc4ccbad530a1aead067:40,NVDA,v3,0xc07868fdfd1450c29322dea351f76ca6892247e49e9afc4ccbad530a1aead067,40,58968786,2026-09-10T00:17:47+00:00,2026-09-10,buy_stock,97688813,-436572158137543115,-0.436572158137543115,97.688813,0.436572158137543115,0
4663:0x94dac265c7bd0832cc00a6abe43bdaf6b13bd2d6a2369447b718e74219f0b62b:56,NVDA,v3,0x94dac265c7bd0832cc00a6abe43bdaf6b13bd2d6a2369447b718e74219f0b62b,56,58968786,2026-09-10T00:17:47+00:00,2026-09-10,buy_stock,97688776,-436571831698800034,-0.436571831698800034,97.688776,0.436571831698800034,0
4663:0xce68eb5dfc11202112d2dbfc3bd8538e382a41ac3096bba6e4738f1e6be08795:72,NVDA,v3,0xce68eb5dfc11202112d2dbfc3bd8538e382a41ac3096bba6e4738f1e6be08795,72,58968786,2026-09-10T00:17:47+00:00,2026-09-10,buy_stock,97688740,-436571509731569307,-0.436571509731569307,97.68874,0.436571509731569307,0
4663:0x5d1f8e66e25bc25ac1d1fc770dacb312cc86e0d8409beba77b20afd7b3326a9e:96,NVDA,v3,0x5d1f8e66e25bc25ac1d1fc770dacb312cc86e0d8409beba77b20afd7b3326a9e,96,58968786,2026-09-10T00:17:47+00:00,2026-09-10,buy_stablecoin,-7510845,33599593790451622,0.033599593790451622,-7.510845,0,7.510845
4663:0xfd64a95d9e3bc2008848498be0ec178cef44abeda2e90243fc1b7721a33d8444:16,NVDA,v3,0xfd64a95d9e3bc2008848498be0ec178cef44abeda2e90243fc1b7721a33d8444,16,58968790,2026-09-10T00:17:48+00:00,2026-09-10,buy_stablecoin,-68867569,308077536775799999,0.308077536775799999,-68.867569,0,68.867569
4663:0x08f625b0f487b94428f7fe20e3efdad7daf286f4bd20b12a844f43dbf225a6e1:94,NVDA,v3,0x08f625b0f487b94428f7fe20e3efdad7daf286f4bd20b12a844f43dbf225a6e1,94,58968793,2026-09-10T00:17:48+00:00,2026-09-10,buy_stock,122054088,-545460312658016364,-0.545460312658016364,122.054088,0.545460312658016364,0
4663:0x15bc3f4038cfd9776296691f87336e97a95c5d8f37337cf2c4eed6fd2dac8a76:87,NVDA,v3,0x15bc3f4038cfd9776296691f87336e97a95c5d8f37337cf2c4eed6fd2dac8a76,87,58968798,2026-09-10T00:17:49+00:00,2026-09-10,buy_stablecoin,-410923851,1838259507054627958,1.838259507054627958,-410.923851,0,410.923851
4663:0x5cc8fb200c49ecacf2f6e1ce5c67be1b3d4cc618df1f1340365952e33979ca04:68,NVDA,v3,0x5cc8fb200c49ecacf2f6e1ce5c67be1b3d4cc618df1f1340365952e33979ca04,68,58968799,2026-09-10T00:17:49+00:00,2026-09-10,buy_stock,122111072,-545715572112550643,-0.545715572112550643,122.111072,0.545715572112550643,0
4663:0xf5317c8695ed2f5ce61efbfa9fd0e21346d103f43457814c225239980d71a75a:16,NVDA,v3,0xf5317c8695ed2f5ce61efbfa9fd0e21346d103f43457814c225239980d71a75a,16,58968803,2026-09-10T00:17:49+00:00,2026-09-10,buy_stablecoin,-13063299,58438425638582945,0.058438425638582945,-13.063299,0,13.063299
4663:0x930683e86ac416322872e0ba4f47ec11e48454c84f5de906973322c0ed80ba85:65,NVDA,v3,0x930683e86ac416322872e0ba4f47ec11e48454c84f5de906973322c0ed80ba85,65,58968808,2026-09-10T00:17:50+00:00,2026-09-10,buy_stablecoin,-12238757,54749852188369945,0.054749852188369945,-12.238757,0,12.238757
4663:0x1894340a551b14f3bf2996447c179d1bec403b05a86f08b824797fa74dcd0a80:22,NVDA,v3,0x1894340a551b14f3bf2996447c179d1bec403b05a86f08b824797fa74dcd0a80,22,58968813,2026-09-10T00:17:50+00:00,2026-09-10,buy_stablecoin,-11025154,49320824443317841,0.049320824443317841,-11.025154,0,11.025154
4663:0xad5a56eed666cd790d27b0286565dadaa3e4a7240e9270ed33ce6fadf3046d1d:28,NVDA,v3,0xad5a56eed666cd790d27b0286565dadaa3e4a7240e9270ed33ce6fadf3046d1d,28,58968816,2026-09-10T00:17:50+00:00,2026-09-10,buy_stock,48844527,-218286624750414701,-0.218286624750414701,48.844527,0.218286624750414701,0
4663:0x2098341666e88ff6210021159f7b7bb8b70aede2f936aae60006851f0c93033a:44,NVDA,v3,0x2098341666e88ff6210021159f7b7bb8b70aede2f936aae60006851f0c93033a,44,58968816,2026-09-10T00:17:50+00:00,2026-09-10,buy_stock,48844518,-218286544258320628,-0.218286544258320628,48.844518,0.218286544258320628,0
4663:0x42d09400410557068914e6d00ef4f435a6ae506f9f44b65f20dd14466f85a56a:60,NVDA,v3,0x42d09400410557068914e6d00ef4f435a6ae506f9f44b65f20dd14466f85a56a,60,58968816,2026-09-10T00:17:50+00:00,2026-09-10,buy_stock,48844509,-218286463766259948,-0.218286463766259948,48.844509,0.218286463766259948,0
4663:0xe98ab33bd95b33258455b6d071185c94a59c15345fdfcd1f157de5de86741599:76,NVDA,v3,0xe98ab33bd95b33258455b6d071185c94a59c15345fdfcd1f157de5de86741599,76,58968816,2026-09-10T00:17:50+00:00,2026-09-10,buy_stock,48844500,-218286383274232662,-0.218286383274232662,48.8445,0.218286383274232662,0
4663:0xdebaf3a75de84f6fd7fd454674b218124ec3fdffcec82ba82179ac1b2e6dcaaa:92,NVDA,v3,0xdebaf3a75de84f6fd7fd454674b218124ec3fdffcec82ba82179ac1b2e6dcaaa,92,58968816,2026-09-10T00:17:50+00:00,2026-09-10,buy_stock,48844491,-218286302782238770,-0.21828630278223877,48.844491,0.21828630278223877,0
4663:0xc308797ab998f713007a274dd5d28164a6e827e282ce77d4ddf38a96f971acee:9,NVDA,v3,0xc308797ab998f713007a274dd5d28164a6e827e282ce77d4ddf38a96f971acee,9,58968827,2026-09-10T00:17:52+00:00,2026-09-10,buy_stock,122111425,-545716470634890620,-0.54571647063489062,122.111425,0.54571647063489062,0
4663:0x353e175ffc645ce15cc06b4bd98e515b0408143e13ba2f3b382c25a62c125f0c:36,NVDA,v3,0x353e175ffc645ce15cc06b4bd98e515b0408143e13ba2f3b382c25a62c125f0c,36,58968833,2026-09-10T00:17:52+00:00,2026-09-10,buy_stock,75390415,-336919952577263490,-0.33691995257726349,75.390415,0.33691995257726349,0
4663:0x3d23fc2329fd3dbed80e8310f77acecce7ea89955e20137c6d627309b1a5e3ac:52,NVDA,v3,0x3d23fc2329fd3dbed80e8310f77acecce7ea89955e20137c6d627309b1a5e3ac,52,58968833,2026-09-10T00:17:52+00:00,2026-09-10,buy_stock,60752855,-271504590971557192,-0.271504590971557192,60.752855,0.271504590971557192,0
4663:0xb9d981987bf91fed894bfc019251186d8278400cc9d761759081773109a62923:68,NVDA,v3,0xb9d981987bf91fed894bfc019251186d8278400cc9d761759081773109a62923,68,58968833,2026-09-10T00:17:52+00:00,2026-09-10,buy_stock,68603023,-306586928203812840,-0.30658692820381284,68.603023,0.30658692820381284,0
4663:0x37db699df7c850c0704f51c36e126913b964f8538f175f9961618588cde9b16e:84,NVDA,v3,0x37db699df7c850c0704f51c36e126913b964f8538f175f9961618588cde9b16e,84,58968833,2026-09-10T00:17:52+00:00,2026-09-10,buy_stock,79981253,-357436141757297487,-0.357436141757297487,79.981253,0.357436141757297487,0
4663:0xcd0de1758c2be535bf4289a26aeba283cc2c30f232f7c931ce406a7837770829:102,NVDA,v3,0xcd0de1758c2be535bf4289a26aeba283cc2c30f232f7c931ce406a7837770829,102,58968833,2026-09-10T00:17:52+00:00,2026-09-10,buy_stock,81606495,-364699233775654036,-0.364699233775654036,81.606495,0.364699233775654036,0
4663:0x349ea93d7795400f0609adee80f5f955daffc1c7a4382a3940298d3c1c794102:128,NVDA,v3,0x349ea93d7795400f0609adee80f5f955daffc1c7a4382a3940298d3c1c794102,128,58968833,2026-09-10T00:17:52+00:00,2026-09-10,buy_stock,9893058,-44212043546091265,-0.044212043546091265,9.893058,0.044212043546091265,0
4663:0x715221295f57d43848838dbf4d3ccd8fd76e254f33c66a2fc5fd7f98c2582316:13,NVDA,v3,0x715221295f57d43848838dbf4d3ccd8fd76e254f33c66a2fc5fd7f98c2582316,13,58968835,2026-09-10T00:17:52+00:00,2026-09-10,buy_stablecoin,-254582623,1138868066441211752,1.138868066441211752,-254.582623,0,254.582623
4663:0xec89f694edead4e72ad48173a4be14649470f3c28079c81da6ef6f51d25256c9:59,NVDA,v3,0xec89f694edead4e72ad48173a4be14649470f3c28079c81da6ef6f51d25256c9,59,58968835,2026-09-10T00:17:52+00:00,2026-09-10,buy_stock,58613398,-261943311319952590,-0.26194331131995259,58.613398,0.26194331131995259,0
4663:0x9936dae06aece3300da22076b6ccff82a32a3de92d7da9a156b7977555ef243a:46,NVDA,v3,0x9936dae06aece3300da22076b6ccff82a32a3de92d7da9a156b7977555ef243a,46,58968839,2026-09-10T00:17:53+00:00,2026-09-10,buy_stablecoin,-169535700,758413536760764436,0.758413536760764436,-169.5357,0,169.5357
4663:0x5f62e2605b0bace9b1cbdcf7312971b1ff89bd3226578dbc47da1422d812f0d3:62,NVDA,v3,0x5f62e2605b0bace9b1cbdcf7312971b1ff89bd3226578dbc47da1422d812f0d3,62,58968840,2026-09-10T00:17:53+00:00,2026-09-10,buy_stock,122111204,-545715209271262050,-0.54571520927126205,122.111204,0.54571520927126205,0
4663:0x246ff21ad6fae0fffab3f0de1648968441f230a0f1ffe435f4bbfb5c1fcce911:78,NVDA,v3,0x246ff21ad6fae0fffab3f0de1648968441f230a0f1ffe435f4bbfb5c1fcce911,78,58968840,2026-09-10T00:17:53+00:00,2026-09-10,buy_stock,122111147,-545714702843848062,-0.545714702843848062,122.111147,0.545714702843848062,0
4663:0x77aff73d07da6d1bced1940f4f6fde44cceed81a64d0a5f6e8fba38abba2e235:9,NVDA,v3,0x77aff73d07da6d1bced1940f4f6fde44cceed81a64d0a5f6e8fba38abba2e235,9,58968842,2026-09-10T00:17:53+00:00,2026-09-10,buy_stock,48844420,-218285634532263976,-0.218285634532263976,48.84442,0.218285634532263976,0
4663:0x5a32441b8f0a6a3581c0643c62086c7740188d5802755bdb49bbcbc7e79425ea:76,NVDA,v3,0x5a32441b8f0a6a3581c0643c62086c7740188d5802755bdb49bbcbc7e79425ea,76,58968844,2026-09-10T00:17:53+00:00,2026-09-10,buy_stablecoin,-14610110,65357897341936191,0.065357897341936191,-14.61011,0,14.61011
4663:0x6bc8b4ad0994dd7b2a3cde9d622d85653643d7acd897fcb69e35e1cef24b9646:101,NVDA,v3,0x6bc8b4ad0994dd7b2a3cde9d622d85653643d7acd897fcb69e35e1cef24b9646,101,58968850,2026-09-10T00:17:54+00:00,2026-09-10,buy_stock,48841685,-218273386447219129,-0.218273386447219129,48.841685,0.218273386447219129,0
4663:0xf746ead27eb09cba1926dd67122de76caf43748c2a85fa38d6403a1b732574fb:51,NVDA,v3,0xf746ead27eb09cba1926dd67122de76caf43748c2a85fa38d6403a1b732574fb,51,58968851,2026-09-10T00:17:54+00:00,2026-09-10,buy_stock,244208314,-1091365832238824158,-1.091365832238824158,244.208314,1.091365832238824158,0
4663:0x6a39dc51ae84fffc152835dde1c111d6a488176961f4c352cf6280a19205d1cb:12,NVDA,v3,0x6a39dc51ae84fffc152835dde1c111d6a488176961f4c352cf6280a19205d1cb,12,58968853,2026-09-10T00:17:54+00:00,2026-09-10,buy_stablecoin,-448387800,2005849145242233604,2.005849145242233604,-448.3878,0,448.3878
4663:0xa35ec343bb0168a23086b4f0c0c705f72224bc97368102d8eea3faf5b8426540:8,NVDA,v3,0xa35ec343bb0168a23086b4f0c0c705f72224bc97368102d8eea3faf5b8426540,8,58968861,2026-09-10T00:17:55+00:00,2026-09-10,buy_stock,488413345,-2182717677006382891,-2.182717677006382891,488.413345,2.182717677006382891,0
4663:0xd47f5051478355757e6ae3af76ec8339c5af718ebb4c409bb2cc0c4271c4aaec:9,NVDA,v3,0xd47f5051478355757e6ae3af76ec8339c5af718ebb4c409bb2cc0c4271c4aaec,9,58968874,2026-09-10T00:17:56+00:00,2026-09-10,buy_stock,12112763,-54131845242406256,-0.054131845242406256,12.112763,0.054131845242406256,0
4663:0x3ebfebf95596096164cfc81bd2bf7df47016c9b54fc64aa209fb14ecbe65eb94:25,NVDA,v3,0x3ebfebf95596096164cfc81bd2bf7df47016c9b54fc64aa209fb14ecbe65eb94,25,58968874,2026-09-10T00:17:56+00:00,2026-09-10,buy_stock,12112762,-54131838295878081,-0.054131838295878081,12.112762,0.054131838295878081,0
4663:0xe0d0f4e9061ce3a3c8e26bc1b151d1050c2234d0b4df9995d29a1a4c654f4765:55,NVDA,v3,0xe0d0f4e9061ce3a3c8e26bc1b151d1050c2234d0b4df9995d29a1a4c654f4765,55,58968874,2026-09-10T00:17:56+00:00,2026-09-10,buy_stablecoin,-20579842,92063202839769274,0.092063202839769274,-20.579842,0,20.579842
4663:0x8b7169b77868eb9baced46917ab7b0929244087f8d5bbdaa61727326d93a73ce:143,NVDA,v3,0x8b7169b77868eb9baced46917ab7b0929244087f8d5bbdaa61727326d93a73ce,143,58968876,2026-09-10T00:17:57+00:00,2026-09-10,buy_stock,48841769,-218273484761963984,-0.218273484761963984,48.841769,0.218273484761963984,0
4663:0xef7bdcdb6eea9384da2593cede00597828acb3c99af89445494ac210a5109d31:98,NVDA,v3,0xef7bdcdb6eea9384da2593cede00597828acb3c99af89445494ac210a5109d31,98,58968880,2026-09-10T00:17:57+00:00,2026-09-10,buy_stock,488418776,-2182737489828140739,-2.182737489828140739,488.418776,2.182737489828140739,0
4663:0xdb905ce653c534f04d9b7e6fbd0e98aaba091234581ff3da95c7b15e4cc09385:50,NVDA,v3,0xdb905ce653c534f04d9b7e6fbd0e98aaba091234581ff3da95c7b15e4cc09385,50,58968885,2026-09-10T00:17:57+00:00,2026-09-10,buy_stablecoin,-52929207,236776498280291259,0.236776498280291259,-52.929207,0,52.929207
4663:0xd772ea837ca77c8393f2e0b940ee96e8b8336ea1b91bcdfe62fe65422b3532dd:24,NVDA,v3,0xd772ea837ca77c8393f2e0b940ee96e8b8336ea1b91bcdfe62fe65422b3532dd,24,58968892,2026-09-10T00:17:58+00:00,2026-09-10,buy_stablecoin,-30908770,138269058483944770,0.13826905848394477,-30.90877,0,30.90877
4663:0x6e5f4c67c64df40733070750b5d15854da73052ff03bb831ef6a43ea157d7a20:41,NVDA,v3,0x6e5f4c67c64df40733070750b5d15854da73052ff03bb831ef6a43ea157d7a20,41,58968892,2026-09-10T00:17:58+00:00,2026-09-10,buy_stablecoin,-26666268,119290418857046620,0.11929041885704662,-26.666268,0,26.666268
4663:0xe2b9ab0c75518b65938e93c31ef25c562d1c8da81d8e87d21c20bbbae9f48aa4:58,NVDA,v3,0xe2b9ab0c75518b65938e93c31ef25c562d1c8da81d8e87d21c20bbbae9f48aa4,58,58968892,2026-09-10T00:17:58+00:00,2026-09-10,buy_stablecoin,-33778962,151108773680298866,0.151108773680298866,-33.778962,0,33.778962
4663:0xc06956642dc7219f95e6b2a0fbdbf3b7e5960503840d81db88c7608d160d0796:11,NVDA,v3,0xc06956642dc7219f95e6b2a0fbdbf3b7e5960503840d81db88c7608d160d0796,11,58968901,2026-09-10T00:17:59+00:00,2026-09-10,buy_stablecoin,-63514960,284131564011455481,0.284131564011455481,-63.51496,0,63.51496
4663:0x6974fdededcd773519173538decf23bd22213661f9c5498b7d7a9ab8f6fcad33:9,NVDA,v3,0x6974fdededcd773519173538decf23bd22213661f9c5498b7d7a9ab8f6fcad33,9,58968905,2026-09-10T00:17:59+00:00,2026-09-10,buy_stock,244210591,-1091373466652696900,-1.0913734666526969,244.210591,1.0913734666526969,0
4663:0x27b8be5e197fb54d78b3d0cfc5cb1967cdfd3e7628595b0c0a853fa33ade8e27:11,NVDA,v3,0x27b8be5e197fb54d78b3d0cfc5cb1967cdfd3e7628595b0c0a853fa33ade8e27,11,58968914,2026-09-10T00:18:00+00:00,2026-09-10,buy_stablecoin,-174977299,782753382062709322,0.782753382062709322,-174.977299,0,174.977299
4663:0xa33749741d7289a58b8b944726020ecb904d38b492564f80fc0116df1fe8f05a:25,NVDA,v3,0xa33749741d7289a58b8b944726020ecb904d38b492564f80fc0116df1fe8f05a,25,58968928,2026-09-10T00:18:02+00:00,2026-09-10,buy_stablecoin,-4218359,18870654519564085,0.018870654519564085,-4.218359,0,4.218359
4663:0xfa189f7c5e3a1223cb32051d411e62b52ee209f7f876ae81ed573bdb0ccc264c:61,NVDA,v3,0xfa189f7c5e3a1223cb32051d411e62b52ee209f7f876ae81ed573bdb0ccc264c,61,58968933,2026-09-10T00:18:02+00:00,2026-09-10,buy_stock,24411006,-109092436127085213,-0.109092436127085213,24.411006,0.109092436127085213,0
4663:0xeaf550bad2aa9a99fd191dbb7db7bdd000161a9b877c53b02896fbedc5991e38:29,NVDA,v3,0xeaf550bad2aa9a99fd191dbb7db7bdd000161a9b877c53b02896fbedc5991e38,29,58968947,2026-09-10T00:18:04+00:00,2026-09-10,buy_stock,122055551,-545464368282443655,-0.545464368282443655,122.055551,0.545464368282443655,0
4663:0xf253b61a2f6f1300442c47cca59886485e1364f40943373c686703acc665199a:51,NVDA,v3,0xf253b61a2f6f1300442c47cca59886485e1364f40943373c686703acc665199a,51,58968956,2026-09-10T00:18:05+00:00,2026-09-10,buy_stablecoin,-92648302,414458162510548841,0.414458162510548841,-92.648302,0,92.648302
4663:0x546846da5a1e568e79abfde5d871be265970fb871ccf2ec0971f62e5fffe6e04:46,NVDA,v3,0x546846da5a1e568e79abfde5d871be265970fb871ccf2ec0971f62e5fffe6e04,46,58968958,2026-09-10T00:18:05+00:00,2026-09-10,buy_stablecoin,-62219455,278336116423043286,0.278336116423043286,-62.219455,0,62.219455
4663:0x9a1d649166f08a3a3b6f31d90f6940530065f1ed2a749e382996a38ab43e1e53:43,NVDA,v3,0x9a1d649166f08a3a3b6f31d90f6940530065f1ed2a749e382996a38ab43e1e53,43,58968969,2026-09-10T00:18:06+00:00,2026-09-10,buy_stock,24429359,-109174459702702066,-0.109174459702702066,24.429359,0.109174459702702066,0
4663:0xe63bd471c567cf31618908cee5aea25a62d6fdf99577838712da5a06c8119221:64,NVDA,v3,0xe63bd471c567cf31618908cee5aea25a62d6fdf99577838712da5a06c8119221,64,58968982,2026-09-10T00:18:07+00:00,2026-09-10,buy_stablecoin,-62782121,280853220864643978,0.280853220864643978,-62.782121,0,62.782121
4663:0x412869ec8897b6c83866bbcc99de26551e2e8b68718bb407d0f7afb87ef17b85:80,NVDA,v3,0x412869ec8897b6c83866bbcc99de26551e2e8b68718bb407d0f7afb87ef17b85,80,58968984,2026-09-10T00:18:07+00:00,2026-09-10,buy_stock,12214648,-54587095940773633,-0.054587095940773633,12.214648,0.054587095940773633,0
4663:0x83a5236090feb672487df39ef4a4b94281cc574ef83468aed6499a86333fff4c:64,NVDA,v3,0x83a5236090feb672487df39ef4a4b94281cc574ef83468aed6499a86333fff4c,64,58968990,2026-09-10T00:18:08+00:00,2026-09-10,buy_stablecoin,-132734118,593780772968380702,0.593780772968380702,-132.734118,0,132.734118
4663:0x882dd1e08bd4f87f735a78df747729eb40a3ef4f281bbe30fdefa9e9ae4a33c6:83,NVDA,v3,0x882dd1e08bd4f87f735a78df747729eb40a3ef4f281bbe30fdefa9e9ae4a33c6,83,58968990,2026-09-10T00:18:08+00:00,2026-09-10,buy_stablecoin,-127017529,568208117717614495,0.568208117717614495,-127.017529,0,127.017529
4663:0x74d20eea88f2d37cf06ad9bd26ed71fa1f88de7d5a8602754d1cc9e4d589360e:100,NVDA,v3,0x74d20eea88f2d37cf06ad9bd26ed71fa1f88de7d5a8602754d1cc9e4d589360e,100,58968990,2026-09-10T00:18:08+00:00,2026-09-10,buy_stablecoin,-119275976,533576819865256852,0.533576819865256852,-119.275976,0,119.275976
4663:0x449c59c26454a2712d027c362185894a2f9d4f463fca49d672888d51329d7558:118,NVDA,v3,0x449c59c26454a2712d027c362185894a2f9d4f463fca49d672888d51329d7558,118,58968990,2026-09-10T00:18:08+00:00,2026-09-10,buy_stablecoin,-119025531,532456703259345955,0.532456703259345955,-119.025531,0,119.025531
4663:0x951d90d98024b3184192194ae810db746d3618f6f83bb3d7a21729ee49a0b4f5:135,NVDA,v3,0x951d90d98024b3184192194ae810db746d3618f6f83bb3d7a21729ee49a0b4f5,135,58968990,2026-09-10T00:18:08+00:00,2026-09-10,buy_stablecoin,-111920471,500672676049127589,0.500672676049127589,-111.920471,0,111.920471
4663:0x1eee6a9b9407bfa876671f03d4796eeb2a6d2fd452efd7965276b1ec256d4fa8:63,NVDA,v3,0x1eee6a9b9407bfa876671f03d4796eeb2a6d2fd452efd7965276b1ec256d4fa8,63,58969000,2026-09-10T00:18:09+00:00,2026-09-10,buy_stablecoin,-154514894,691217824329700521,0.691217824329700521,-154.514894,0,154.514894
4663:0xee4afbfa2f8475b5600babacf3383d72b71d1dae9d184e4639afebeff0203723:32,NVDA,v3,0xee4afbfa2f8475b5600babacf3383d72b71d1dae9d184e4639afebeff0203723,32,58969023,2026-09-10T00:18:11+00:00,2026-09-10,buy_stock,12214619,-54587121377610175,-0.054587121377610175,12.214619,0.054587121377610175,0
4663:0x81d962738eb0e7a061cfd32c6cb51d57b1ace0e44971a7501f5cf15a664c6483:40,NVDA,v3,0x81d962738eb0e7a061cfd32c6cb51d57b1ace0e44971a7501f5cf15a664c6483,40,58969024,2026-09-10T00:18:12+00:00,2026-09-10,buy_stablecoin,-54071998,241889575777851987,0.241889575777851987,-54.071998,0,54.071998
4663:0xb32a873914d5e4636e41d432ab4c8a1db5d2733c4c466c7d4bfc39be57dc7ba3:6,NVDA,v3,0xb32a873914d5e4636e41d432ab4c8a1db5d2733c4c466c7d4bfc39be57dc7ba3,6,58969036,2026-09-10T00:18:13+00:00,2026-09-10,buy_stock,99000000,-442430933888676665,-0.442430933888676665,99,0.442430933888676665,0
4663:0xe3fa5e5d9f91a6cc4dcc38d1303cd706233913cdf09eadd8ebf76d64d806aae3:60,NVDA,v3,0xe3fa5e5d9f91a6cc4dcc38d1303cd706233913cdf09eadd8ebf76d64d806aae3,60,58969039,2026-09-10T00:18:13+00:00,2026-09-10,buy_stablecoin,-11012913,49265948189276796,0.049265948189276796,-11.012913,0,11.012913
4663:0xfb524eb0161f66d5d4276fd453b3e04e6f4aed7c472936978846a2cf92646d6f:52,NVDA,v3,0xfb524eb0161f66d5d4276fd453b3e04e6f4aed7c472936978846a2cf92646d6f,52,58969058,2026-09-10T00:18:15+00:00,2026-09-10,buy_stablecoin,-5513945,24666476858331931,0.024666476858331931,-5.513945,0,5.513945
4663:0x98f6a35cdfe553295e75c0133bb6f94d583b58ab2567a7b429cd8a0cbbab8f05:24,NVDA,v3,0x98f6a35cdfe553295e75c0133bb6f94d583b58ab2567a7b429cd8a0cbbab8f05,24,58969083,2026-09-10T00:18:17+00:00,2026-09-10,buy_stock,49478524,-221119439246078062,-0.221119439246078062,49.478524,0.221119439246078062,0
4663:0x7c39524a67c55da04036e06b82d0dd3dfa6adadd376d5c2532594b8dc5dd9919:8,NVDA,v3,0x7c39524a67c55da04036e06b82d0dd3dfa6adadd376d5c2532594b8dc5dd9919,8,58969089,2026-09-10T00:18:18+00:00,2026-09-10,buy_stock,122143862,-545860541661410709,-0.545860541661410709,122.143862,0.545860541661410709,0
4663:0x234d3b031b2b5ea0d4966063be89c594ccbac43dc4fbe0af568a7ffe60bad987:24,NVDA,v3,0x234d3b031b2b5ea0d4966063be89c594ccbac43dc4fbe0af568a7ffe60bad987,24,58969089,2026-09-10T00:18:18+00:00,2026-09-10,buy_stock,122143805,-545860035100132568,-0.545860035100132568,122.143805,0.545860035100132568,0
4663:0x031591976397bd2825e9c65ad1eecacad5f462d9e11b8cf0b043a0170de04805:66,NVDA,v3,0x031591976397bd2825e9c65ad1eecacad5f462d9e11b8cf0b043a0170de04805,66,58969089,2026-09-10T00:18:18+00:00,2026-09-10,buy_stablecoin,-115109786,514939847038971559,0.514939847038971559,-115.109786,0,115.109786
4663:0xf5d0698865865cccd242f898baaebd6a0e42f996deb3d6fe6f746bdc6daed2e5:84,NVDA,v3,0xf5d0698865865cccd242f898baaebd6a0e42f996deb3d6fe6f746bdc6daed2e5,84,58969089,2026-09-10T00:18:18+00:00,2026-09-10,buy_stablecoin,-109848389,491403369653258042,0.491403369653258042,-109.848389,0,109.848389
4663:0x39d277e392f6119a9461e1924f090bb88b630d310341f2657e95cd7823e03b88:101,NVDA,v3,0x39d277e392f6119a9461e1924f090bb88b630d310341f2657e95cd7823e03b88,101,58969089,2026-09-10T00:18:18+00:00,2026-09-10,buy_stablecoin,-105303970,471074244730730986,0.471074244730730986,-105.30397,0,105.30397
4663:0x8a202cff5f56a733adf4a0d8f6eb73c8124ac8d1148d7751dd23d35ca0adf152:10,NVDA,v3,0x8a202cff5f56a733adf4a0d8f6eb73c8124ac8d1148d7751dd23d35ca0adf152,10,58969093,2026-09-10T00:18:18+00:00,2026-09-10,buy_stablecoin,-101521377,454153099035634677,0.454153099035634677,-101.521377,0,101.521377
4663:0x21592945d4de7111c3084904bd6e2872253bbafef7879fec8924a8477c76a30b:45,NVDA,v3,0x21592945d4de7111c3084904bd6e2872253bbafef7879fec8924a8477c76a30b,45,58969136,2026-09-10T00:18:23+00:00,2026-09-10,buy_stablecoin,-459873875,2057235367032657629,2.057235367032657629,-459.873875,0,459.873875
4663:0xc5267eb1fa024894f92232635c8ba13f3ba710c06bab0dc65f6f6eb31f3635d6:17,NVDA,v3,0xc5267eb1fa024894f92232635c8ba13f3ba710c06bab0dc65f6f6eb31f3635d6,17,58969158,2026-09-10T00:18:25+00:00,2026-09-10,buy_stablecoin,-111280037,497809264758536862,0.497809264758536862,-111.280037,0,111.280037
4663:0x8776a42c7bfbb9fc8f0969f1f9b6ec4f989128b97f698912a0120f1a9f92ee46:17,NVDA,v3,0x8776a42c7bfbb9fc8f0969f1f9b6ec4f989128b97f698912a0120f1a9f92ee46,17,58969191,2026-09-10T00:18:28+00:00,2026-09-10,buy_stock,244272570,-1091656234480800579,-1.091656234480800579,244.27257,1.091656234480800579,0
4663:0x56af020fc73491c33b88710916f6213ee0005c99d60cf9e4cd36ab6e2b99aa60:11,NVDA,v3,0x56af020fc73491c33b88710916f6213ee0005c99d60cf9e4cd36ab6e2b99aa60,11,58969203,2026-09-10T00:18:30+00:00,2026-09-10,buy_stock,162847346,-727765643437674845,-0.727765643437674845,162.847346,0.727765643437674845,0
4663:0x4703afcf14f4e64f9a565f2fa5e9e63bce6acd8a55d9ca2499e0d0273415fe37:28,NVDA,v3,0x4703afcf14f4e64f9a565f2fa5e9e63bce6acd8a55d9ca2499e0d0273415fe37,28,58969203,2026-09-10T00:18:30+00:00,2026-09-10,buy_stock,162847245,-727764744433958207,-0.727764744433958207,162.847245,0.727764744433958207,0
4663:0x76eb3881acc4090ce1d3654091ab47e5a4b317ac2361fe2e2272f8dd3867a077:45,NVDA,v3,0x76eb3881acc4090ce1d3654091ab47e5a4b317ac2361fe2e2272f8dd3867a077,45,58969203,2026-09-10T00:18:30+00:00,2026-09-10,buy_stock,162847143,-727763840960253028,-0.727763840960253028,162.847143,0.727763840960253028,0
4663:0x426261237fec24d2176fa9a9f8c2ac4a1c14740b630bfa3097b3e900846ddae5:33,NVDA,v3,0x426261237fec24d2176fa9a9f8c2ac4a1c14740b630bfa3097b3e900846ddae5,33,58969207,2026-09-10T00:18:30+00:00,2026-09-10,buy_stablecoin,-11727406,52462209724674210,0.05246220972467421,-11.727406,0,11.727406
4663:0x5b408a81f450d70e0b7299b4d431a31407cb83645f2701ddb6761af2eb8b4108:10,NVDA,v3,0x5b408a81f450d70e0b7299b4d431a31407cb83645f2701ddb6761af2eb8b4108,10,58969208,2026-09-10T00:18:30+00:00,2026-09-10,buy_stablecoin,-96776558,432927198761619951,0.432927198761619951,-96.776558,0,96.776558
4663:0xc7cc8ce3660e8d29f67ba020f3118820b7c22981b18f63681b3b5ba2a6d75f23:10,NVDA,v3,0xc7cc8ce3660e8d29f67ba020f3118820b7c22981b18f63681b3b5ba2a6d75f23,10,58969209,2026-09-10T00:18:30+00:00,2026-09-10,buy_stock,49347598,-220534404736066904,-0.220534404736066904,49.347598,0.220534404736066904,0
4663:0x895610a06ba7946847dec23784fbf72cd0a6050f2d5171b81534e670e5e9d903:14,NVDA,v3,0x895610a06ba7946847dec23784fbf72cd0a6050f2d5171b81534e670e5e9d903,14,58969212,2026-09-10T00:18:31+00:00,2026-09-10,buy_stock,48331246,-215992287239883850,-0.21599228723988385,48.331246,0.21599228723988385,0
4663:0xb9fef294df50a22ea3543a5ec9eacebd5d67895d17238f19decd82b965b55512:104,NVDA,v3,0xb9fef294df50a22ea3543a5ec9eacebd5d67895d17238f19decd82b965b55512,104,58969213,2026-09-10T00:18:31+00:00,2026-09-10,buy_stock,61067639,-272911159049164746,-0.272911159049164746,61.067639,0.272911159049164746,0
4663:0xceb98226b70ce739ae02d50c7d0daa2972e518f2997277f4028ab9092c53792f:78,NVDA,v3,0xceb98226b70ce739ae02d50c7d0daa2972e518f2997277f4028ab9092c53792f,78,58969216,2026-09-10T00:18:31+00:00,2026-09-10,buy_stock,29312531,-130997618366057491,-0.130997618366057491,29.312531,0.130997618366057491,0
4663:0x86ea63591ade5aba20c1ebfb3210dd4db5ec864ed48be6324beab180f0acf877:12,NVDA,v3,0x86ea63591ade5aba20c1ebfb3210dd4db5ec864ed48be6324beab180f0acf877,12,58969227,2026-09-10T00:18:32+00:00,2026-09-10,buy_stock,73277060,-327474917164270586,-0.327474917164270586,73.27706,0.327474917164270586,0
4663:0x7682d80f018feef47da429d0024f20745580730eb7debd57900d5b77ae8ae958:29,NVDA,v3,0x7682d80f018feef47da429d0024f20745580730eb7debd57900d5b77ae8ae958,29,58969227,2026-09-10T00:18:32+00:00,2026-09-10,buy_stablecoin,-194365880,869489897683689230,0.86948989768368923,-194.36588,0,194.36588
4663:0x98c6a8fc7ec4a33090e810204c856cb8dad522f305c35c06c735e88796cf04a9:46,NVDA,v3,0x98c6a8fc7ec4a33090e810204c856cb8dad522f305c35c06c735e88796cf04a9,46,58969227,2026-09-10T00:18:32+00:00,2026-09-10,buy_stablecoin,-152194375,680837388676917782,0.680837388676917782,-152.194375,0,152.194375
4663:0x4507175751d548f010a3e34447853e256d688f1369ed99821166a97f800d9716:63,NVDA,v3,0x4507175751d548f010a3e34447853e256d688f1369ed99821166a97f800d9716,63,58969227,2026-09-10T00:18:32+00:00,2026-09-10,buy_stablecoin,-152465082,682048779769249956,0.682048779769249956,-152.465082,0,152.465082
4663:0x7ab9652d6251708abbf6e2e69f1c823dcd0ff1d854950ce4257ca6616db95726:110,NVDA,v3,0x7ab9652d6251708abbf6e2e69f1c823dcd0ff1d854950ce4257ca6616db95726,110,58969258,2026-09-10T00:18:35+00:00,2026-09-10,buy_stock,151483174,-676978750176180533,-0.676978750176180533,151.483174,0.676978750176180533,0
4663:0xa7410a2d40c78d13d325cf78b94bce2435a7acc6070b32ee2964a4def09fb238:126,NVDA,v3,0xa7410a2d40c78d13d325cf78b94bce2435a7acc6070b32ee2964a4def09fb238,126,58969258,2026-09-10T00:18:35+00:00,2026-09-10,buy_stock,151483087,-676977974035566050,-0.67697797403556605,151.483087,0.67697797403556605,0
4663:0x13f6bbf2cd0c2958454bbd2dd0bfe9e4640113f740989c69f978d5e9835dbfd8:142,NVDA,v3,0x13f6bbf2cd0c2958454bbd2dd0bfe9e4640113f740989c69f978d5e9835dbfd8,142,58969258,2026-09-10T00:18:35+00:00,2026-09-10,buy_stock,151482999,-676977193424718845,-0.676977193424718845,151.482999,0.676977193424718845,0
4663:0x613b087e83ca8ea25749b8d5d14475f15db2129de4800618f1d925c3f5bdb17e:158,NVDA,v3,0x613b087e83ca8ea25749b8d5d14475f15db2129de4800618f1d925c3f5bdb17e,158,58969258,2026-09-10T00:18:35+00:00,2026-09-10,buy_stock,151482912,-676976417286108392,-0.676976417286108392,151.482912,0.676976417286108392,0
4663:0x7fa5992f53afb7c27c9e3505029ce77d416dd4f1f32802fb5684976fc25ebfe6:8,NVDA,v3,0x7fa5992f53afb7c27c9e3505029ce77d416dd4f1f32802fb5684976fc25ebfe6,8,58969259,2026-09-10T00:18:35+00:00,2026-09-10,buy_stock,122129193,-545794504179592685,-0.545794504179592685,122.129193,0.545794504179592685,0
4663:0xebe8001fabb9aaa2f36d8335e0cf318b01d25c00b187d18b22b904b491c30a07:8,NVDA,v3,0xebe8001fabb9aaa2f36d8335e0cf318b01d25c00b187d18b22b904b491c30a07,8,58969285,2026-09-10T00:18:38+00:00,2026-09-10,buy_stock,293109539,-1309903443994793485,-1.309903443994793485,293.109539,1.309903443994793485,0
4663:0x7cc0ef1b7abd193ea51fc5d9960d6f39eabf3301da7006e6391d468b13c7bff4:54,NVDA,v3,0x7cc0ef1b7abd193ea51fc5d9960d6f39eabf3301da7006e6391d468b13c7bff4,54,58969286,2026-09-10T00:18:38+00:00,2026-09-10,buy_stablecoin,-5358586,23971419451617320,0.02397141945161732,-5.358586,0,5.358586
4663:0xdca2139cf6d265ea6a7b61615f702fcd57786f2f2abe1a0071f8335252511cf7:35,NVDA,v3,0xdca2139cf6d265ea6a7b61615f702fcd57786f2f2abe1a0071f8335252511cf7,35,58969313,2026-09-10T00:18:41+00:00,2026-09-10,buy_stock,244241165,-1091510109047024177,-1.091510109047024177,244.241165,1.091510109047024177,0
4663:0xbd84624edbfb23f3e3450e3edc5cf9b576f12d9ec2f461e36a1cca0f7002bdd4:16,NVDA,v3,0xbd84624edbfb23f3e3450e3edc5cf9b576f12d9ec2f461e36a1cca0f7002bdd4,16,58969315,2026-09-10T00:18:41+00:00,2026-09-10,buy_stablecoin,-1289948002,5770538800414695903,5.770538800414695903,-1289.948002,0,1289.948002
4663:0xc50bdbf37db57ee8086261953cfca0fd403d15abad28cef59350f50f578aa55e:71,NVDA,v3,0xc50bdbf37db57ee8086261953cfca0fd403d15abad28cef59350f50f578aa55e,71,58969315,2026-09-10T00:18:41+00:00,2026-09-10,buy_stablecoin,-69140027,309296372048979733,0.309296372048979733,-69.140027,0,69.140027
4663:0x3d780adda1f7ae41a9cc01b21a64f6f1afc3460a0199c28c2178c2f62e9d29eb:26,NVDA,v3,0x3d780adda1f7ae41a9cc01b21a64f6f1afc3460a0199c28c2178c2f62e9d29eb,26,58969318,2026-09-10T00:18:41+00:00,2026-09-10,buy_stock,24424227,-109152005905956588,-0.109152005905956588,24.424227,0.109152005905956588,0
4663:0xd9805499c8055489527fd9f24a165026788278cb9c5e0adde5d244eec3ea805d:47,NVDA,v3,0xd9805499c8055489527fd9f24a165026788278cb9c5e0adde5d244eec3ea805d,47,58969328,2026-09-10T00:18:42+00:00,2026-09-10,buy_stablecoin,-140151338,626964075659406941,0.626964075659406941,-140.151338,0,140.151338
4663:0x253f201994e93f174955f30d70d6a34dfb0084b1b0e8f84e61a0c3b6be7a3621:19,NVDA,v3,0x253f201994e93f174955f30d70d6a34dfb0084b1b0e8f84e61a0c3b6be7a3621,19,58969356,2026-09-10T00:18:45+00:00,2026-09-10,buy_stablecoin,-217595615,973410085678292205,0.973410085678292205,-217.595615,0,217.595615
4663:0xfb84569d5c27ed898e1299d574b0ce04e76aefd2aaee720b7fe2f273ed16d013:36,NVDA,v3,0xfb84569d5c27ed898e1299d574b0ce04e76aefd2aaee720b7fe2f273ed16d013,36,58969356,2026-09-10T00:18:45+00:00,2026-09-10,buy_stablecoin,-150843670,674796923612083730,0.67479692361208373,-150.84367,0,150.84367
4663:0x872997d397b6c2d74bdb5f118e71476950c1fc3445c66dcc0258e67fe9672fae:55,NVDA,v3,0x872997d397b6c2d74bdb5f118e71476950c1fc3445c66dcc0258e67fe9672fae,55,58969356,2026-09-10T00:18:45+00:00,2026-09-10,buy_stablecoin,-195931146,876495652713216393,0.876495652713216393,-195.931146,0,195.931146
4663:0xf316ebf244aa9c503ab0985e78140832f6a395ef45c685562c00f6b0c70c71af:72,NVDA,v3,0xf316ebf244aa9c503ab0985e78140832f6a395ef45c685562c00f6b0c70c71af,72,58969356,2026-09-10T00:18:45+00:00,2026-09-10,buy_stablecoin,-140876135,630208116393962240,0.63020811639396224,-140.876135,0,140.876135
4663:0x843f4986d254c9848dbb88fa02fd0029b5347d423fa045ec5af59063481064cc:13,NVDA,v3,0x843f4986d254c9848dbb88fa02fd0029b5347d423fa045ec5af59063481064cc,13,58969365,2026-09-10T00:18:46+00:00,2026-09-10,buy_stock,151462562,-676888987508249762,-0.676888987508249762,151.462562,0.676888987508249762,0
4663:0xde22aaa761bd0adcd7d1ffcad403fc947ee9abd79e866cc08c04927a89d1aced:29,NVDA,v3,0xde22aaa761bd0adcd7d1ffcad403fc947ee9abd79e866cc08c04927a89d1aced,29,58969365,2026-09-10T00:18:46+00:00,2026-09-10,buy_stock,151462475,-676888211469613638,-0.676888211469613638,151.462475,0.676888211469613638,0
4663:0x7a62e87f61fa37983cecbb298757ea48e95afd89694c2cfed9cbc686e270d568:83,NVDA,v3,0x7a62e87f61fa37983cecbb298757ea48e95afd89694c2cfed9cbc686e270d568,83,58969365,2026-09-10T00:18:46+00:00,2026-09-10,buy_stock,151462387,-676887430960729024,-0.676887430960729024,151.462387,0.676887430960729024,0
4663:0x495efa470277a46df3b45e386a9b42efa35dba2e463c0836fa47d1fe06f0ab86:99,NVDA,v3,0x495efa470277a46df3b45e386a9b42efa35dba2e463c0836fa47d1fe06f0ab86,99,58969365,2026-09-10T00:18:46+00:00,2026-09-10,buy_stock,151462299,-676886650452851316,-0.676886650452851316,151.462299,0.676886650452851316,0
4663:0x623c9bccfde3aef9e6c529de1897fc680fd8820bc89588a42249cb450767cfbc:153,NVDA,v3,0x623c9bccfde3aef9e6c529de1897fc680fd8820bc89588a42249cb450767cfbc,153,58969365,2026-09-10T00:18:46+00:00,2026-09-10,buy_stock,13141087,-58727639806082242,-0.058727639806082242,13.141087,0.058727639806082242,0
4663:0x74524b472eff015c350cbd5712e135a15972d27fdc99912c38c5589cefa44697:11,NVDA,v3,0x74524b472eff015c350cbd5712e135a15972d27fdc99912c38c5589cefa44697,11,58969383,2026-09-10T00:18:48+00:00,2026-09-10,buy_stablecoin,-136738076,611695439976895605,0.611695439976895605,-136.738076,0,136.738076
4663:0x0aa8e69ff63b4d049169fd9051e2dc038a178d4aa11a61cc5cd1441ccac641ff:37,NVDA,v3,0x0aa8e69ff63b4d049169fd9051e2dc038a178d4aa11a61cc5cd1441ccac641ff,37,58969386,2026-09-10T00:18:48+00:00,2026-09-10,buy_stablecoin,-329912425,1475858878521134058,1.475858878521134058,-329.912425,0,329.912425
4663:0x8ec85a9a35203c8acb65295587b1dbd1ba2dd1359a3b87bb83cea9d40ad22523:93,NVDA,v3,0x8ec85a9a35203c8acb65295587b1dbd1ba2dd1359a3b87bb83cea9d40ad22523,93,58969396,2026-09-10T00:18:49+00:00,2026-09-10,buy_stablecoin,-41679129,186451164764319085,0.186451164764319085,-41.679129,0,41.679129
4663:0x2b45d2bdb4647b8ab923feda53a2ab5c0c0b333609db19b59ab88ef6befa1070:17,NVDA,v3,0x2b45d2bdb4647b8ab923feda53a2ab5c0c0b333609db19b59ab88ef6befa1070,17,58969410,2026-09-10T00:18:51+00:00,2026-09-10,buy_stablecoin,-36613472,163790022909183597,0.163790022909183597,-36.613472,0,36.613472
4663:0x062e499d122a45ef82a1967e5c3f97d66969974fe33442c9d7238b42de2d0382:16,NVDA,v3,0x062e499d122a45ef82a1967e5c3f97d66969974fe33442c9d7238b42de2d0382,16,58969415,2026-09-10T00:18:51+00:00,2026-09-10,buy_stock,59877381,-267593093408056284,-0.267593093408056284,59.877381,0.267593093408056284,0
4663:0xefcfa2588184feb56cfe7e2f611416b2eb2c1286c3318a0423cd7bce5e3827fb:89,NVDA,v3,0xefcfa2588184feb56cfe7e2f611416b2eb2c1286c3318a0423cd7bce5e3827fb,89,58969415,2026-09-10T00:18:51+00:00,2026-09-10,buy_stock,59877317,-267592746759709627,-0.267592746759709627,59.877317,0.267592746759709627,0
4663:0xfd7605a461d4a5de720f7c31fd1f6e320c88b114478cbe38f25a9610df76df9d:105,NVDA,v3,0xfd7605a461d4a5de720f7c31fd1f6e320c88b114478cbe38f25a9610df76df9d,105,58969415,2026-09-10T00:18:51+00:00,2026-09-10,buy_stock,59877303,-267592623674133633,-0.267592623674133633,59.877303,0.267592623674133633,0
4663:0x973956e33c4950ac4986018f559dcd7a318bf681b3957894aef251c87bf488b7:121,NVDA,v3,0x973956e33c4950ac4986018f559dcd7a318bf681b3957894aef251c87bf488b7,121,58969415,2026-09-10T00:18:51+00:00,2026-09-10,buy_stock,59877290,-267592505059870709,-0.267592505059870709,59.87729,0.267592505059870709,0
4663:0x16d124ab0755e5c028ebf8688624da721173d2a17f166db1442b465431512938:13,NVDA,v3,0x16d124ab0755e5c028ebf8688624da721173d2a17f166db1442b465431512938,13,58969416,2026-09-10T00:18:51+00:00,2026-09-10,buy_stablecoin,-117158607,524107607467923051,0.524107607467923051,-117.158607,0,117.158607
4663:0x410d8700ac1bec892d6d9b99c539df13619ceaaee5b93c1ec6b23aed747491f4:24,NVDA,v3,0x410d8700ac1bec892d6d9b99c539df13619ceaaee5b93c1ec6b23aed747491f4,24,58969426,2026-09-10T00:18:52+00:00,2026-09-10,buy_stock,14652694,-65483125993719323,-0.065483125993719323,14.652694,0.065483125993719323,0
4663:0x16a5f09ca11b499c8e74b555e4d4a65e0491c24cb2d784ce575a53f299e6834f:12,NVDA,v3,0x16a5f09ca11b499c8e74b555e4d4a65e0491c24cb2d784ce575a53f299e6834f,12,58969431,2026-09-10T00:18:53+00:00,2026-09-10,buy_stock,122105636,-545691940831137032,-0.545691940831137032,122.105636,0.545691940831137032,0
4663:0xde528e90577702c15572b5396c6be6d258e00511b4e7ecdb730da00bdf14b4c6:28,NVDA,v3,0xde528e90577702c15572b5396c6be6d258e00511b4e7ecdb730da00bdf14b4c6,28,58969431,2026-09-10T00:18:53+00:00,2026-09-10,buy_stock,122105579,-545691434424793619,-0.545691434424793619,122.105579,0.545691434424793619,0
4663:0xa25cff2c08b9fafb64dee91500dfff141e13cc7d2f59cd5e476ab012d5a0efe0:8,NVDA,v3,0xa25cff2c08b9fafb64dee91500dfff141e13cc7d2f59cd5e476ab012d5a0efe0,8,58969440,2026-09-10T00:18:54+00:00,2026-09-10,buy_stock,146526252,-654827407614719091,-0.654827407614719091,146.526252,0.654827407614719091,0
4663:0x8330ebb354c3563740f26ff6093fdaf5688f918227d75ebbe25eee8a4143909d:40,NVDA,v3,0x8330ebb354c3563740f26ff6093fdaf5688f918227d75ebbe25eee8a4143909d,40,58969442,2026-09-10T00:18:54+00:00,2026-09-10,buy_stablecoin,-47775976,213724990798965938,0.213724990798965938,-47.775976,0,47.775976
4663:0x3f0084bddc06a861eadabc91e51d0e724ec0dee6827302ad712117786d253719:16,NVDA,v3,0x3f0084bddc06a861eadabc91e51d0e724ec0dee6827302ad712117786d253719,16,58969444,2026-09-10T00:18:54+00:00,2026-09-10,buy_stablecoin,-48204206,215640707660681654,0.215640707660681654,-48.204206,0,48.204206
4663:0x216cfc91be23b3771c858ff2767770704ea778db2010180bff2a7f6c1f0571f8:14,NVDA,v3,0x216cfc91be23b3771c858ff2767770704ea778db2010180bff2a7f6c1f0571f8,14,58969482,2026-09-10T00:18:58+00:00,2026-09-10,buy_stock,52443747,-234371671279241509,-0.234371671279241509,52.443747,0.234371671279241509,0
4663:0x7e596e93514b89fe2f56e7d6e70f37fc15fb607e0e47a8289996fe5ab64922f3:30,NVDA,v3,0x7e596e93514b89fe2f56e7d6e70f37fc15fb607e0e47a8289996fe5ab64922f3,30,58969482,2026-09-10T00:18:58+00:00,2026-09-10,buy_stock,69655304,-311290232699404514,-0.311290232699404514,69.655304,0.311290232699404514,0
4663:0xb50a285edad405bba2aaf8ab4914e2ca2677bdd35808624916e3a428ac622c40:46,NVDA,v3,0xb50a285edad405bba2aaf8ab4914e2ca2677bdd35808624916e3a428ac622c40,46,58969485,2026-09-10T00:18:58+00:00,2026-09-10,buy_stock,122098997,-545661411013865618,-0.545661411013865618,122.098997,0.545661411013865618,0
4663:0x6ba5a0ddfc22c22e7cfde1af82945e06829c5349bdc4620fe810f5f478f8a5ad:62,NVDA,v3,0x6ba5a0ddfc22c22e7cfde1af82945e06829c5349bdc4620fe810f5f478f8a5ad,62,58969485,2026-09-10T00:18:58+00:00,2026-09-10,buy_stock,122098940,-545660904635870937,-0.545660904635870937,122.09894,0.545660904635870937,0
4663:0xad5ca461371f796f684e0b8939d8feac48cf7f15504173b3d6cf520d08239b14:78,NVDA,v3,0xad5ca461371f796f684e0b8939d8feac48cf7f15504173b3d6cf520d08239b14,78,58969485,2026-09-10T00:18:58+00:00,2026-09-10,buy_stock,122098883,-545660398258402584,-0.545660398258402584,122.098883,0.545660398258402584,0
4663:0xf0a646b3e8996ce1004d0a211ff50e976f6883871628ba7718916282df6972d3:14,NVDA,v3,0xf0a646b3e8996ce1004d0a211ff50e976f6883871628ba7718916282df6972d3,14,58969491,2026-09-10T00:18:59+00:00,2026-09-10,buy_stablecoin,-143598417,642384158362532903,0.642384158362532903,-143.598417,0,143.598417
4663:0xae711815532eae95f620e11f3731d1d1e449383abee85bf6630993d25e03d2bf:68,NVDA,v3,0xae711815532eae95f620e11f3731d1d1e449383abee85bf6630993d25e03d2bf,68,58969501,2026-09-10T00:19:00+00:00,2026-09-10,buy_stablecoin,-96367602,431098406694957593,0.431098406694957593,-96.367602,0,96.367602
4663:0xa8f8aa38d0b31e1c2916afdd67c17fe82efabc36836b193a8befd12c802c6073:86,NVDA,v3,0xa8f8aa38d0b31e1c2916afdd67c17fe82efabc36836b193a8befd12c802c6073,86,58969501,2026-09-10T00:19:00+00:00,2026-09-10,buy_stablecoin,-88031243,393806020465470979,0.393806020465470979,-88.031243,0,88.031243
4663:0xd5d5665ed9fd3e8d9b0720ea9c7f7403023d8c60cc5faf24db2e74b8254a4c22:102,NVDA,v3,0xd5d5665ed9fd3e8d9b0720ea9c7f7403023d8c60cc5faf24db2e74b8254a4c22,102,58969501,2026-09-10T00:19:00+00:00,2026-09-10,buy_stablecoin,-80731752,361152007007811938,0.361152007007811938,-80.731752,0,80.731752
4663:0x3fa20ea9188607015c616e2667bd982dc0645e6253e02f49b37b2e5809ac5573:118,NVDA,v3,0x3fa20ea9188607015c616e2667bd982dc0645e6253e02f49b37b2e5809ac5573,118,58969501,2026-09-10T00:19:00+00:00,2026-09-10,buy_stablecoin,-74304021,332397769443065170,0.33239776944306517,-74.304021,0,74.304021
4663:0xbb7b78b914a5f60aafab09104d662b225e4b2933fe61824b61c8fdc8e4afea99:26,NVDA,v3,0xbb7b78b914a5f60aafab09104d662b225e4b2933fe61824b61c8fdc8e4afea99,26,58969504,2026-09-10T00:19:00+00:00,2026-09-10,buy_stablecoin,-196655093,879733647916434709,0.879733647916434709,-196.655093,0,196.655093
4663:0x329dbbf2e56163c737f0d4a1b90436aae7794b37b6fc3a1ebf2dba07085c9e82:22,NVDA,v3,0x329dbbf2e56163c737f0d4a1b90436aae7794b37b6fc3a1ebf2dba07085c9e82,22,58969508,2026-09-10T00:19:00+00:00,2026-09-10,buy_stablecoin,-15471764,69212736822391662,0.069212736822391662,-15.471764,0,15.471764
4663:0x66cf542048d89512b61e5f82ad1f1ccdf4db69e4d01181173f49c82eaeb9313a:13,NVDA,v3,0x66cf542048d89512b61e5f82ad1f1ccdf4db69e4d01181173f49c82eaeb9313a,13,58969511,2026-09-10T00:19:01+00:00,2026-09-10,buy_stablecoin,-44212648,197784727942980306,0.197784727942980306,-44.212648,0,44.212648
4663:0xf803f8e1250172601bb9b4c78df7e12616758ff63ff439ca4f0db424318de0d5:33,NVDA,v3,0xf803f8e1250172601bb9b4c78df7e12616758ff63ff439ca4f0db424318de0d5,33,58969511,2026-09-10T00:19:01+00:00,2026-09-10,buy_stablecoin,-43336751,193866449237432506,0.193866449237432506,-43.336751,0,43.336751
4663:0x6a4699a011cdba3dcf833cb3d1541e28b7550b425231432f4fe2d14a09fc0632:51,NVDA,v3,0x6a4699a011cdba3dcf833cb3d1541e28b7550b425231432f4fe2d14a09fc0632,51,58969511,2026-09-10T00:19:01+00:00,2026-09-10,buy_stablecoin,-42058665,188148974346378960,0.18814897434637896,-42.058665,0,42.058665
4663:0x198d48fd33ddce9ec3b6f7bc370f316d15d2c3fbbc92d93a28049cee8193615d:68,NVDA,v3,0x198d48fd33ddce9ec3b6f7bc370f316d15d2c3fbbc92d93a28049cee8193615d,68,58969511,2026-09-10T00:19:01+00:00,2026-09-10,buy_stablecoin,-41247665,184521003997911311,0.184521003997911311,-41.247665,0,41.247665
4663:0x7623ca24dbce6a211782dacb03fc771ec191d6d1648dca25c907e1cebd108f6a:93,NVDA,v3,0x7623ca24dbce6a211782dacb03fc771ec191d6d1648dca25c907e1cebd108f6a,93,58969511,2026-09-10T00:19:01+00:00,2026-09-10,buy_stablecoin,-41701321,186550460139618630,0.18655046013961863,-41.701321,0,41.701321
4663:0x141670a4e40154d1a2ee6e667ff68c4a62cb1f20fcf1eb504b4f11cdc1e7b7f6:13,NVDA,v3,0x141670a4e40154d1a2ee6e667ff68c4a62cb1f20fcf1eb504b4f11cdc1e7b7f6,13,58969513,2026-09-10T00:19:01+00:00,2026-09-10,buy_stock,24419,-109125423985213,-0.000109125423985213,0.024419,0.000109125423985213,0
4663:0x79b9f0b78ed18179e60714596ef12ebdfcd822dc73af9d33bab14565575ae0c0:13,NVDA,v3,0x79b9f0b78ed18179e60714596ef12ebdfcd822dc73af9d33bab14565575ae0c0,13,58969516,2026-09-10T00:19:01+00:00,2026-09-10,buy_stablecoin,-614171062,2747491720120714851,2.747491720120714851,-614.171062,0,614.171062
4663:0x3ba5027c8afb35e63244546ad8eaaeb4e579e42a1ba02484e51bada66b381a1d:30,NVDA,v3,0x3ba5027c8afb35e63244546ad8eaaeb4e579e42a1ba02484e51bada66b381a1d,30,58969516,2026-09-10T00:19:01+00:00,2026-09-10,buy_stablecoin,-601085631,2688960272048062597,2.688960272048062597,-601.085631,0,601.085631
4663:0xf3aefae8885a7a234b08268509d89016179337b3bd7d5b52fa37609ef46b2727:51,NVDA,v3,0xf3aefae8885a7a234b08268509d89016179337b3bd7d5b52fa37609ef46b2727,51,58969523,2026-09-10T00:19:02+00:00,2026-09-10,buy_stablecoin,-9983262,44660239853568175,0.044660239853568175,-9.983262,0,9.983262
4663:0x55d687a0b3550f0e33d88d51373c374b318c2d7fcde93189670cba9519b9a291:71,NVDA,v3,0x55d687a0b3550f0e33d88d51373c374b318c2d7fcde93189670cba9519b9a291,71,58969523,2026-09-10T00:19:02+00:00,2026-09-10,buy_stablecoin,-177759489,795209372044233984,0.795209372044233984,-177.759489,0,177.759489
4663:0xe12c622b277cf7ac20e471f78ca87e8e0c404f5c365a08a9de6adf8c2863a976:56,NVDA,v3,0xe12c622b277cf7ac20e471f78ca87e8e0c404f5c365a08a9de6adf8c2863a976,56,58969525,2026-09-10T00:19:02+00:00,2026-09-10,buy_stablecoin,-46496948,208004787514606944,0.208004787514606944,-46.496948,0,46.496948
4663:0x82c1a4be5a5fd1b6183f352c7e241c602c22384d51d27b8dff7208289a840f87:20,NVDA,v3,0x82c1a4be5a5fd1b6183f352c7e241c602c22384d51d27b8dff7208289a840f87,20,58969528,2026-09-10T00:19:02+00:00,2026-09-10,buy_stablecoin,-101187891,452665654476326199,0.452665654476326199,-101.187891,0,101.187891
4663:0x63e7e3b3aa1376af5c96d4622c11bb8d84e7f36e31c2ff9205ddaa16d97dd24b:72,NVDA,v3,0x63e7e3b3aa1376af5c96d4622c11bb8d84e7f36e31c2ff9205ddaa16d97dd24b,72,58969530,2026-09-10T00:19:03+00:00,2026-09-10,buy_stablecoin,-3037411,13587911963062883,0.013587911963062883,-3.037411,0,3.037411
4663:0xcd9b6979405b3f7401c30f95805df32131529c34700cae252822d4b595c2a1bc:8,NVDA,v3,0xcd9b6979405b3f7401c30f95805df32131529c34700cae252822d4b595c2a1bc,8,58969531,2026-09-10T00:19:03+00:00,2026-09-10,buy_stock,59871023,-267566236768125704,-0.267566236768125704,59.871023,0.267566236768125704,0
4663:0x06f8ae1d9b6acfb8f06d2bef7bbfe78757aa4398cdd3a25568b5a6de5f9e3b09:24,NVDA,v3,0x06f8ae1d9b6acfb8f06d2bef7bbfe78757aa4398cdd3a25568b5a6de5f9e3b09,24,58969531,2026-09-10T00:19:03+00:00,2026-09-10,buy_stock,59871009,-267566113694338263,-0.267566113694338263,59.871009,0.267566113694338263,0
4663:0x558b32b2f2fa84df8cc8916bf0ae08a687c921de8df7d0c9b1f95e6cc1fec5c3:40,NVDA,v3,0x558b32b2f2fa84df8cc8916bf0ae08a687c921de8df7d0c9b1f95e6cc1fec5c3,40,58969531,2026-09-10T00:19:03+00:00,2026-09-10,buy_stock,59870995,-267565990620613772,-0.267565990620613772,59.870995,0.267565990620613772,0
4663:0x53fce8051da4a3fc0f2f7cc7dfc21cd5d6253e4ee113b02be2786ebe909c1650:56,NVDA,v3,0x53fce8051da4a3fc0f2f7cc7dfc21cd5d6253e4ee113b02be2786ebe909c1650,56,58969531,2026-09-10T00:19:03+00:00,2026-09-10,buy_stock,59870981,-267565867546952229,-0.267565867546952229,59.870981,0.267565867546952229,0
4663:0x52a5a8e4a8316606373ff8fbf386daba2f8a4719fb9dc2b8461cf4e0a66a1dd7:10,NVDA,v3,0x52a5a8e4a8316606373ff8fbf386daba2f8a4719fb9dc2b8461cf4e0a66a1dd7,10,58969542,2026-09-10T00:19:04+00:00,2026-09-10,buy_stablecoin,-219916747,983800817881606621,0.983800817881606621,-219.916747,0,219.916747
4663:0x7eb9c2cf52d12ce7e7ec57a5c9d2b38d31acc3a3bb74e3e96be3fdd277b9e97b:31,NVDA,v3,0x7eb9c2cf52d12ce7e7ec57a5c9d2b38d31acc3a3bb74e3e96be3fdd277b9e97b,31,58969542,2026-09-10T00:19:04+00:00,2026-09-10,buy_stablecoin,-17901007,80080459413281236,0.080080459413281236,-17.901007,0,17.901007
4663:0xc38fb78f12b3aebd7681f2e58ed41eacb410ff8ae322b33932ed7b81021fa3da:23,NVDA,v3,0xc38fb78f12b3aebd7681f2e58ed41eacb410ff8ae322b33932ed7b81021fa3da,23,58969545,2026-09-10T00:19:04+00:00,2026-09-10,buy_stock,29303827,-130960100025976173,-0.130960100025976173,29.303827,0.130960100025976173,0
4663:0x14122c0cb9b835959ab0c12ef5d506868a03db8a61693ce0780a38496c197294:16,NVDA,v3,0x14122c0cb9b835959ab0c12ef5d506868a03db8a61693ce0780a38496c197294,16,58969550,2026-09-10T00:19:05+00:00,2026-09-10,buy_stablecoin,-43941037,196570968286316970,0.19657096828631697,-43.941037,0,43.941037
4663:0x6ce85292f9b114ca9db4289bd01076417faa0cea0f77956a428e2b4ff34ea665:11,NVDA,v3,0x6ce85292f9b114ca9db4289bd01076417faa0cea0f77956a428e2b4ff34ea665,11,58969552,2026-09-10T00:19:05+00:00,2026-09-10,buy_stablecoin,-74798932,334614357514141391,0.334614357514141391,-74.798932,0,74.798932
4663:0xe0bdc039d2d6a3c103b8e030f9e441352b11e3ee2bbf2a41671a2d1c82471b47:11,NVDA,v3,0xe0bdc039d2d6a3c103b8e030f9e441352b11e3ee2bbf2a41671a2d1c82471b47,11,58969554,2026-09-10T00:19:05+00:00,2026-09-10,buy_stablecoin,-76987597,344405487309069193,0.344405487309069193,-76.987597,0,76.987597
4663:0x229726b224c502eea120840858bd5ec6e262bd8d4e5238de9d2d1e0a79d1e477:86,NVDA,v3,0x229726b224c502eea120840858bd5ec6e262bd8d4e5238de9d2d1e0a79d1e477,86,58969566,2026-09-10T00:19:06+00:00,2026-09-10,buy_stock,30524173,-136413962079802460,-0.13641396207980246,30.524173,0.13641396207980246,0
4663:0x814e3e10bfee95ff2f83d631ebc1dc15e8930631efc69dbcfdbc48e525b9bf5d:102,NVDA,v3,0x814e3e10bfee95ff2f83d631ebc1dc15e8930631efc69dbcfdbc48e525b9bf5d,102,58969566,2026-09-10T00:19:06+00:00,2026-09-10,buy_stock,30524169,-136413928475229833,-0.136413928475229833,30.524169,0.136413928475229833,0
4663:0x6e036557b49eb756b262dfee7ab0ddaf7b50b8fc3a8fe0de6131a13b2c15389e:118,NVDA,v3,0x6e036557b49eb756b262dfee7ab0ddaf7b50b8fc3a8fe0de6131a13b2c15389e,118,58969566,2026-09-10T00:19:06+00:00,2026-09-10,buy_stock,30524166,-136413899341947537,-0.136413899341947537,30.524166,0.136413899341947537,0
4663:0x591e83845395737c3dd7dfa691198f039065fd845f716f600a5443009066ff83:134,NVDA,v3,0x591e83845395737c3dd7dfa691198f039065fd845f716f600a5443009066ff83,134,58969566,2026-09-10T00:19:06+00:00,2026-09-10,buy_stock,30524162,-136413865737391679,-0.136413865737391679,30.524162,0.136413865737391679,0
4663:0x6422764512d3fb916093b85f92fd71b4b85bd98abdd677214d4d859bf323ae16:150,NVDA,v3,0x6422764512d3fb916093b85f92fd71b4b85bd98abdd677214d4d859bf323ae16,150,58969566,2026-09-10T00:19:06+00:00,2026-09-10,buy_stock,30524159,-136413836604125122,-0.136413836604125122,30.524159,0.136413836604125122,0
4663:0xd6b4275cf8336a2e761ea55f8f7b990ce64e91c92b1d127acf156fa2cfc93ff8:166,NVDA,v3,0xd6b4275cf8336a2e761ea55f8f7b990ce64e91c92b1d127acf156fa2cfc93ff8,166,58969566,2026-09-10T00:19:06+00:00,2026-09-10,buy_stock,30524155,-136413802999586033,-0.136413802999586033,30.524155,0.136413802999586033,0
4663:0xf15f98edf417f14d9992fe78625d050f2519656711251791f48b93db53d133c3:182,NVDA,v3,0xf15f98edf417f14d9992fe78625d050f2519656711251791f48b93db53d133c3,182,58969566,2026-09-10T00:19:06+00:00,2026-09-10,buy_stock,30524151,-136413769395055845,-0.136413769395055845,30.524151,0.136413769395055845,0
4663:0x6017631ec61665caf079a260c8148c75e8ed20ef2b6cfd3187c775a420b2614d:198,NVDA,v3,0x6017631ec61665caf079a260c8148c75e8ed20ef2b6cfd3187c775a420b2614d,198,58969566,2026-09-10T00:19:06+00:00,2026-09-10,buy_stock,30524148,-136413740261813412,-0.136413740261813412,30.524148,0.136413740261813412,0
4663:0x97a1430bb6bec10910a22a31d22c3fd312c6699883c758358a34a2f8cd4b5044:214,NVDA,v3,0x97a1430bb6bec10910a22a31d22c3fd312c6699883c758358a34a2f8cd4b5044,214,58969566,2026-09-10T00:19:06+00:00,2026-09-10,buy_stock,30524144,-136413706657299992,-0.136413706657299992,30.524144,0.136413706657299992,0
4663:0x5665cb10fcc04185d3f8526df335e8b3f386fc26108017f20fc62ab9b6f1b3e9:230,NVDA,v3,0x5665cb10fcc04185d3f8526df335e8b3f386fc26108017f20fc62ab9b6f1b3e9,230,58969566,2026-09-10T00:19:06+00:00,2026-09-10,buy_stock,30524141,-136413677524073298,-0.136413677524073298,30.524141,0.136413677524073298,0
4663:0x27a6b5b8effcfa3a3f53f7fa1c4a3b1ee07ab8d235722dc59105651be7bb0faf:246,NVDA,v3,0x27a6b5b8effcfa3a3f53f7fa1c4a3b1ee07ab8d235722dc59105651be7bb0faf,246,58969566,2026-09-10T00:19:06+00:00,2026-09-10,buy_stock,30524137,-136413643919576649,-0.136413643919576649,30.524137,0.136413643919576649,0
4663:0xaafe431059d69ddf0d96f2769f86ae2c833a940e1af163978d92d1e604b9258a:262,NVDA,v3,0xaafe431059d69ddf0d96f2769f86ae2c833a940e1af163978d92d1e604b9258a,262,58969566,2026-09-10T00:19:06+00:00,2026-09-10,buy_stock,30524134,-136413614786365693,-0.136413614786365693,30.524134,0.136413614786365693,0
4663:0x6524cac4929798d9b5bbc00bae86b7927b6440c14e5dc63a39493e7ec6df39d0:278,NVDA,v3,0x6524cac4929798d9b5bbc00bae86b7927b6440c14e5dc63a39493e7ec6df39d0,278,58969566,2026-09-10T00:19:06+00:00,2026-09-10,buy_stock,30524130,-136413581181885813,-0.136413581181885813,30.52413,0.136413581181885813,0
4663:0x5cc48ebc3e04225afa4ef088bb5c2b9cbc4a7ddc975c02b605353bba883f5560:294,NVDA,v3,0x5cc48ebc3e04225afa4ef088bb5c2b9cbc4a7ddc975c02b605353bba883f5560,294,58969566,2026-09-10T00:19:06+00:00,2026-09-10,buy_stock,30524127,-136413552048690597,-0.136413552048690597,30.524127,0.136413552048690597,0
4663:0x8b72d2814fa8d74e98729eca9341950a5881bf5a01defbf103c6c8ca41e5de17:310,NVDA,v3,0x8b72d2814fa8d74e98729eca9341950a5881bf5a01defbf103c6c8ca41e5de17,310,58969566,2026-09-10T00:19:06+00:00,2026-09-10,buy_stock,30524123,-136413518444227486,-0.136413518444227486,30.524123,0.136413518444227486,0
4663:0xa5841f291bb685f83c80367e1e060fb1067f25084891d0706de2a3d8da7925cd:326,NVDA,v3,0xa5841f291bb685f83c80367e1e060fb1067f25084891d0706de2a3d8da7925cd,326,58969566,2026-09-10T00:19:06+00:00,2026-09-10,buy_stock,30524119,-136413484839773275,-0.136413484839773275,30.524119,0.136413484839773275,0
4663:0x9e708f4ee02dbc9aed81d7a7066918cd2950d3805cfdb3cbadc7cc61a1389962:342,NVDA,v3,0x9e708f4ee02dbc9aed81d7a7066918cd2950d3805cfdb3cbadc7cc61a1389962,342,58969566,2026-09-10T00:19:06+00:00,2026-09-10,buy_stock,30524116,-136413455706602183,-0.136413455706602183,30.524116,0.136413455706602183,0
4663:0x2015c511945562774db246828c5dd297d221bbd03d38f0e6514b5efc89ef609f:358,NVDA,v3,0x2015c511945562774db246828c5dd297d221bbd03d38f0e6514b5efc89ef609f,358,58969566,2026-09-10T00:19:06+00:00,2026-09-10,buy_stock,30524112,-136413422102164741,-0.136413422102164741,30.524112,0.136413422102164741,0
4663:0xf2f2c6ae02b01c2bdcb10cfd06e3ae56a676e768fe0fb7a4cb41f44e23d44fdb:374,NVDA,v3,0xf2f2c6ae02b01c2bdcb10cfd06e3ae56a676e768fe0fb7a4cb41f44e23d44fdb,374,58969566,2026-09-10T00:19:06+00:00,2026-09-10,buy_stock,30524109,-136413392969009388,-0.136413392969009388,30.524109,0.136413392969009388,0
4663:0x994b8c71e71bdf12092b7e0b661d121ed82735e8c304dfdf58c15a56bcd33072:390,NVDA,v3,0x994b8c71e71bdf12092b7e0b661d121ed82735e8c304dfdf58c15a56bcd33072,390,58969566,2026-09-10T00:19:06+00:00,2026-09-10,buy_stock,30524105,-136413359364588716,-0.136413359364588716,30.524105,0.136413359364588716,0
4663:0x7822f17b202ad446174c3f690c48c007f1e0157109ab14643e620e43fa475f57:40,NVDA,v3,0x7822f17b202ad446174c3f690c48c007f1e0157109ab14643e620e43fa475f57,40,58969567,2026-09-10T00:19:06+00:00,2026-09-10,buy_stock,246659309,-1102329072465522248,-1.102329072465522248,246.659309,1.102329072465522248,0
4663:0xc0f6e15abb2ad119902e57a617a1f999186b235e118d9fb4431885d1e6ab601b:12,NVDA,v3,0xc0f6e15abb2ad119902e57a617a1f999186b235e118d9fb4431885d1e6ab601b,12,58969600,2026-09-10T00:19:10+00:00,2026-09-10,buy_stock,244193763,-1091309451100415536,-1.091309451100415536,244.193763,1.091309451100415536,0
4663:0x3bc4eb3545d2a0e15dd9d518948eafbcb36f777463d59aa8bbcd2d8e8fc2dbe2:47,NVDA,v3,0x3bc4eb3545d2a0e15dd9d518948eafbcb36f777463d59aa8bbcd2d8e8fc2dbe2,47,58969606,2026-09-10T00:19:10+00:00,2026-09-10,buy_stablecoin,-19130804,85581678576963813,0.085581678576963813,-19.130804,0,19.130804
4663:0x20185c1babe23ff70ac4f2718a1ab99e8764a4482a8b2c3d352c8abe8e64331b:53,NVDA,v3,0x20185c1babe23ff70ac4f2718a1ab99e8764a4482a8b2c3d352c8abe8e64331b,53,58969608,2026-09-10T00:19:11+00:00,2026-09-10,buy_stablecoin,-6667,29826789291780,0.00002982678929178,-0.006667,0,0.006667
4663:0x3312910fbfb40b47b0d5198137e02b4956bdae21c9e7ea7ec37f1bbc359dbd2b:39,NVDA,v3,0x3312910fbfb40b47b0d5198137e02b4956bdae21c9e7ea7ec37f1bbc359dbd2b,39,58969614,2026-09-10T00:19:11+00:00,2026-09-10,buy_stock,104654707,-467704833440900709,-0.467704833440900709,104.654707,0.467704833440900709,0
4663:0x32c38188fdf4e3cce309fdd9f766bad39e010a19674fe2d0abd79ddf6f449292:57,NVDA,v3,0x32c38188fdf4e3cce309fdd9f766bad39e010a19674fe2d0abd79ddf6f449292,57,58969614,2026-09-10T00:19:11+00:00,2026-09-10,buy_stock,104654665,-467704460864043301,-0.467704460864043301,104.654665,0.467704460864043301,0
4663:0xf1c2e4552f36a90b6f92403784a76144b8008dc348a432098995a1973a663283:74,NVDA,v3,0xf1c2e4552f36a90b6f92403784a76144b8008dc348a432098995a1973a663283,74,58969614,2026-09-10T00:19:11+00:00,2026-09-10,buy_stock,104654623,-467704088287517985,-0.467704088287517985,104.654623,0.467704088287517985,0
4663:0x894067df4ce2e4dfe0a0610a4251f4d18f60f2e565d1fc2affe8ab7d176e6d16:91,NVDA,v3,0x894067df4ce2e4dfe0a0610a4251f4d18f60f2e565d1fc2affe8ab7d176e6d16,91,58969614,2026-09-10T00:19:11+00:00,2026-09-10,buy_stock,104654581,-467703715711324760,-0.46770371571132476,104.654581,0.46770371571132476,0
4663:0x1a2d1a0b29635238a95281b1a0294a1d35f67c17e5211562fda9ef3fac5ae6c2:108,NVDA,v3,0x1a2d1a0b29635238a95281b1a0294a1d35f67c17e5211562fda9ef3fac5ae6c2,108,58969614,2026-09-10T00:19:11+00:00,2026-09-10,buy_stock,104654539,-467703343135463626,-0.467703343135463626,104.654539,0.467703343135463626,0
4663:0xfa3754792d19d4e74a1d35f690032e08d699db5dac019eeb5b6cfce4948e302d:125,NVDA,v3,0xfa3754792d19d4e74a1d35f690032e08d699db5dac019eeb5b6cfce4948e302d,125,58969614,2026-09-10T00:19:11+00:00,2026-09-10,buy_stock,104654497,-467702970559934583,-0.467702970559934583,104.654497,0.467702970559934583,0
4663:0xa3060819f9a684c5cac2019be50688c970330e76d11f311fbad3ca030bf4c28a:142,NVDA,v3,0xa3060819f9a684c5cac2019be50688c970330e76d11f311fbad3ca030bf4c28a,142,58969614,2026-09-10T00:19:11+00:00,2026-09-10,buy_stock,104654455,-467702597984737629,-0.467702597984737629,104.654455,0.467702597984737629,0
4663:0x8de91e9d8b9a2b946b02649d2a3f4ff34c41e780ee180b129a85603f158cbccd:185,NVDA,v3,0x8de91e9d8b9a2b946b02649d2a3f4ff34c41e780ee180b129a85603f158cbccd,185,58969614,2026-09-10T00:19:11+00:00,2026-09-10,buy_stablecoin,-63662485,284793467977005284,0.284793467977005284,-63.662485,0,63.662485
4663:0x3ebe86948d60a2d9766d771731b7667eecaf0b4591660206732ecb5aed31098b:31,NVDA,v3,0x3ebe86948d60a2d9766d771731b7667eecaf0b4591660206732ecb5aed31098b,31,58969615,2026-09-10T00:19:11+00:00,2026-09-10,buy_stablecoin,-40327774,180405914371702275,0.180405914371702275,-40.327774,0,40.327774
4663:0x6378236c0847d735be267347ce4eeeb5313f26a4333cabf71d414b1186f2c184:30,NVDA,v3,0x6378236c0847d735be267347ce4eeeb5313f26a4333cabf71d414b1186f2c184,30,58969622,2026-09-10T00:19:12+00:00,2026-09-10,buy_stock,244194126,-1091307553051066038,-1.091307553051066038,244.194126,1.091307553051066038,0
4663:0x35d5c699696a39abc6ccb20305361ecc3cb647bd65bf54179fd8a66110d63036:125,NVDA,v3,0x35d5c699696a39abc6ccb20305361ecc3cb647bd65bf54179fd8a66110d63036,125,58969630,2026-09-10T00:19:13+00:00,2026-09-10,buy_stock,9897187,-44230668121902167,-0.044230668121902167,9.897187,0.044230668121902167,0
4663:0x8fa073ef5f2ec58bd25ef628ced6545be6efa041e99aba38be41b1f8ccae158a:32,NVDA,v3,0x8fa073ef5f2ec58bd25ef628ced6545be6efa041e99aba38be41b1f8ccae158a,32,58969633,2026-09-10T00:19:13+00:00,2026-09-10,buy_stock,24419645,-109131734119534355,-0.109131734119534355,24.419645,0.109131734119534355,0
4663:0x9b59fc592cfefba725180c9d000807d6d338ef7db9e521c2772b98901b1a9c68:26,NVDA,v3,0x9b59fc592cfefba725180c9d000807d6d338ef7db9e521c2772b98901b1a9c68,26,58969635,2026-09-10T00:19:13+00:00,2026-09-10,buy_stablecoin,-4833206,21621284425618261,0.021621284425618261,-4.833206,0,4.833206
4663:0x24eaa59f0bf84f2fded477c38af19c98af00ee65b1fdfcd5fa59d87bc2cd1916:49,NVDA,v3,0x24eaa59f0bf84f2fded477c38af19c98af00ee65b1fdfcd5fa59d87bc2cd1916,49,58969637,2026-09-10T00:19:14+00:00,2026-09-10,buy_stablecoin,-85202197,381150916532692648,0.381150916532692648,-85.202197,0,85.202197
4663:0xdd446e3a4ab2a189c36a9d4bc28e7967e571e927a2b33239e12d8827eb9d37ae:16,NVDA,v3,0xdd446e3a4ab2a189c36a9d4bc28e7967e571e927a2b33239e12d8827eb9d37ae,16,58969640,2026-09-10T00:19:14+00:00,2026-09-10,buy_stablecoin,-124701914,557852608110126801,0.557852608110126801,-124.701914,0,124.701914
4663:0xc87b02507589f2e5bc3837d2dcd2b7369b70312a63cc96a9ea4c6831b896d0e8:38,NVDA,v3,0xc87b02507589f2e5bc3837d2dcd2b7369b70312a63cc96a9ea4c6831b896d0e8,38,58969645,2026-09-10T00:19:14+00:00,2026-09-10,buy_stablecoin,-31633062,141510188680520289,0.141510188680520289,-31.633062,0,31.633062
4663:0x1aecff59d2e32926d62a139f93934f709551e5af5270055739f711abdde543ac:42,NVDA,v3,0x1aecff59d2e32926d62a139f93934f709551e5af5270055739f711abdde543ac,42,58969647,2026-09-10T00:19:15+00:00,2026-09-10,buy_stablecoin,-244015151,1091599916245513793,1.091599916245513793,-244.015151,0,244.015151
4663:0xaf3753adaac0f0879b53547caea71bd358583c1c23dc424fe3ae42cc157ab10e:25,NVDA,v3,0xaf3753adaac0f0879b53547caea71bd358583c1c23dc424fe3ae42cc157ab10e,25,58969650,2026-09-10T00:19:15+00:00,2026-09-10,buy_stock,6104982,-27283296597264033,-0.027283296597264033,6.104982,0.027283296597264033,0
4663:0xe1baa9377d4a2bac7d790d83126a62d9038547df320f12a24c765337b5bc1d09:34,NVDA,v3,0xe1baa9377d4a2bac7d790d83126a62d9038547df320f12a24c765337b5bc1d09,34,58969671,2026-09-10T00:19:17+00:00,2026-09-10,buy_stablecoin,-130484732,583722853256108406,0.583722853256108406,-130.484732,0,130.484732
4663:0x22320a2f1924da5547cbe2d6fe8ae8c988cd4a53c160f1b0a4c64eb510100afe:51,NVDA,v3,0x22320a2f1924da5547cbe2d6fe8ae8c988cd4a53c160f1b0a4c64eb510100afe,51,58969702,2026-09-10T00:19:20+00:00,2026-09-10,buy_stock,123331,-551167721918435,-0.000551167721918435,0.123331,0.000551167721918435,0
4663:0x1f7a7b262c751e5e2a10db922098d2a40e0a877e379f09d105a2f846478e66e7:7,NVDA,v3,0x1f7a7b262c751e5e2a10db922098d2a40e0a877e379f09d105a2f846478e66e7,7,58969703,2026-09-10T00:19:20+00:00,2026-09-10,buy_stock,49332559,-220468373794170582,-0.220468373794170582,49.332559,0.220468373794170582,0
4663:0xd27ae9a327fd9975ce39c94cb87bb8b15551a0f9b33837c8cf3999e402825fdc:41,NVDA,v3,0xd27ae9a327fd9975ce39c94cb87bb8b15551a0f9b33837c8cf3999e402825fdc,41,58969703,2026-09-10T00:19:20+00:00,2026-09-10,buy_stock,123331,-551167619013752,-0.000551167619013752,0.123331,0.000551167619013752,0
4663:0x0a7aacc41692600a01d3107b3c3e9165a42a2496ecb0e857d7a83d292f8b978e:51,NVDA,v3,0x0a7aacc41692600a01d3107b3c3e9165a42a2496ecb0e857d7a83d292f8b978e,51,58969706,2026-09-10T00:19:20+00:00,2026-09-10,buy_stablecoin,-485096527,2170079216323523664,2.170079216323523664,-485.096527,0,485.096527
4663:0xd5b77fa7e0442cb0d327c2a4601843236a276128e72b88f7b8233a38167a65fd:88,NVDA,v3,0xd5b77fa7e0442cb0d327c2a4601843236a276128e72b88f7b8233a38167a65fd,88,58969706,2026-09-10T00:19:20+00:00,2026-09-10,buy_stock,122098376,-545661359511322974,-0.545661359511322974,122.098376,0.545661359511322974,0
4663:0x4123d6c3df4c3e079a27ad108e4fae260b8555e4fe096a1000559473c82c0c6e:8,NVDA,v3,0x4123d6c3df4c3e079a27ad108e4fae260b8555e4fe096a1000559473c82c0c6e,8,58969712,2026-09-10T00:19:21+00:00,2026-09-10,buy_stock,122098318,-545660848661467989,-0.545660848661467989,122.098318,0.545660848661467989,0
4663:0x954b7c8c311f2b0f98eb9d019cf8fb5eba6c9ac502b7fb8c10b98dfd9aed6d0f:23,NVDA,v3,0x954b7c8c311f2b0f98eb9d019cf8fb5eba6c9ac502b7fb8c10b98dfd9aed6d0f,23,58969724,2026-09-10T00:19:22+00:00,2026-09-10,buy_stock,244196512,-1091320392809704631,-1.091320392809704631,244.196512,1.091320392809704631,0
4663:0xb6baf5beb8c9a913ba5669df54e9ed727bec8aa548ddeb469c1978720b2a3498:10,NVDA,v3,0xb6baf5beb8c9a913ba5669df54e9ed727bec8aa548ddeb469c1978720b2a3498,10,58969725,2026-09-10T00:19:22+00:00,2026-09-10,buy_stablecoin,-35356257,158166074815343994,0.158166074815343994,-35.356257,0,35.356257
4663:0x30dae3af35fcd4be17d3a9a9868b22892bbdb19e1dea35b4499e9bcb241bf5b9:27,NVDA,v3,0x30dae3af35fcd4be17d3a9a9868b22892bbdb19e1dea35b4499e9bcb241bf5b9,27,58969725,2026-09-10T00:19:22+00:00,2026-09-10,buy_stablecoin,-44778721,200317460297120007,0.200317460297120007,-44.778721,0,44.778721
4663:0x583e1358dee60fc4b4653a46efae9650f7cbf61fd85a59e905f14eb5e9b30a3f:44,NVDA,v3,0x583e1358dee60fc4b4653a46efae9650f7cbf61fd85a59e905f14eb5e9b30a3f,44,58969725,2026-09-10T00:19:22+00:00,2026-09-10,buy_stablecoin,-44423042,198726362356579951,0.198726362356579951,-44.423042,0,44.423042
4663:0x62c0541271b86dc55b6242211f3c18c6af5ed9167b78ff9b4991f9a09f2435c9:61,NVDA,v3,0x62c0541271b86dc55b6242211f3c18c6af5ed9167b78ff9b4991f9a09f2435c9,61,58969725,2026-09-10T00:19:22+00:00,2026-09-10,buy_stablecoin,-42979835,192270212009342402,0.192270212009342402,-42.979835,0,42.979835
4663:0xd882043514a328cd28f37cadd1738f3d1c479103b0e54944c722023444c4bcc4:78,NVDA,v3,0xd882043514a328cd28f37cadd1738f3d1c479103b0e54944c722023444c4bcc4,78,58969725,2026-09-10T00:19:22+00:00,2026-09-10,buy_stablecoin,-37655127,168450168410797856,0.168450168410797856,-37.655127,0,37.655127
4663:0x8e14b1177a2d9f7977a6dc57805d3186dd03bd2c0690af5dcf8b7ccd8ce8c490:14,NVDA,v3,0x8e14b1177a2d9f7977a6dc57805d3186dd03bd2c0690af5dcf8b7ccd8ce8c490,14,58969751,2026-09-10T00:19:25+00:00,2026-09-10,buy_stock,12209812,-54565974488385325,-0.054565974488385325,12.209812,0.054565974488385325,0
4663:0x44d86dfe9dc50312d10e1a59c08640834a953aaaad07e1b5fbae916d4e405c21:70,NVDA,v3,0x44d86dfe9dc50312d10e1a59c08640834a953aaaad07e1b5fbae916d4e405c21,70,58969760,2026-09-10T00:19:26+00:00,2026-09-10,buy_stablecoin,-226668172,1014000255994721469,1.014000255994721469,-226.668172,0,226.668172
4663:0x15a6b38c1b7d3c504448545a55b10c871ea1012cb15b5d27fcd2d1d8fbb69ce7:17,NVDA,v3,0x15a6b38c1b7d3c504448545a55b10c871ea1012cb15b5d27fcd2d1d8fbb69ce7,17,58969761,2026-09-10T00:19:26+00:00,2026-09-10,buy_stablecoin,-46207112,206707661800680936,0.206707661800680936,-46.207112,0,46.207112
4663:0x4566e2243ba802db5d8fb7a8c61d270b83e28ad6d0a66f5cef72bc239fba9647:98,NVDA,v3,0x4566e2243ba802db5d8fb7a8c61d270b83e28ad6d0a66f5cef72bc239fba9647,98,58969777,2026-09-10T00:19:28+00:00,2026-09-10,buy_stablecoin,-139961129,626116772064781842,0.626116772064781842,-139.961129,0,139.961129
4663:0x0c13a9d3e2f9933d0f0d0374f1f18f0105947ca03362da3ab42186d56b5ea5bf:115,NVDA,v3,0x0c13a9d3e2f9933d0f0d0374f1f18f0105947ca03362da3ab42186d56b5ea5bf,115,58969777,2026-09-10T00:19:28+00:00,2026-09-10,buy_stablecoin,-138579047,619934346656060943,0.619934346656060943,-138.579047,0,138.579047
4663:0xbc5a1cee7a8351576e45cee3d06a1157e50f0bf13ff1f458175739abb6089a50:132,NVDA,v3,0xbc5a1cee7a8351576e45cee3d06a1157e50f0bf13ff1f458175739abb6089a50,132,58969777,2026-09-10T00:19:28+00:00,2026-09-10,buy_stablecoin,-107885329,482626004701805205,0.482626004701805205,-107.885329,0,107.885329
4663:0xcae63de4041be3aa94c5f756a56f44b007324317b8cf20294a9a27d856ffac5d:148,NVDA,v3,0xcae63de4041be3aa94c5f756a56f44b007324317b8cf20294a9a27d856ffac5d,148,58969777,2026-09-10T00:19:28+00:00,2026-09-10,buy_stablecoin,-107621568,481446263797653590,0.48144626379765359,-107.621568,0,107.621568
4663:0x7202a4665823e85c86b7c8768a3b2514ddfa1aeef7451b4c8d01e67f9d4153a2:165,NVDA,v3,0x7202a4665823e85c86b7c8768a3b2514ddfa1aeef7451b4c8d01e67f9d4153a2,165,58969777,2026-09-10T00:19:28+00:00,2026-09-10,buy_stablecoin,-107358773,480270843287248714,0.480270843287248714,-107.358773,0,107.358773
4663:0x5a5537f62846bb1188b33f1ed96b397e5441548121b09df126b710ebd0ce8608:182,NVDA,v3,0x5a5537f62846bb1188b33f1ed96b397e5441548121b09df126b710ebd0ce8608,182,58969777,2026-09-10T00:19:28+00:00,2026-09-10,buy_stablecoin,-88907355,397728337546210777,0.397728337546210777,-88.907355,0,88.907355
4663:0xb82a6f3aab830df656a0bb625576cde5bf6b30151e79c1d2d076874bc1c337d5:199,NVDA,v3,0xb82a6f3aab830df656a0bb625576cde5bf6b30151e79c1d2d076874bc1c337d5,199,58969777,2026-09-10T00:19:28+00:00,2026-09-10,buy_stablecoin,-81499287,364588356760263467,0.364588356760263467,-81.499287,0,81.499287
4663:0xac1171d2e4efc342a6bf3b2c0c62db41d89be074af4e360505c21790b3d7ae21:42,NVDA,v3,0xac1171d2e4efc342a6bf3b2c0c62db41d89be074af4e360505c21790b3d7ae21,42,58969783,2026-09-10T00:19:28+00:00,2026-09-10,buy_stock,305242101,-1364139637290244807,-1.364139637290244807,305.242101,1.364139637290244807,0
4663:0xe62cf486da9dbb0dfe2ea09623ac3fdae8fb993d2b620fb411e18959de312f72:91,NVDA,v3,0xe62cf486da9dbb0dfe2ea09623ac3fdae8fb993d2b620fb411e18959de312f72,91,58969783,2026-09-10T00:19:28+00:00,2026-09-10,buy_stock,305241745,-1364136478045309409,-1.364136478045309409,305.241745,1.364136478045309409,0
4663:0x230db87d11c655836b9d0e7692bb75bd341f927c51fc3c785ef80d13de6e7051:107,NVDA,v3,0x230db87d11c655836b9d0e7692bb75bd341f927c51fc3c785ef80d13de6e7051,107,58969783,2026-09-10T00:19:28+00:00,2026-09-10,buy_stock,305241389,-1364133314337314068,-1.364133314337314068,305.241389,1.364133314337314068,0
4663:0x9f5a396494f626bc8b86fe2b3cb5006d9a2aa8b6920194984097f59c6de391d7:63,NVDA,v3,0x9f5a396494f626bc8b86fe2b3cb5006d9a2aa8b6920194984097f59c6de391d7,63,58969814,2026-09-10T00:19:31+00:00,2026-09-10,buy_stablecoin,-83253,372436038819266,0.000372436038819266,-0.083253,0,0.083253
4663:0xc275d7b1d1b42fb15aac7852b61f8bcd2a01ee75636435117dc75c1cfbcf78c6:80,NVDA,v3,0xc275d7b1d1b42fb15aac7852b61f8bcd2a01ee75636435117dc75c1cfbcf78c6,80,58969814,2026-09-10T00:19:31+00:00,2026-09-10,buy_stablecoin,-83249,372416795511161,0.000372416795511161,-0.083249,0,0.083249
4663:0xec5703c21bc4e7378420103e7b8914765332919937e6070b613a82898c984f69:12,NVDA,v3,0xec5703c21bc4e7378420103e7b8914765332919937e6070b613a82898c984f69,12,58969816,2026-09-10T00:19:32+00:00,2026-09-10,buy_stablecoin,-86812153,388354327644630335,0.388354327644630335,-86.812153,0,86.812153
4663:0xe904fb31bac35adb7d63d28328dcbe8ea3f270337cf64e2dae1bbd60f6c69132:16,NVDA,v3,0xe904fb31bac35adb7d63d28328dcbe8ea3f270337cf64e2dae1bbd60f6c69132,16,58969828,2026-09-10T00:19:33+00:00,2026-09-10,buy_stablecoin,-5048247,22583349377144675,0.022583349377144675,-5.048247,0,5.048247
4663:0x740669db4d40f14d002ee3908d7daaca6c1acb6af099d4fd6b1dbfcc8c5f3aac:31,NVDA,v3,0x740669db4d40f14d002ee3908d7daaca6c1acb6af099d4fd6b1dbfcc8c5f3aac,31,58969837,2026-09-10T00:19:34+00:00,2026-09-10,buy_stock,488386716,-2182612997198005839,-2.182612997198005839,488.386716,2.182612997198005839,0
4663:0xa96c8f290b3840919cdd1b23b5cc48b124bf3b1e69f81f4bd1e7268654594ea0:62,NVDA,v3,0xa96c8f290b3840919cdd1b23b5cc48b124bf3b1e69f81f4bd1e7268654594ea0,62,58969869,2026-09-10T00:19:37+00:00,2026-09-10,buy_stablecoin,-5657885,25310520679185622,0.025310520679185622,-5.657885,0,5.657885
4663:0x5272f2229aa38e39f19e4459aeeffd8a775500394ed15ba0e16781fc592c1da6:10,NVDA,v3,0x5272f2229aa38e39f19e4459aeeffd8a775500394ed15ba0e16781fc592c1da6,10,58969879,2026-09-10T00:19:38+00:00,2026-09-10,buy_stablecoin,-32214784,144112670930509445,0.144112670930509445,-32.214784,0,32.214784
4663:0xb96801efac681f26b895624ea38def4d996d54e5cbdb9231b6efecb2afad5d01:16,NVDA,v3,0xb96801efac681f26b895624ea38def4d996d54e5cbdb9231b6efecb2afad5d01,16,58969893,2026-09-10T00:19:39+00:00,2026-09-10,buy_stablecoin,-39847005,178255394519412536,0.178255394519412536,-39.847005,0,39.847005
4663:0x5f31a329c8eb54aad24a78f2205dc704192a15c28007a9e3d54896072b2cb3a1:58,NVDA,v3,0x5f31a329c8eb54aad24a78f2205dc704192a15c28007a9e3d54896072b2cb3a1,58,58969893,2026-09-10T00:19:39+00:00,2026-09-10,buy_stablecoin,-39913414,178552503165722661,0.178552503165722661,-39.913414,0,39.913414
4663:0x8aeb4add5501ef9c4a2d7d106ef292b429595726f6971dce4f351b11aa8f41de:11,NVDA,v3,0x8aeb4add5501ef9c4a2d7d106ef292b429595726f6971dce4f351b11aa8f41de,11,58969894,2026-09-10T00:19:40+00:00,2026-09-10,buy_stablecoin,-75505878,337775322081035917,0.337775322081035917,-75.505878,0,75.505878
4663:0xb2a619c32215d21e8075ba9ebe4b673669fcc4a3bc8861fb3b50978b0cf5b0d2:26,NVDA,v3,0xb2a619c32215d21e8075ba9ebe4b673669fcc4a3bc8861fb3b50978b0cf5b0d2,26,58969896,2026-09-10T00:19:40+00:00,2026-09-10,buy_stablecoin,-37084658,165898145823439852,0.165898145823439852,-37.084658,0,37.084658
4663:0x432d56fe27ef8d4b3f1d5288070b29703123dcaad2f283c1e79adb626ac7864e:20,NVDA,v3,0x432d56fe27ef8d4b3f1d5288070b29703123dcaad2f283c1e79adb626ac7864e,20,58969897,2026-09-10T00:19:40+00:00,2026-09-10,buy_stock,244190220,-1091291912167310859,-1.091291912167310859,244.19022,1.091291912167310859,0
4663:0xabee8d982b027ec8f01184c1bd4ceb5deaad253703a41267761e0cf656f0b79f:46,NVDA,v3,0xabee8d982b027ec8f01184c1bd4ceb5deaad253703a41267761e0cf656f0b79f,46,58969901,2026-09-10T00:19:40+00:00,2026-09-10,buy_stablecoin,-63154098,282519523151238761,0.282519523151238761,-63.154098,0,63.154098
4663:0x72c5dedd94f455156e41ab6f95ecdfbee4b6bbfd8bb25f10445875e8eef75ad1:65,NVDA,v3,0x72c5dedd94f455156e41ab6f95ecdfbee4b6bbfd8bb25f10445875e8eef75ad1,65,58969901,2026-09-10T00:19:40+00:00,2026-09-10,buy_stablecoin,-55654221,248968918472273475,0.248968918472273475,-55.654221,0,55.654221
4663:0xa326cbbfb1d2e6e05946d1d134572d2872e3f2ea80d778ad3d9cb07f65b36bea:82,NVDA,v3,0xa326cbbfb1d2e6e05946d1d134572d2872e3f2ea80d778ad3d9cb07f65b36bea,82,58969901,2026-09-10T00:19:40+00:00,2026-09-10,buy_stablecoin,-58919151,263574629210151537,0.263574629210151537,-58.919151,0,58.919151
4663:0x82d708c5a7e373b9dc76ffa8adda81a22cb8d59f2d0040a7c7e0f82b390d5159:99,NVDA,v3,0x82d708c5a7e373b9dc76ffa8adda81a22cb8d59f2d0040a7c7e0f82b390d5159,99,58969901,2026-09-10T00:19:40+00:00,2026-09-10,buy_stablecoin,-55896941,250054837781084994,0.250054837781084994,-55.896941,0,55.896941
4663:0x8ad79d2b54cff209a15f4bbccfbeaaf6f168657f41fe3374e5fc546ac1a44c05:54,NVDA,v3,0x8ad79d2b54cff209a15f4bbccfbeaaf6f168657f41fe3374e5fc546ac1a44c05,54,58969912,2026-09-10T00:19:41+00:00,2026-09-10,buy_stablecoin,-1233060727,5516107679519123197,5.516107679519123197,-1233.060727,0,1233.060727
4663:0xb7ad3bcd3836b3f4f36166859bfed4dd40bdf8dac81cf3ee3cbf646e7250136d:19,NVDA,v3,0xb7ad3bcd3836b3f4f36166859bfed4dd40bdf8dac81cf3ee3cbf646e7250136d,19,58969916,2026-09-10T00:19:42+00:00,2026-09-10,buy_stablecoin,-114938627,514180241200179587,0.514180241200179587,-114.938627,0,114.938627
4663:0x104c31604ed35e0d13181fee1533b916389a03272c3ea102be3c9e14075cf251:154,NVDA,v3,0x104c31604ed35e0d13181fee1533b916389a03272c3ea102be3c9e14075cf251,154,58969950,2026-09-10T00:19:45+00:00,2026-09-10,buy_stablecoin,-14705988,65787547858607578,0.065787547858607578,-14.705988,0,14.705988
4663:0xac2e07168933c8889ac55164cef0ffcc6a85334e5805597503a06ede5c9e8c39:8,NVDA,v3,0xac2e07168933c8889ac55164cef0ffcc6a85334e5805597503a06ede5c9e8c39,8,58969953,2026-09-10T00:19:46+00:00,2026-09-10,buy_stock,24416037,-109116449770976112,-0.109116449770976112,24.416037,0.109116449770976112,0
4663:0xa4c32255c7efbf9852c773a07b469d8aaabdae677de62a94efdb269d628f62b5:17,NVDA,v3,0xa4c32255c7efbf9852c773a07b469d8aaabdae677de62a94efdb269d628f62b5,17,58969959,2026-09-10T00:19:46+00:00,2026-09-10,buy_stock,244161310,-1091168187779438324,-1.091168187779438324,244.16131,1.091168187779438324,0
4663:0xe21bb7d3119a1a82f6a2de6a7a77e09f7fd7c5c9d33606317c29246927e6d169:12,NVDA,v3,0xe21bb7d3119a1a82f6a2de6a7a77e09f7fd7c5c9d33606317c29246927e6d169,12,58969965,2026-09-10T00:19:47+00:00,2026-09-10,buy_stablecoin,-105423433,471613573592248573,0.471613573592248573,-105.423433,0,105.423433
4663:0x7d86053424efb696760e78511b5c3be48f3f5eb58571d458cc3cdb7b47236028:39,NVDA,v3,0x7d86053424efb696760e78511b5c3be48f3f5eb58571d458cc3cdb7b47236028,39,58969965,2026-09-10T00:19:47+00:00,2026-09-10,buy_stablecoin,-98383002,440118253077888730,0.44011825307788873,-98.383002,0,98.383002
4663:0x11d1992e2c42116ec948dc882461d97138b0caee1dab930d3d5abba20f376f1c:58,NVDA,v3,0x11d1992e2c42116ec948dc882461d97138b0caee1dab930d3d5abba20f376f1c,58,58969965,2026-09-10T00:19:47+00:00,2026-09-10,buy_stablecoin,-91978340,411467019392264648,0.411467019392264648,-91.97834,0,91.97834
4663:0x7bb3a714fe8896027abdf754fc501f470faa2707dae02af4703396fb4634eafd:79,NVDA,v3,0x7bb3a714fe8896027abdf754fc501f470faa2707dae02af4703396fb4634eafd,79,58969965,2026-09-10T00:19:47+00:00,2026-09-10,buy_stablecoin,-90748103,405963669853025074,0.405963669853025074,-90.748103,0,90.748103
4663:0x414284dfb63f1290122ce3d9b1d8782144e08bbbb4b8f6b276aca01dbbf393ed:142,NVDA,v3,0x414284dfb63f1290122ce3d9b1d8782144e08bbbb4b8f6b276aca01dbbf393ed,142,58969972,2026-09-10T00:19:47+00:00,2026-09-10,buy_stablecoin,-87511969,391486882793112794,0.391486882793112794,-87.511969,0,87.511969
4663:0x6204d615b2bd6f506433bc60afc7fcdd17926f90b3ca80254eb21ad8e750f711:11,NVDA,v3,0x6204d615b2bd6f506433bc60afc7fcdd17926f90b3ca80254eb21ad8e750f711,11,58969980,2026-09-10T00:19:48+00:00,2026-09-10,buy_stablecoin,-122291059,547072189136145097,0.547072189136145097,-122.291059,0,122.291059
4663:0x50f0785c7fa8ee5c7451bc31513aeb5c291ad18529fe9b8879738ef646148f44:29,NVDA,v3,0x50f0785c7fa8ee5c7451bc31513aeb5c291ad18529fe9b8879738ef646148f44,29,58969980,2026-09-10T00:19:48+00:00,2026-09-10,buy_stablecoin,-118984029,532278351272601013,0.532278351272601013,-118.984029,0,118.984029
4663:0x13bf48fbeddd5cd65b6c5a34063eac5ed93b6589d49e25d9d7287b27ae9fff63:8,NVDA,v3,0x13bf48fbeddd5cd65b6c5a34063eac5ed93b6589d49e25d9d7287b27ae9fff63,8,58969988,2026-09-10T00:19:49+00:00,2026-09-10,buy_stock,87898541,-392823457774405251,-0.392823457774405251,87.898541,0.392823457774405251,0
4663:0x9cdeba5cdf03de5dab467e995a306bf5545f315bf49a8608a52d00645ea9fa85:81,NVDA,v3,0x9cdeba5cdf03de5dab467e995a306bf5545f315bf49a8608a52d00645ea9fa85,81,58969998,2026-09-10T00:19:50+00:00,2026-09-10,buy_stock,14649750,-65470533068915757,-0.065470533068915757,14.64975,0.065470533068915757,0
4663:0xf6f59de42a785fed119409ce95aad518f3a802ebe5e2a00e1560605ffd30b508:64,NVDA,v3,0xf6f59de42a785fed119409ce95aad518f3a802ebe5e2a00e1560605ffd30b508,64,58970002,2026-09-10T00:19:50+00:00,2026-09-10,buy_stock,36626859,-163687416807417251,-0.163687416807417251,36.626859,0.163687416807417251,0
4663:0x2d85b5190e36e7473dbcdddfdde9ed6a83950beee35c3eaf7817ec1589fa54dc:68,NVDA,v3,0x2d85b5190e36e7473dbcdddfdde9ed6a83950beee35c3eaf7817ec1589fa54dc,68,58970005,2026-09-10T00:19:51+00:00,2026-09-10,buy_stablecoin,-7271028,32527139077910316,0.032527139077910316,-7.271028,0,7.271028
4663:0x7f896700df99f6715eb6564475f0dc4162091d87e540f29bb6bff6fb4c58521b:87,NVDA,v3,0x7f896700df99f6715eb6564475f0dc4162091d87e540f29bb6bff6fb4c58521b,87,58970009,2026-09-10T00:19:51+00:00,2026-09-10,buy_stock,36624444,-163676604977533928,-0.163676604977533928,36.624444,0.163676604977533928,0
4663:0x18c961d788537db091cf9660ef55ebc7944cb115e37ab0a99cf1316da6f75be3:11,NVDA,v3,0x18c961d788537db091cf9660ef55ebc7944cb115e37ab0a99cf1316da6f75be3,11,58970019,2026-09-10T00:19:52+00:00,2026-09-10,buy_stablecoin,-74310866,332431628067802757,0.332431628067802757,-74.310866,0,74.310866
4663:0x7499ae7c4fe094f0da668d3b03ce83fff0e1a57df01c4a61c415150194bc053e:136,NVDA,v3,0x7499ae7c4fe094f0da668d3b03ce83fff0e1a57df01c4a61c415150194bc053e,136,58970027,2026-09-10T00:19:53+00:00,2026-09-10,buy_stablecoin,-28621538,128039236680765178,0.128039236680765178,-28.621538,0,28.621538
4663:0x47b285f280efb7777864e20242ed27996bba6d38490ea499a5f6b806188a7a33:11,NVDA,v3,0x47b285f280efb7777864e20242ed27996bba6d38490ea499a5f6b806188a7a33,11,58970029,2026-09-10T00:19:53+00:00,2026-09-10,buy_stablecoin,-199358883,891837798598323056,0.891837798598323056,-199.358883,0,199.358883
4663:0xa789ef5900d291b5dbc344210cce56075d168e70b6ad3b30b1bcf678ee69a7fd:14,NVDA,v3,0xa789ef5900d291b5dbc344210cce56075d168e70b6ad3b30b1bcf678ee69a7fd,14,58970035,2026-09-10T00:19:54+00:00,2026-09-10,buy_stablecoin,-19085172,85378114026702909,0.085378114026702909,-19.085172,0,19.085172
4663:0x179a9862f55b2abfef0657d5cad1fef8a70a8a2f7b6879e6066ba11d089449b9:31,NVDA,v3,0x179a9862f55b2abfef0657d5cad1fef8a70a8a2f7b6879e6066ba11d089449b9,31,58970035,2026-09-10T00:19:54+00:00,2026-09-10,buy_stablecoin,-18418882,82397450492069665,0.082397450492069665,-18.418882,0,18.418882
4663:0x4cb7c40d8f695de4a88277f910263ee35465c368e6f2c54cb3422cc60000874b:21,NVDA,v3,0x4cb7c40d8f695de4a88277f910263ee35465c368e6f2c54cb3422cc60000874b,21,58970036,2026-09-10T00:19:54+00:00,2026-09-10,buy_stablecoin,-122347991,547327728091459865,0.547327728091459865,-122.347991,0,122.347991
4663:0xa3a1039683adcc630f9d55e0010bb9966a12698c93f3e2d2e8444c65d6d9ff15:20,NVDA,v3,0xa3a1039683adcc630f9d55e0010bb9966a12698c93f3e2d2e8444c65d6d9ff15,20,58970039,2026-09-10T00:19:54+00:00,2026-09-10,buy_stablecoin,-190675105,852991805983659752,0.852991805983659752,-190.675105,0,190.675105
4663:0xd1679a68d0d3159d3c49bfe9475f450c9c672467ded5d242ada6f24076fe70c2:73,NVDA,v3,0xd1679a68d0d3159d3c49bfe9475f450c9c672467ded5d242ada6f24076fe70c2,73,58970039,2026-09-10T00:19:54+00:00,2026-09-10,buy_stablecoin,-47360074,211867058478448839,0.211867058478448839,-47.360074,0,47.360074
4663:0xd59312742c0928b0ecb313add0096d25f26ba504c0bae32d7abc6853fa708d94:56,NVDA,v3,0xd59312742c0928b0ecb313add0096d25f26ba504c0bae32d7abc6853fa708d94,56,58970047,2026-09-10T00:19:55+00:00,2026-09-10,buy_stablecoin,-48413758,216580791565233435,0.216580791565233435,-48.413758,0,48.413758
4663:0x55b81aa344a227789fc4021a123f83ed57dce2ef42fee7e2e2505a3a68ae8234:69,NVDA,v3,0x55b81aa344a227789fc4021a123f83ed57dce2ef42fee7e2e2505a3a68ae8234,69,58970051,2026-09-10T00:19:55+00:00,2026-09-10,buy_stablecoin,-18232963,81565865150537974,0.081565865150537974,-18.232963,0,18.232963
4663:0x249832974246c7c0f451384bc5d5bfe0a2aec6dafc243d03f641376ccd30d71d:40,NVDA,v3,0x249832974246c7c0f451384bc5d5bfe0a2aec6dafc243d03f641376ccd30d71d,40,58970055,2026-09-10T00:19:56+00:00,2026-09-10,buy_stock,29299442,-130941142575593958,-0.130941142575593958,29.299442,0.130941142575593958,0
4663:0x20a19f4fdedc2144ea5d7d96ec8c648b36d92a9630621e2e89e28414f95b0184:9,NVDA,v3,0x20a19f4fdedc2144ea5d7d96ec8c648b36d92a9630621e2e89e28414f95b0184,9,58970059,2026-09-10T00:19:56+00:00,2026-09-10,buy_stock,48832491,-218235595934226148,-0.218235595934226148,48.832491,0.218235595934226148,0
4663:0xf292181b3e7ad867947af28d215fd375f9bd507f27c4b2874e264ef285899406:34,NVDA,v3,0xf292181b3e7ad867947af28d215fd375f9bd507f27c4b2874e264ef285899406,34,58970060,2026-09-10T00:19:56+00:00,2026-09-10,buy_stock,122081142,-545588438232234046,-0.545588438232234046,122.081142,0.545588438232234046,0
4663:0xacaf684a18153fbcb0996208be2c3b05ed11c5644d89febb2cebb2cec3cc272e:16,NVDA,v3,0xacaf684a18153fbcb0996208be2c3b05ed11c5644d89febb2cebb2cec3cc272e,16,58970078,2026-09-10T00:19:58+00:00,2026-09-10,buy_stablecoin,-8416733,37652556897232204,0.037652556897232204,-8.416733,0,8.416733
4663:0x3817de6f7c6b286d07d52a8629a41a4f69d7625f5a47f0db985f57345930bb66:8,NVDA,v3,0x3817de6f7c6b286d07d52a8629a41a4f69d7625f5a47f0db985f57345930bb66,8,58970109,2026-09-10T00:20:01+00:00,2026-09-10,buy_stock,244155343,-1091145139437148942,-1.091145139437148942,244.155343,1.091145139437148942,0
4663:0x3a7a68609aac4aace0becf68a3cde4197f3b21a92d3a20022d4ec7bf7d2cf353:8,NVDA,v3,0x3a7a68609aac4aace0becf68a3cde4197f3b21a92d3a20022d4ec7bf7d2cf353,8,58970116,2026-09-10T00:20:02+00:00,2026-09-10,buy_stock,12207773,-54557256281239463,-0.054557256281239463,12.207773,0.054557256281239463,0
4663:0xa5da482843d9bc5f604f9ce34bf1ec19235f60f9293e88e7829a63f6e49dd993:161,NVDA,v3,0xa5da482843d9bc5f604f9ce34bf1ec19235f60f9293e88e7829a63f6e49dd993,161,58970137,2026-09-10T00:20:04+00:00,2026-09-10,buy_stablecoin,-15921873,71227002664441592,0.071227002664441592,-15.921873,0,15.921873
4663:0xa269d70f49712c46fecdadc9e169d6703251612be11fcb0530d8693b838479d0:9,NVDA,v3,0xa269d70f49712c46fecdadc9e169d6703251612be11fcb0530d8693b838479d0,9,58970148,2026-09-10T00:20:05+00:00,2026-09-10,buy_stock,122052721,-545460692901567813,-0.545460692901567813,122.052721,0.545460692901567813,0
